participant_id,group,age,D_SE_lin,D_C_lin,D_G_lin,D_D_lin,NAI_lin,D_SE_quad,D_C_quad,D_G_quad,D_D_quad,NAI_quad
sub-10003,TD,12.9,1.9601456390256684,2.608172469392,2.4953327456906402,4.00909187412185,2.7681856820575397,1.8564232729215486,2.421416633576036,2.368537746537618,3.898760704652565,2.6362845894219418
sub-10025,TD,8.3,0.811554843883732,0.5318371409642053,0.7538901393210049,2.737731489566264,1.2087534034338017,0.7834591915937432,0.5752483680083913,0.755958201208683,2.961268052122924,1.2689834532334354
sub-10036,TD,11.0,1.1077376654544875,1.6426504387061056,1.7203700540609193,3.2492105478398496,1.9299921765153405,0.9839103259546065,1.8560314137537732,1.8976448532978456,3.3056699361831745,2.01081413229735
sub-10124,TD,12.0,1.7888104906650808,3.048278449963911,3.1317176290388216,4.547370497178915,3.1290442667116816,1.839887086173988,3.032598733935294,3.111340094047657,4.550421113797913,3.133561756988713
sub-10129,TD,12.7,2.953291092099823,2.0157539359387124,2.0777058116847407,3.068765798182361,2.5288791594764093,2.929223269835337,1.9956099221616301,2.0104375795537934,3.0289232251579397,2.491048499177175
sub-10170,TD,8.3,0.8848978061560672,1.8111678691232878,1.943238390181015,3.4076224695575315,2.0117316337544757,0.9132262408788876,1.7222672704461521,1.8627006403639375,3.6184262447991573,2.0291550991220335
sub-10177,TD,8.1,0.6359903496059103,1.2915550445937174,1.2921727181811677,2.491754578493175,1.4278681727184925,0.5690373772736758,1.2932593707427393,1.309345495409694,2.5345335666607167,1.4265439525217065
sub-10182,TD,10.6,1.2565063091956876,2.7141445229522976,2.611532439559042,3.879516202012446,2.6154248684298684,1.395033621299576,2.6397875428891804,2.589002282458917,3.6830357624901664,2.57671480228446
sub-10212,TD,9.5,1.7063121688894256,3.2189333962819955,2.7174689788007824,5.377360938500158,3.2550188706180903,1.625444903219663,3.1368823378406177,2.6402500847214214,5.25707007844345,3.1649118510562877
sub-10213,TD,8.2,1.4134929974060666,1.3224188609711034,1.4710602728022415,3.799862877752038,2.0017087522328625,1.3585429036986079,1.219987950007728,1.379012254606395,3.7093710275064753,1.9167285339548015
sub-10214,TD,12.6,2.0821244550433873,2.2327361495660867,2.352563426474582,2.868795602974472,2.384054908514632,2.0168273527199334,2.2195499935565457,2.3402785863908204,2.8222984657454715,2.3497385996031923
sub-10258,TD,12.7,2.622662286799137,3.034186072417768,3.10750376283485,3.8417430941552526,3.1515238040517515,2.7474814563284076,3.0378692127463327,3.1150629161444208,3.781187918967305,3.1704003760466164
sub-10260,TD,8.3,0.8966153791223778,1.2476331431872658,1.3110471923427547,2.726848533812645,1.5455360621162608,0.9610963026039722,1.2457817288792756,1.300308372353851,2.6294553260233884,1.534160432465122
sub-10310,TD,11.8,1.6157630706768635,2.226864695198224,2.497940246727699,3.567690684708558,2.4770646743278357,1.7086632664740107,2.3446341176433068,2.5834506412213933,3.6263093504971984,2.5657643439589775
sub-10314,TD,9.0,2.1763974185450428,1.2960250938939775,1.242579341513818,2.2341951571550482,1.7372992527769715,2.235075459695151,1.241799363526686,1.1823797432096241,2.266554936945027,1.731452375844122
sub-10354,TD,12.5,0.9217979307345365,1.794840045934725,1.8647502247061531,3.0598145022870127,1.910300675915607,0.9582845026798957,1.8236445551970015,1.8943336653148224,3.326196026864584,2.0006146875140756
sub-10400,TD,12.6,0.888103801561714,1.509416341027771,1.5402979092978424,3.000662779015548,1.734620207725719,0.9963538089782973,1.4069720737370068,1.4351493350114726,2.9748180655705916,1.7033233208243421
sub-10434,TD,8.7,0.7420698351852578,1.1428611591772075,1.3937277951602969,2.800189139245957,1.5197119821921798,0.746174961275991,1.1478552942109288,1.3990185500277528,2.825796448166316,1.5297113134202471
sub-10520,TD,11.0,2.409820398974303,2.5578621149352605,2.699166423035011,3.431017750486662,2.7744666718578093,2.5351180544782874,2.5086677200668994,2.7062466138843035,3.279152521147517,2.757296227394252
sub-10593,TD,9.4,1.9569360873530486,1.509456027254423,1.5093080794382403,2.653829730095732,1.907382481035361,1.8511222457898355,1.5918907969443994,1.6135733445985607,3.077798056176703,2.0335961108773746
sub-10741,TD,11.7,1.1334494055160476,2.0904083231812995,2.089793765572648,3.5660594697682493,2.2199277410095615,1.089832032563958,2.091273936759935,2.0604072241449134,3.846503922552964,2.2720042790054427
sub-10747,TD,9.2,1.0643495580135554,2.2002934655175284,2.448272082544477,2.9419850831488246,2.1637250473060963,1.0358674155059366,2.3009299078199934,2.562209010709152,3.1624443558379562,2.2653626724682594
sub-10752,TD,11.9,1.4615804953640257,1.3645188879638224,1.510889813929086,3.4655120234794916,1.9506253051841063,1.4497601280146004,1.4554622332886131,1.6239302275660734,3.4516652277879696,1.995204454164314
sub-10764,TD,12.9,0.5135434176811126,1.221217572993863,1.600521020519721,3.3358493636915343,1.6677828437215576,0.48717772806794946,1.2936442086996949,1.5000565147750928,3.1237486711653233,1.601156780677015
sub-10769,TD,12.0,2.3840205333124715,2.925356388471488,3.7805259753960514,4.269416526591396,3.3398298559428516,2.3714730831339432,2.904392210285806,3.7639086300323634,4.267743741142621,3.3268794161486834
sub-10787,TD,12.9,1.2815046402757286,1.6329485545570919,1.8121837540875287,3.3846426634331217,2.0278199030883677,1.1691783759382872,1.7242818753664952,1.8080585764755805,3.1452328206330438,1.961687912103352
sub-10788,TD,8.6,0.9391810723907345,0.6954111438127818,0.8401044865758227,2.8228945847182114,1.3243978218743875,0.9303984254092231,0.6866504691962548,0.8275058909301333,2.8786268866711913,1.3307954180517005
sub-10790,TD,11.1,1.6045483454061598,1.448862935391586,2.7375026495514323,4.47515439929299,2.5665170824105417,1.771652812355716,1.314815096274495,2.5046308867973264,4.280174978179434,2.467818443401743
sub-10809,TD,11.6,2.5044342961495136,1.8795157896191046,2.1090124768576453,3.707163206579694,2.5500314423014894,2.4311154332065534,1.8183888152122112,2.048998877585399,3.684950360439923,2.495863371611022
sub-10825,TD,8.5,1.2733303714426394,1.823822600687864,2.3181819728050863,3.5429391601859863,2.239568526280394,1.2788442954776023,1.8573418488697968,2.384490802672399,3.552165725228337,2.268210668062034
sub-10842,TD,8.2,0.7396472376425806,1.9241905764811096,2.0314419533522123,3.2339827158072447,1.9823156208207868,0.6076998097521992,1.835763814099918,1.9553787239922797,3.1562757768908716,1.8887795311838171
sub-10846,TD,8.3,0.6206522920375825,2.3857948465353496,2.7150873313253725,2.768273172123454,2.12245191050544,0.6654479297999246,2.5289942537424057,2.8511227370919086,2.908233286790796,2.2384495518562586
sub-10862,TD,12.6,1.0105107502074713,0.9907811866112283,1.1659849674733396,2.262000427380976,1.3573193329182538,1.001023166764584,1.1030088464460146,1.1991372729412881,2.301989998076735,1.4012898210571554
sub-10876,TD,11.5,2.1212680371999046,2.457323817358156,2.6847647162943225,4.024965786698207,2.8220805893876477,2.090856405055556,2.4898729973230784,2.7167316707276443,4.225327518950661,2.880697148014235
sub-10883,TD,10.7,1.9861950521318172,2.583346928492701,2.368471291444906,4.173512863496469,2.777881533891473,1.8377926680164536,2.536418824577169,2.4211141311736473,3.9485817698928445,2.6859768484150286
sub-10918,TD,12.4,1.2613980009008505,1.9440807264137743,2.234428346566211,3.2483279543596524,2.172058757060122,1.2991530472856387,1.9782018751815236,2.26158983802347,3.2607460527905534,2.199922703320296
sub-10959,TD,8.0,0.5296789568294591,1.8842243360354791,1.906216446535031,2.105980374504658,1.6065250284761567,0.4316387667835994,1.8676820275563517,1.886279893474606,2.234807123511192,1.6051019528314372
sub-10970,TD,9.0,1.9723230365328206,2.6400116242900853,2.962714438516134,3.045764062881028,2.655203290555017,1.9178566916943598,2.634994092440063,2.9606889196118145,3.0307205056612725,2.6360650523518774
sub-10990,TD,10.1,1.502878349154798,1.5180181504710728,1.835036801262814,3.890754370964363,2.186671917963262,1.649037785878743,1.476990009257575,1.8989644353458695,3.8637132565338206,2.222176371754002
sub-11025,ASD,9.3,3.7124409505061604,2.865522999076851,3.45421024796731,5.78802035541643,3.955048638241688,3.6728190112422143,2.9708252450895207,3.5049209406389084,5.990748421138501,4.034828404527286
sub-11038,ASD,10.7,0.5235679753763618,0.8411305129866052,1.0464750067688797,2.293177667500713,1.17608779065814,0.6506662637423879,0.9000394758647762,1.174369505039508,2.474321885849312,1.299849282623996
sub-11049,ASD,11.9,1.8287700561464262,2.691506082854536,2.979771083587488,5.1961902034397855,3.174059356507059,1.7828666219578673,2.6657870549046243,2.9418107709336994,5.388817471297433,3.194820479773406
sub-11053,ASD,9.3,1.5312295296180536,1.6927280638550215,1.7277210573852666,4.867077472371491,2.454689030807458,1.4309975399320463,1.8115133898658824,1.8350810308703,5.460266426267417,2.6344645967339115
sub-11055,ASD,9.9,1.6042166446389154,1.4149379929456323,1.501623283636454,3.816706271944757,2.0843710482914397,1.59459631971901,1.5854543673692263,1.6534040482164594,4.256855304950135,2.272577510063708
sub-11057,ASD,9.7,0.7275798570835693,1.9169673725506475,2.207361805370662,4.444355273974876,2.3240660772449386,0.779644472996936,1.8007171539200426,2.120995837144675,5.379585967795997,2.520235857964413
sub-11062,ASD,12.9,1.1072027889341867,2.4771557196413223,2.585694799528065,3.665204979840068,2.4588145719859105,1.1357080736940501,2.444063371586562,2.606770028721932,3.903572815452211,2.5225285723636888
sub-11074,ASD,10.7,1.775175523400282,1.4779552379677854,1.552982729652612,4.522957815051113,2.332267826517948,1.6569547687320407,1.4803596002762651,1.5464418086837317,4.6239200375028435,2.3269190537987203
sub-11078,ASD,10.5,2.095737331750998,3.1168294936910534,3.8276153685783303,6.742052690829654,3.945558721212509,1.9629758274762001,3.093485920875093,3.7275701470869147,6.710818703633795,3.8737126497680006
sub-11152,ASD,8.1,0.9158080723479292,1.2580850024024326,1.189951882872826,2.608273375591681,1.4930295833037173,1.0052941286496933,1.1851221850571407,1.2181967350131555,2.351289399221228,1.4399756119853042
sub-11161,ASD,11.0,2.236419779889346,4.004777823134707,5.086253746437501,6.3319660884638695,4.414854359481356,2.1789148823788436,4.2186698675565175,5.216546931811754,6.423563336135654,4.509423754470692
sub-11181,ASD,8.5,2.153866916697735,1.4369690594240379,1.604035345750748,4.182333863388484,2.344301296315251,2.2066717356937025,1.4145850127725552,1.5898191837698354,4.202475378910423,2.353387827786629
sub-11204,ASD,11.3,0.8063192861743469,1.7563324782106706,2.26923577769017,3.7521667804007177,2.1460135806189764,0.7339824449669139,1.6166393655623994,2.2342082025741545,3.873954047461394,2.1146960151412153
sub-11215,ASD,11.4,2.6862232529359527,2.268745142141394,2.216719611219273,3.123013563544125,2.573675392460186,2.6996794194427287,2.5230454305260195,2.456405182226063,3.0977632619456816,2.694223323535123
sub-11227,ASD,10.8,1.747455801173051,3.4358083132435397,3.841335443751077,4.910457832408532,3.4837643476440503,1.9112853549429072,3.733683529373175,4.034501341007814,5.1777570520912395,3.714306819353784
sub-11229,ASD,11.2,1.013843492597536,1.5248803085222864,1.9150420640740058,3.2238849350578844,1.9194127000629282,0.9050855889679473,1.560084058610144,2.012248948592123,3.852120759701222,2.082384838967859
sub-11235,ASD,11.3,1.7973200492131376,1.5484816411129405,1.6270789898802498,2.629720876486996,1.900650389173331,1.6797408578885364,1.625697972615403,1.72602653045192,3.215753320107328,2.061804670265797
sub-11242,ASD,12.7,1.131119207065434,1.4475366001825702,1.8796089673503968,4.8094683302089996,2.3169332762018504,1.2187314379696508,1.3050820178993607,1.751954102867682,4.775277056410269,2.262761153786741
sub-11243,ASD,8.6,1.898240553057126,3.216934918489237,3.288324308023523,5.9386159279452695,3.585528926878789,1.8982775383369097,3.2209253626057937,3.296200737301224,5.987471559960326,3.600718799551063
sub-11244,ASD,12.0,3.4197121034189033,2.538255838539617,2.1818286004173335,15.490764547047236,5.907640272355772,3.4050625218725306,2.5113219172040617,2.16373609989316,16.71633653912748,6.199114269524308
sub-11256,ASD,12.4,0.4901773210119508,1.7932502037165752,2.115916499633035,3.3601201309404596,1.9398660388255051,0.47862647564694966,1.8478972010206758,2.151788422784373,3.46302771482345,1.985334953568862
sub-11265,ASD,12.1,2.775985698504548,2.261692655560815,2.3416859316279366,5.420804558139948,3.200042210958312,2.7706373790471335,2.2563812824444014,2.3369013811921784,5.493185093673673,3.2142762840893466
sub-11274,ASD,11.3,2.5736135842297827,2.192781245864761,2.4107582375885808,6.4998028126829785,3.419238970091526,2.5784718913724816,2.4158006139505113,2.606124188532464,6.499166879363393,3.5248908933047125
sub-11321,ASD,10.4,1.1926709935460802,1.1373740755334745,1.2143534625944161,3.546557347446839,1.7727389697802023,1.3140042440229283,1.2184751975406443,1.3730634620447153,3.547830316404134,1.8633433050031054
sub-11323,ASD,10.0,1.958156980741622,3.465548253181919,4.013708765453633,4.632736166409937,3.517537541446778,1.9212031643404246,3.2608350544772495,3.8395859334695333,5.7217012917004375,3.685831360996911
sub-11325,ASD,14.5,1.761894522391029,2.8047581900732905,3.008100025042156,4.100012049375388,2.9186911967204656,2.75624299419081,3.575358638373365,3.7881174519057788,7.446080698894334,4.391449945841072
sub-11335,ASD,10.7,4.95347553151838,3.0536545567514404,3.357534578135395,8.226356019936029,4.897755171585311,4.861801264399152,2.932666696515457,3.23588810497559,8.179084027914515,4.802360023451179
sub-11386,ASD,12.4,1.4139522634706856,1.3384187082965449,1.3789893477543638,3.42114702815117,1.888126836918191,1.3948008006215873,1.325584199252747,1.360092122117067,3.5159430455314147,1.8991050418807043
sub-11391,ASD,12.8,2.8679593942942425,2.5573584401721594,2.5611263314653745,5.57320128935148,3.389911363820814,3.0459743862502173,2.6901273094893994,2.6509428833952073,5.727100843490845,3.528536355656417
sub-11405,ASD,9.0,2.3343067154874046,1.8509426179506168,2.08825077863907,4.9756453672301335,2.812286369826806,2.3490227368199674,1.9072063953987748,2.1670287204783922,5.049006353631605,2.8680660515821845
sub-11423,ASD,10.6,1.5000516336392045,1.660859465681116,1.8420280971209033,2.9008870950252086,1.975956572866608,1.6987087798775613,1.8946531497331938,2.146431414403558,3.1783201581264935,2.2295283755352013
sub-11453,ASD,10.1,1.6915457404684298,2.543144027955132,3.337971535123536,5.4225444799243965,3.2488014458678736,1.6616718586241186,2.604593631844532,3.3665308418463327,5.395136011048595,3.2569830858408944
sub-11497,ASD,10.7,1.2939691215872446,0.9105962856148435,1.2956952217047968,5.498025528926694,2.249571539458395,1.2464296991533799,0.6361026040605468,1.2712953881742857,5.385852277745747,2.13491999228349
sub-11510,ASD,11.8,1.6371545962789513,1.2779216691582234,1.5176397690386318,5.128580082776489,2.390324029313074,1.6108765560333818,1.2169640654841516,1.506806824918336,5.123508014447289,2.3645388652207897
sub-11535,ASD,9.3,2.1005682583700453,1.2155219741149161,1.3390327292300597,2.212258583887655,1.716845386400669,2.058435665640719,1.1776667856963665,1.3002643638167333,2.390001078870458,1.731591973506069
sub-11547,ASD,13.0,1.9260081831954152,2.2613822680416322,2.39059584478923,4.009919711767828,2.6469765019485263,2.18007833625492,2.3113733294175267,2.478555466808897,3.831659800346915,2.7004167332070645
sub-11548,ASD,12.4,1.4012256634429425,2.184781109765039,2.4293909904743565,4.471652133707003,2.621762474347335,1.415028700301528,2.2326123999590286,2.4680235645686137,4.532066320406067,2.6619327463088096
sub-11551,ASD,11.7,0.8562162966996409,1.9703260330818955,2.0654306828290077,4.417195508797842,2.327292130352096,0.8712227149259413,1.9616375699246107,2.074694389149448,4.999729921084495,2.4768211487711236
sub-11562,ASD,12.0,4.292745819347142,4.309780186911654,4.295380047178825,8.806573982700037,5.426120009034414,4.277392836411509,4.300083580313168,4.281988312679228,9.084438590632274,5.485975830009044
sub-11576,ASD,10.8,2.530006719882789,5.89925891133697,6.939123731227617,8.628374088248526,5.999190862673975,2.518716423929061,5.981880348834111,7.0691266640543065,8.600636601716594,6.0425900096335186
sub-11593,ASD,9.5,2.5004646428537303,1.6757547334357266,1.8779918867488343,4.919756337571636,2.743491900152482,2.442770436679179,1.7877990868348936,2.0086851731591566,5.266540166480112,2.876448715788335
sub-11601,ASD,12.9,0.9487784053274739,0.8882645029857507,1.1289952799979066,3.0488955253715355,1.5037334284206667,0.9568497101169628,0.9548447613351646,1.0971359710633892,3.473884769768569,1.6206788030710213
sub-11613,ASD,10.2,1.3916544620352032,1.5536300043519138,1.9031202978773878,5.4774796747979915,2.5814711097656238,1.5342203059085204,1.3858373050455728,1.8493947455765407,5.509707428467838,2.569789946249618
sub-11636,ASD,10.7,1.2552206259803165,1.5770920931622108,1.25081220393444,4.456920764292559,2.135011421842382,1.30909451154523,1.8738033961775762,1.6203089556375316,5.156736539334702,2.4899858506737598
sub-11638,ASD,10.9,1.7052836701962026,2.9647192432934317,3.179372633074167,6.163436252590486,3.503202949788572,1.557840449678995,2.7827480667395683,2.9954182316075912,6.09218350640879,3.3570475636087362
sub-11674,ASD,11.7,0.7219866407103135,1.3812237395544442,1.3947782462327465,5.612378694727389,2.277591830306223,0.8501886626048059,1.3869690795256757,1.4315489734362414,5.604714006566409,2.318355180533283
sub-11731,ASD,11.5,2.0917458640859206,3.2424855247153492,3.59716183327975,5.216986902542925,3.537095031155986,1.9919429799903379,3.161439802780757,3.4939673757140213,5.86045327176812,3.626950857563309
sub-11755,ASD,8.1,1.657848739830875,3.100440443037268,3.39053208299153,3.671427194104686,2.95506211499109,1.7034609012117075,2.9502421371886505,3.26157601163293,3.5573097658592863,2.8681472039731437
sub-11759,ASD,11.6,0.7664289774227158,1.8582165697161617,1.9457174304600389,7.788888532454048,3.089812877513241,0.6419831095680174,1.8689597379120857,1.9624356665945144,8.705903291660995,3.2948204514339032
sub-11776,ASD,11.1,2.676069427163009,1.2016160810385923,1.4768991667053928,5.562370387052463,2.729238765489864,2.6634150404505,1.155418870850497,1.5553503230723051,5.409499434725731,2.6959209172747585
sub-11777,ASD,12.5,1.5635750895487635,0.7352787123642567,0.9222795007052158,3.672411538017966,1.7233862101590507,1.51569229722911,0.7903733428735674,0.9069764480585741,4.0679047638542505,1.8202367130038755
sub-11791,ASD,9.3,1.56126567279754,0.7481906315253873,1.1589566782479441,3.5456561540490346,1.7535172841549764,1.5338317691150083,0.8979341007708832,1.3684920802850882,3.4523368427822487,1.8131486982383072
sub-11831,ASD,8.0,1.286014755135817,2.5519586126009233,2.508260770958321,4.899988800071871,2.8115557346917335,1.2280889415141136,2.6328068209765276,2.5430451655598034,5.237371498968665,2.9103281067547773
sub-11847,ASD,8.3,2.388188493459363,1.9490774025379058,2.069260047875211,5.167189416979824,2.8934288402130757,2.4436062726045855,1.8601019299065842,2.000330162920156,5.161557698243661,2.8663990159187467
sub-11868,ASD,10.1,2.3783528620526484,2.050537130813286,2.307078259921359,7.587265240397168,3.580808373296115,2.556381128234061,2.096876726878968,2.3881750772229338,7.845831973785474,3.7218162265303594
sub-11876,ASD,10.6,1.8912543650656035,1.9669094372876104,2.37095159738948,6.554425664455393,3.1958852660495216,2.129038704149587,2.2097105690288066,2.6298866862267225,6.463212611319119,3.3579621426810586
sub-11883,ASD,10.8,1.6179588343205185,2.0880220098345106,2.0948503304884523,4.423359574542959,2.55604768729661,1.7191123037659801,1.9788719758244673,2.050714738774089,5.711312352115656,2.865002842620048
sub-11936,ASD,12.0,6.141309131568197,20.52012942435927,23.807655541494896,15.24345709327143,16.428137797673447,6.1342600503344435,20.619668020623966,23.850666298280835,15.592927767523461,16.549380534190675
sub-11955,ASD,8.5,1.5419661380803062,0.7160602230262424,0.8649135555253554,4.130408774461637,1.8133371727733854,1.5171879753319775,0.6760468817108969,0.8182285344358029,4.135969462506997,1.7868582134964186
sub-11976,ASD,8.3,2.3001993248347516,1.3873598503708864,1.528119079100672,6.461249142950668,2.9192318493142446,2.3748414608688995,1.285149110606236,1.434719247307069,6.4960937043989295,2.8977008807952833
sub-11990,ASD,11.7,3.1678261848742104,2.2290909279872055,2.6655087445234016,5.068031323691355,3.2826142952690436,3.174888363735618,2.2324900640460377,2.7046502532154353,5.071859084457204,3.2959719413635735
sub-11993,ASD,8.6,1.551580980435038,2.053265921384817,2.3007420310806777,4.5025397378985,2.6020321676997584,1.5834143371785432,2.048738020565982,2.300152297463599,4.533714295335044,2.6165047376357924
sub-2713,ASD,9.9,2.810550835898418,8.506605663496192,12.111977387855834,16.201857553639126,9.907747860222393,2.727059366495724,8.673906081197421,12.090120051332425,16.351689798500406,9.960693824381494
