participant_id,age,group,D_SE,D_C,D_G,D_D,NAI,pct_vs_LOO_TD,above_LOO_P95,above_LOO_P99
sub-11025,9.3,ASD,3.7124409505061604,2.865522999076851,3.45421024796731,5.78802035541643,3.955048638241688,92.3076923076923,False,False
sub-11038,10.7,ASD,0.5235679753763618,0.8411305129866052,1.0464750067688797,2.293177667500713,1.17608779065814,0.0,False,False
sub-11049,11.9,ASD,1.8287700561464262,2.691506082854536,2.979771083587488,5.1961902034397855,3.174059356507059,79.48717948717949,False,False
sub-11053,9.3,ASD,1.5312295296180536,1.6927280638550215,1.7277210573852666,4.867077472371491,2.454689030807458,48.717948717948715,False,False
sub-11055,9.9,ASD,1.6042166446389154,1.4149379929456323,1.501623283636454,3.816706271944757,2.0843710482914397,28.205128205128204,False,False
sub-11057,9.7,ASD,0.7275798570835693,1.9169673725506475,2.207361805370662,4.444355273974876,2.3240660772449386,38.46153846153847,False,False
sub-11062,12.9,ASD,1.1072027889341867,2.4771557196413223,2.585694799528065,3.665204979840068,2.4588145719859105,48.717948717948715,False,False
sub-11074,10.7,ASD,1.775175523400282,1.4779552379677854,1.552982729652612,4.522957815051113,2.332267826517948,38.46153846153847,False,False
sub-11078,10.5,ASD,2.095737331750998,3.1168294936910534,3.8276153685783303,6.742052690829654,3.945558721212509,92.3076923076923,False,False
sub-11152,8.1,ASD,0.9158080723479292,1.2580850024024326,1.189951882872826,2.608273375591681,1.4930295833037173,7.6923076923076925,False,False
sub-11161,11.0,ASD,2.236419779889346,4.004777823134707,5.086253746437501,6.3319660884638695,4.414854359481356,97.43589743589743,True,False
sub-11181,8.5,ASD,2.153866916697735,1.4369690594240379,1.604035345750748,4.182333863388484,2.344301296315251,38.46153846153847,False,False
sub-11204,11.3,ASD,0.8063192861743469,1.7563324782106706,2.26923577769017,3.7521667804007177,2.1460135806189764,30.76923076923077,False,False
sub-11215,11.4,ASD,2.6862232529359527,2.268745142141394,2.216719611219273,3.123013563544125,2.573675392460186,58.97435897435898,False,False
sub-11227,10.8,ASD,1.747455801173051,3.4358083132435397,3.841335443751077,4.910457832408532,3.4837643476440503,89.74358974358975,False,False
sub-11229,11.2,ASD,1.013843492597536,1.5248803085222864,1.9150420640740058,3.2238849350578844,1.9194127000629282,20.51282051282051,False,False
sub-11235,11.3,ASD,1.7973200492131376,1.5484816411129405,1.6270789898802498,2.629720876486996,1.900650389173331,20.51282051282051,False,False
sub-11242,12.7,ASD,1.131119207065434,1.4475366001825702,1.8796089673503968,4.8094683302089996,2.3169332762018504,38.46153846153847,False,False
sub-11243,8.6,ASD,1.898240553057126,3.216934918489237,3.288324308023523,5.9386159279452695,3.585528926878789,89.74358974358975,False,False
sub-11244,12.0,ASD,3.4197121034189033,2.538255838539617,2.1818286004173335,15.490764547047236,5.907640272355772,100.0,True,True
sub-11256,12.4,ASD,0.4901773210119508,1.7932502037165752,2.115916499633035,3.3601201309404596,1.9398660388255051,20.51282051282051,False,False
sub-11265,12.1,ASD,2.775985698504548,2.261692655560815,2.3416859316279366,5.420804558139948,3.200042210958312,82.05128205128204,False,False
sub-11274,11.3,ASD,2.5736135842297827,2.192781245864761,2.4107582375885808,6.4998028126829785,3.419238970091526,87.17948717948718,False,False
sub-11321,10.4,ASD,1.1926709935460802,1.1373740755334745,1.2143534625944161,3.546557347446839,1.7727389697802023,15.384615384615385,False,False
sub-11323,10.0,ASD,1.958156980741622,3.465548253181919,4.013708765453633,4.632736166409937,3.517537541446778,89.74358974358975,False,False
sub-11325,14.5,ASD,1.761894522391029,2.8047581900732905,3.008100025042156,4.100012049375388,2.9186911967204656,66.66666666666666,False,False
sub-11335,10.7,ASD,4.95347553151838,3.0536545567514404,3.357534578135395,8.226356019936029,4.897755171585311,100.0,True,True
sub-11386,12.4,ASD,1.4139522634706856,1.3384187082965449,1.3789893477543638,3.42114702815117,1.888126836918191,17.94871794871795,False,False
sub-11391,12.8,ASD,2.8679593942942425,2.5573584401721594,2.5611263314653745,5.57320128935148,3.389911363820814,87.17948717948718,False,False
sub-11405,9.0,ASD,2.3343067154874046,1.8509426179506168,2.08825077863907,4.9756453672301335,2.812286369826806,64.1025641025641,False,False
sub-11423,10.6,ASD,1.5000516336392045,1.660859465681116,1.8420280971209033,2.9008870950252086,1.975956572866608,25.64102564102564,False,False
sub-11453,10.1,ASD,1.6915457404684298,2.543144027955132,3.337971535123536,5.4225444799243965,3.2488014458678736,82.05128205128204,False,False
sub-11497,10.7,ASD,1.2939691215872446,0.9105962856148435,1.2956952217047968,5.498025528926694,2.249571539458395,35.8974358974359,False,False
sub-11510,11.8,ASD,1.6371545962789513,1.2779216691582234,1.5176397690386318,5.128580082776489,2.390324029313074,43.58974358974359,False,False
sub-11535,9.3,ASD,2.1005682583700453,1.2155219741149161,1.3390327292300597,2.212258583887655,1.716845386400669,12.82051282051282,False,False
sub-11547,13.0,ASD,1.9260081831954152,2.2613822680416322,2.39059584478923,4.009919711767828,2.6469765019485263,61.53846153846154,False,False
sub-11548,12.4,ASD,1.4012256634429425,2.184781109765039,2.4293909904743565,4.471652133707003,2.621762474347335,58.97435897435898,False,False
sub-11551,11.7,ASD,0.8562162966996409,1.9703260330818955,2.0654306828290077,4.417195508797842,2.327292130352096,38.46153846153847,False,False
sub-11562,12.0,ASD,4.292745819347142,4.309780186911654,4.295380047178825,8.806573982700037,5.426120009034414,100.0,True,True
sub-11576,10.8,ASD,2.530006719882789,5.89925891133697,6.939123731227617,8.628374088248526,5.999190862673975,100.0,True,True
sub-11593,9.5,ASD,2.5004646428537303,1.6757547334357266,1.8779918867488343,4.919756337571636,2.743491900152482,64.1025641025641,False,False
sub-11601,12.9,ASD,0.9487784053274739,0.8882645029857507,1.1289952799979066,3.0488955253715355,1.5037334284206667,7.6923076923076925,False,False
sub-11613,10.2,ASD,1.3916544620352032,1.5536300043519138,1.9031202978773878,5.4774796747979915,2.5814711097656238,58.97435897435898,False,False
sub-11636,10.7,ASD,1.2552206259803165,1.5770920931622108,1.25081220393444,4.456920764292559,2.135011421842382,30.76923076923077,False,False
sub-11638,10.9,ASD,1.7052836701962026,2.9647192432934317,3.179372633074167,6.163436252590486,3.503202949788572,89.74358974358975,False,False
sub-11674,11.7,ASD,0.7219866407103135,1.3812237395544442,1.3947782462327465,5.612378694727389,2.277591830306223,35.8974358974359,False,False
sub-11731,11.5,ASD,2.0917458640859206,3.2424855247153492,3.59716183327975,5.216986902542925,3.537095031155986,89.74358974358975,False,False
sub-11755,8.1,ASD,1.657848739830875,3.100440443037268,3.39053208299153,3.671427194104686,2.95506211499109,69.23076923076923,False,False
sub-11759,11.6,ASD,0.7664289774227158,1.8582165697161617,1.9457174304600389,7.788888532454048,3.089812877513241,76.92307692307693,False,False
sub-11776,11.1,ASD,2.676069427163009,1.2016160810385923,1.4768991667053928,5.562370387052463,2.729238765489864,64.1025641025641,False,False
sub-11777,12.5,ASD,1.5635750895487635,0.7352787123642567,0.9222795007052158,3.672411538017966,1.7233862101590507,12.82051282051282,False,False
sub-11791,9.3,ASD,1.56126567279754,0.7481906315253873,1.1589566782479441,3.5456561540490346,1.7535172841549764,15.384615384615385,False,False
sub-11831,8.0,ASD,1.286014755135817,2.5519586126009233,2.508260770958321,4.899988800071871,2.8115557346917335,64.1025641025641,False,False
sub-11847,8.3,ASD,2.388188493459363,1.9490774025379058,2.069260047875211,5.167189416979824,2.8934288402130757,66.66666666666666,False,False
sub-11868,10.1,ASD,2.3783528620526484,2.050537130813286,2.307078259921359,7.587265240397168,3.580808373296115,89.74358974358975,False,False
sub-11876,10.6,ASD,1.8912543650656035,1.9669094372876104,2.37095159738948,6.554425664455393,3.1958852660495216,82.05128205128204,False,False
sub-11883,10.8,ASD,1.6179588343205185,2.0880220098345106,2.0948503304884523,4.423359574542959,2.55604768729661,58.97435897435898,False,False
sub-11936,12.0,ASD,6.141309131568197,20.52012942435927,23.807655541494896,15.24345709327143,16.428137797673447,100.0,True,True
sub-11955,8.5,ASD,1.5419661380803062,0.7160602230262424,0.8649135555253554,4.130408774461637,1.8133371727733854,17.94871794871795,False,False
sub-11976,8.3,ASD,2.3001993248347516,1.3873598503708864,1.528119079100672,6.461249142950668,2.9192318493142446,66.66666666666666,False,False
sub-11990,11.7,ASD,3.1678261848742104,2.2290909279872055,2.6655087445234016,5.068031323691355,3.2826142952690436,82.05128205128204,False,False
sub-11993,8.6,ASD,1.551580980435038,2.053265921384817,2.3007420310806777,4.5025397378985,2.6020321676997584,58.97435897435898,False,False
sub-2713,9.9,ASD,2.810550835898418,8.506605663496192,12.111977387855834,16.201857553639126,9.907747860222393,100.0,True,True
