participant_id,group,age,NAI_v10,C_SE,C_C,C_G,C_D,sum_C,D_SE,D_C,D_G,D_D
sub-10003,TD,12.9,2.784605676802631,0.18187724341747263,0.23415994687502606,0.22402927337954875,0.35993353632795255,1.0,2.025825618006033,2.608172469392,2.49533274569064,4.00909187412185
sub-10025,TD,8.3,1.2965243465269622,0.22418372230547945,0.10255055032110524,0.14536752459382513,0.5278982027795902,1.0,1.1626386162563749,0.5318371409642053,0.7538901393210049,2.737731489566264
sub-10036,TD,11.0,1.9075463935950476,0.1334115040650247,0.21528315696824193,0.22546896629059604,0.4258363726761374,1.0,1.0179545337733154,1.6426504387061056,1.7203700540609193,3.2492105478398496
sub-10124,TD,12.0,3.098322758560819,0.13442147476877594,0.24596198391059862,0.2526945926135141,0.36692194870711137,1.0,1.6659244580616297,3.048278449963911,3.1317176290388216,4.547370497178915
sub-10129,TD,12.7,2.495777499677077,0.2825656987920077,0.20191643047101818,0.20812209942127957,0.3073957713156944,0.9999999999999999,2.8208844529024923,2.0157539359387124,2.0777058116847407,3.068765798182361
sub-10170,TD,8.3,2.0148893408963837,0.1113620257582491,0.22472299500050164,0.2411098156532641,0.42280516358798514,1.0,0.8975286347236984,1.811167869123288,1.943238390181015,3.4076224695575315
sub-10177,TD,8.1,1.457446105295504,0.12938764548021095,0.22154422038334115,0.22165017174325866,0.4274179623931892,0.9999999999999999,0.7543020799139554,1.2915550445937174,1.2921727181811675,2.491754578493175
sub-10182,TD,10.6,2.5099827809258377,0.08314180136244417,0.27033497436495885,0.26011457721990294,0.38640864705269407,1.0,0.834737959179565,2.7141445229522976,2.611532439559042,3.879516202012446
sub-10212,TD,9.5,3.156286142000961,0.10387059311339439,0.25496210193424657,0.2152426028995912,0.4259247020527679,1.0,1.3113812544209087,3.2189333962819955,2.7174689788007824,5.377360938500158
sub-10213,TD,8.2,1.992487185705804,0.17272466558049593,0.16592564188846456,0.18457587624097363,0.4767738162900659,1.0,1.376606731297834,1.3224188609711034,1.4710602728022415,3.799862877752038
sub-10214,TD,12.6,2.383133960793866,0.2180364908513112,0.23422268599855806,0.2467930323240095,0.30094779082612116,1.0,2.0784406641603232,2.2327361495660867,2.352563426474582,2.868795602974472
sub-10258,TD,12.7,3.053248995021057,0.18255660235310928,0.2484391280702642,0.25444237989615864,0.31456188968046783,1.0,2.229563050676359,3.034186072417768,3.10750376283485,3.8417430941552526
sub-10260,TD,8.3,1.4958672680659826,0.11664474145216719,0.2085133437006646,0.2191115515947175,0.45573036325245064,0.9999999999999999,0.6979402029212649,1.2476331431872658,1.311047192342755,2.726848533812645
sub-10310,TD,11.8,2.4883131361363238,0.1668556997301312,0.22373236137955912,0.25096723262554527,0.35844470626476455,1.0,1.6607569179108137,2.226864695198224,2.497940246727699,3.567690684708558
sub-10314,TD,9.0,1.721286618513842,0.3067976679148769,0.18823493425705085,0.18047246288747953,0.32449493494059267,0.9999999999999999,2.1123468814925244,1.2960250938939777,1.242579341513818,2.234195157155048
sub-10354,TD,12.5,1.90870781350005,0.11990133777910028,0.23508575189456019,0.24424249373280305,0.40077041659353646,1.0,0.9154264810723098,1.794840045934725,1.8647502247061527,3.0598145022870127
sub-10400,TD,12.6,1.726352217225135,0.12382059567973334,0.21858464425265756,0.22305672821703376,0.43453803185057527,0.9999999999999999,0.8550318395593786,1.509416341027771,1.5402979092978424,3.000662779015548
sub-10434,TD,8.7,1.539399604055037,0.13330202250190734,0.18560176905442866,0.22634275588498656,0.4547534525586775,1.0,0.8208203226366871,1.1428611591772075,1.3937277951602969,2.800189139245957
sub-10520,TD,11.0,2.7774080132406733,0.217971734163777,0.23023823856102735,0.24295731939341797,0.3088327078817777,1.0,2.4215857645057604,2.5578621149352605,2.699166423035011,3.431017750486662
sub-10593,TD,9.4,1.813545171593594,0.2180241874257002,0.20808084227756476,0.20806044744283717,0.36583452285389795,1.0,1.5815868495859815,1.509456027254423,1.5093080794382403,2.653829730095732
sub-10741,TD,11.7,2.16124886859266,0.10396002155384243,0.2418056006366484,0.24173451238559343,0.41249986542391576,1.0,0.8987339158484419,2.0904083231812995,2.089793765572648,3.5660594697682493
sub-10747,TD,9.2,2.1727902795397807,0.1266356096711522,0.2531645007616166,0.2816967778251297,0.3385031117421014,1.0,1.1006104869482936,2.2002934655175284,2.448272082544477,2.941985083148825
sub-10752,TD,11.9,1.963373401888856,0.1925987283834877,0.1737467369491575,0.19238442016118024,0.44127011450617454,1.0,1.5125728821830242,1.3645188879638224,1.510889813929086,3.465512023479492
sub-10764,TD,12.9,1.6777747102527898,0.08247693811683504,0.18196983860989635,0.23848866756946333,0.49706455570380526,1.0,0.5535108838060407,1.221217572993863,1.600521020519721,3.3358493636915343
sub-10769,TD,12.0,3.3314690430002454,0.1763919498577398,0.2195245063598864,0.28369811685173246,0.3203854269306414,1.0,2.3505772815420465,2.925356388471488,3.7805259753960514,4.269416526591396
sub-10787,TD,12.9,2.0178467103210203,0.15382881450504365,0.20231325628016925,0.22451950200409768,0.4193384272106895,1.0,1.2416118692063391,1.632948554557092,1.8121837540875287,3.3846426634331217
sub-10788,TD,8.6,1.3688435898101874,0.2039977672483419,0.12700704978083216,0.15343325067042848,0.5155619323003975,1.0,1.1169641441339335,0.6954111438127818,0.8401044865758227,2.8228945847182114
sub-10790,TD,11.1,2.4328009672968287,0.10992307830877249,0.14888835491148594,0.2813118177720441,0.4598767490076975,1.0,1.069683884951307,1.448862935391586,2.7375026495514323,4.47515439929299
sub-10809,TD,11.6,2.6320737688529947,0.26904675278059625,0.17852043243056218,0.20031851897683617,0.35211429581200543,1.0,2.8326036023555354,1.8795157896191048,2.1090124768576453,3.707163206579694
sub-10825,TD,8.5,2.232304747218039,0.13934872207119914,0.20425331744699765,0.25961755173594353,0.39678040874585974,1.0,1.24427525519322,1.823822600687864,2.3181819728050863,3.5429391601859863
sub-10842,TD,8.2,2.0284180752417127,0.11388888052776922,0.2371540906639546,0.2503726892088234,0.3985843395994528,1.0,0.924057055326284,1.9241905764811096,2.0314419533522123,3.2339827158072447
sub-10846,TD,8.3,2.311416747751277,0.14888181051297944,0.2580446439241683,0.29366051513285274,0.2994130304299995,1.0,1.3765116410209313,2.3857948465353496,2.7150873313253725,2.768273172123454
sub-10862,TD,12.6,1.355096172135028,0.18478727334467776,0.18278798342596575,0.2151111100912245,0.417313633138132,1.0,1.0016181070745676,0.9907811866112284,1.1659849674733396,2.262000427380976
sub-10876,TD,11.5,2.8438754003328035,0.19414065052938728,0.21601894171159788,0.23601286434526447,0.3538275434137504,1.0,2.2084472809805287,2.457323817358156,2.6847647162943225,4.024965786698207
sub-10883,TD,10.7,2.7407519624346817,0.1676252349256913,0.23564216717716463,0.21604210485914702,0.3806904930379971,1.0,1.837676766304652,2.583346928492701,2.368471291444906,4.173512863496469
sub-10918,TD,12.4,2.148608580759044,0.13585504895499131,0.22620229014991003,0.2599855048722799,0.37795715602281876,1.0,1.1675972956965373,1.9440807264137745,2.234428346566211,3.2483279543596524
sub-10959,TD,8.0,1.6455127982954134,0.10416662161739629,0.2862670436211962,0.28960826808969226,0.3199580666717152,1.0,0.6856300361064851,1.8842243360354791,1.906216446535031,2.105980374504658
sub-10970,TD,9.0,2.611971985424244,0.17222598730490063,0.252683761447511,0.2835706561028565,0.29151959514473186,1.0,1.7993978160097277,2.6400116242900853,2.962714438516134,3.045764062881028
sub-10990,TD,10.1,2.188556106039612,0.17253557006055337,0.1734040706429572,0.20961729016208286,0.4444430691344065,1.0,1.5104151014601972,1.5180181504710728,1.835036801262814,3.890754370964363
sub-11025,ASD,9.3,3.864231983115754,0.21667787704233302,0.18538761464097986,0.22347327121275462,0.3744612371039325,1.0,3.349174330002424,2.865522999076851,3.45421024796731,5.78802035541643
sub-11038,ASD,10.7,1.1803936030884703,0.11453620717757133,0.1781461943680922,0.22163687689233572,0.4856807215620008,1.0,0.5407912250976837,0.8411305129866052,1.0464750067688795,2.293177667500713
