feature,observed,age_expected,residual,residual_sd_reg,z,abs_z,subblock
cv_delta_gamma,0.217126323711771,0.1114663800540687,0.10565994365770232,0.04488022112437719,2.3542652199704057,2.3542652199704057,D_delta
mean_delta_theta,0.2911202386507764,0.24691391459347706,0.04420632405729935,0.02130266094611758,2.0751550319987593,2.0751550319987593,D_delta
cv_delta_beta,0.1804280412533942,0.11374327923451938,0.06668476201887483,0.04443624360106568,1.5006840501089427,1.5006840501089427,D_delta
cv_delta_alpha,0.100145310706032,0.1652134881880266,-0.06506817748199462,0.0528898080798167,-1.2302592851877885,1.2302592851877885,D_delta
mean_delta_alpha,0.2716788720301292,0.24695797906167194,0.024720892968457253,0.021899473003300023,1.1288350621374346,1.1288350621374346,D_delta
temporal_cv_degree_cv_theta,0.1454201772240292,0.16888214314607294,-0.023461965922043748,0.02412722596627396,-0.9724269982317844,0.9724269982317844,D_H
mean_degree_cv_gamma,0.2404315598338285,0.2129206874845143,0.027510872349314208,0.02952646461923728,0.9317360782635027,0.9317360782635027,D_H
temporal_cv_degree_cv_gamma,0.0943449969965903,0.07489209638315356,0.01945290061343674,0.02216660565453904,0.8775768792301939,0.8775768792301939,D_H
temporal_cv_degree_cv_alpha,0.1298232886505054,0.15495141099535226,-0.025128122344846848,0.02978843224908962,-0.8435530320873064,0.8435530320873064,D_H
cv_delta_theta,0.0943455340258947,0.12096080163681867,-0.026615267610923976,0.03550347379723537,-0.7496524921174471,0.7496524921174471,D_delta
temporal_cv_degree_cv_beta,0.1033945215132745,0.09026149748778524,0.013133024025489257,0.020432970012094483,0.6427369108707979,0.6427369108707979,D_H
mean_degree_cv_beta,0.1691173263187824,0.18375120479289586,-0.01463387847411346,0.025251457563935965,-0.5795260902092839,0.5795260902092839,D_H
mean_degree_cv_alpha,0.1503442181216227,0.1636089403534743,-0.0132647222318516,0.023375876330540495,-0.5674534740124926,0.5674534740124926,D_H
mean_delta_gamma,0.230598557465131,0.2221419060341738,0.008456651430957196,0.029222192608584222,0.2893914068745477,0.2893914068745477,D_delta
mean_delta_beta,0.1901174600928643,0.18472807566048316,0.005389384432381128,0.023906026640375257,0.22544040937689383,0.22544040937689383,D_delta
mean_degree_cv_theta,0.1528351460155182,0.15055433073975275,0.0022808152757654576,0.017297755492752007,0.13185614033688647,0.13185614033688647,D_H
