participant_id,age,D_D_LOO_λ0.01,D_D_LOO_λ0.05,D_D_LOO_λ0.1,D_D_LOO_λ0.2,D_D_LOO_λ0.3,D_D_LOO_λ0.5
sub-10003,12.9,6.281420678734347,5.8556172602021865,5.570312275813375,5.253803329510689,5.075026071423216,4.89859147400134
sub-10025,8.3,4.403591023115468,3.683166974465827,3.2220709699475685,2.73150283494027,2.451283305962911,2.11952664550509
sub-10036,11.0,4.638599230442882,4.137879694690665,3.836938702668062,3.540394944539214,3.395597953796428,3.290570906505466
sub-10124,12.0,8.214474575283498,7.364761646841265,6.764975328067609,6.135246247545464,5.802578066801451,5.463322727925078
sub-10129,12.7,4.114386715181969,3.8836263153451207,3.715864160051162,3.536959773723791,3.453235531585823,3.4246645079210953
sub-10170,8.3,6.320646168182098,5.005635571052199,4.307528398847325,3.6457877681589337,3.299097020377515,2.933954503049229
sub-10177,8.1,4.084504034841433,3.341952173988199,2.9017271516011722,2.4530951945037733,2.2114141774153326,1.9537932966671918
sub-10182,10.6,6.008042477404615,5.359276425788143,4.9683716998321446,4.599299672887098,4.439526268359363,4.379080295521765
sub-10212,9.5,11.805729240233958,11.019284359950626,10.475738280704345,9.957898314332333,9.768335168877044,9.838336857066938
sub-10213,8.2,7.061534778461047,5.793601915812983,5.098500767007539,4.443090922351577,4.108960361613889,3.756630420042371
sub-10214,12.6,4.253056787070435,3.6485562758724477,3.3936865824058837,3.1925796665118287,3.114489054177747,3.0997089423098485
sub-10258,12.7,6.140714835180645,5.563156948240135,5.1481607203832205,4.701868847981146,4.477398421436635,4.324744075193144
sub-10260,8.3,3.7626575586786166,3.423440753441325,3.209457858553701,2.982075836798409,2.860343514325098,2.759241081881024
sub-10310,11.8,5.683744929666921,4.89228620255641,4.435849113959162,3.982323795810939,3.7431551725829046,3.5027080605290126
sub-10314,9.0,3.3584608152134785,2.824835090413208,2.4704848267764046,2.1054296156958268,1.9171153785487793,1.7405336156819615
sub-10354,12.5,4.603249931531353,4.032507141533905,3.671750451522098,3.3068987436763386,3.1228503226660296,2.963395225896586
sub-10400,12.6,4.630660382122744,3.9799073281605106,3.5960399214956453,3.207429474661967,3.011372337085836,2.8584974979962023
sub-10434,8.7,3.7396738378659116,3.4722518412163326,3.263279951325226,3.021191219506805,2.8862183396236922,2.7592960766767023
sub-10520,11.0,4.732024244449773,4.393250126356668,4.134497250614971,3.824090998081166,3.639471211846263,3.4542325599333146
sub-10593,9.4,3.689345809715484,3.2792813506868295,2.9982732754461083,2.7146781535726148,2.5840867295813683,2.519947392167767
sub-10741,11.7,6.1070461498436925,5.023880497594611,4.425505969707616,3.838334103526374,3.5301277656256933,3.2290860561820645
sub-10747,9.2,4.363575450685586,3.737229359874858,3.4238430297882454,3.1505911399944893,3.034927869526626,2.9868250472754982
sub-10752,11.9,4.8027975877547195,4.500705118103688,4.261040967530303,3.961898346879009,3.772266901463328,3.54301289616368
sub-10764,12.9,6.174411421888143,4.911122738647242,4.1978304747782325,3.4954953515376626,3.1293558781885067,2.7496035464338027
sub-10769,12.0,6.760972481282833,6.320001611788505,5.984628241935762,5.606634933326497,5.403123870689549,5.234452820234318
sub-10787,12.9,4.795895854140726,4.5272035467426015,4.285317149726558,3.9653082433461884,3.7644054708312993,3.547471232720276
sub-10788,8.6,4.377828846381515,3.758460335241268,3.3073776787472524,2.8076431954842467,2.5290693127041246,2.227950814462481
sub-10790,11.1,8.096745908527925,7.110625855531852,6.431057859662097,5.714417778565661,5.34948124733947,5.067897117010778
sub-10809,11.6,5.945372349237387,5.211329056359644,4.670726899744781,4.0601082346133355,3.7098488802215956,3.323135640578522
sub-10825,8.5,5.282677090047063,4.819122463662259,4.5151382581548996,4.18673531485585,4.001733581537351,3.8102413498743117
sub-10842,8.2,5.737478965710486,4.669467650232903,4.025615682961996,3.4134752354273536,3.1165063790946843,2.854007892209317
sub-10846,8.3,4.12540126992885,3.6107374906023946,3.2696332913111905,2.9193111533003093,2.7331611445112807,2.5401326736577996
sub-10862,12.6,2.8982636752074793,2.6789033052778883,2.5491719817080067,2.4289263941190784,2.3847564475456102,2.4046475091511557
sub-10876,11.5,6.622151411636406,5.823684320869024,5.332149705328424,4.879930910639689,4.685417222347937,4.589981912865306
sub-10883,10.7,6.810705937313636,6.113036993402873,5.591820057014975,4.988252155138852,4.63201793367436,4.215350864702314
sub-10918,12.4,4.631484230675433,4.235289635004621,3.9621537086500203,3.665427498163732,3.5053529593330937,3.3635738973125275
sub-10959,8.0,2.675300014193345,2.5024508926921243,2.40022528803359,2.2909060166464688,2.2347951977167266,2.209291821835958
sub-10970,9.0,4.131422035468654,3.82024979253743,3.5981117108254304,3.3638212368922846,3.2513057063871966,3.1877125629688203
sub-10990,10.1,6.488737619870045,5.525554743827703,4.991886317191566,4.453868725231766,4.1641604627822355,3.874988583164776
