participant_id,age,DM_LOO_λ0.0,DM_LOO_λ0.01,DM_LOO_λ0.05,DM_LOO_λ0.1,DM_LOO_λ0.2,DM_LOO_λ0.3,DM_LOO_λ0.5
sub-10003,12.9,4.779878356309781,3.160219038595117,2.4822325282786153,2.2810392746525805,2.1605912315422673,2.129925451714909,2.1377746374498194
sub-10025,8.3,2.0800645077732725,1.6959724655184165,1.3733734282086436,1.2544480921500745,1.1911278332841537,1.1935988588455897,1.2700746195022552
sub-10036,11.0,2.0181601426852156,1.698953277643103,1.2502408047671283,1.0467334181866017,0.886411413326336,0.8203952436186204,0.7700944997796744
sub-10124,12.0,1.926509972930257,1.8014181800444171,1.7601204523866585,1.7817622595114486,1.8526133890162435,1.9401783407375388,2.1674821629209493
sub-10129,12.7,8.261829085417437,3.8483347499600153,3.385267982855044,3.344329305855767,3.388891136271376,3.4739138267274767,3.709883458343063
sub-10170,8.3,0.960724674211057,0.9438447933832161,0.9491802102656591,0.9595094051819681,0.9826287785349056,1.0085809985295249,1.0715673490791344
sub-10177,8.1,1.1681551888969723,0.864669288711238,0.8062949042636817,0.8107153239604197,0.8401714607130243,0.8790798406776507,0.9818943349942307
sub-10182,10.6,3.562956417467571,1.7066056086696226,1.0229184460953629,0.8539491852139925,0.7594223755435082,0.7408589988543517,0.7723992214252783
sub-10212,9.5,2.628205827895069,1.691076813348856,1.4289101699076858,1.3727063778568138,1.3733665321853081,1.4155248268814526,1.558676992865019
sub-10213,8.2,3.553408407496125,2.862130478424995,1.9359713732761452,1.499712424348301,1.1237822483546007,0.9422099183343965,0.7566341871808336
sub-10214,12.6,3.030390312089519,2.558417689426134,2.343813149572898,2.316580114532583,2.3336282907754478,2.372156527833371,2.477494684939432
sub-10258,12.7,4.136776116300671,3.052820174854053,2.5995895244207343,2.523815986463889,2.5308523635075955,2.5879469795473744,2.7682575632215953
sub-10260,8.3,1.0146196121751898,0.7935406555201339,0.7437763364371471,0.7430674005266578,0.7592247187647915,0.7821455453126065,0.8425985053127065
sub-10310,11.8,2.144432293060179,1.8691767358042821,1.7671887554081078,1.7678515159608297,1.809890983058335,1.8684995596287093,2.02322333477109
sub-10314,9.0,3.439484876790071,2.809482251707292,2.4398926325012247,2.3290681418273627,2.3050145017319275,2.3559940965449075,2.5552809478061302
sub-10354,12.5,1.5543058162880792,1.1635075687740841,1.0057903639463606,0.9684914930312402,0.9551106111884395,0.960715801616292,0.9886455337423928
sub-10400,12.6,1.9657153241430323,1.177458423888313,0.9462559979304297,0.9067522209061245,0.9028283966604429,0.9213256742673912,0.9850806523197397
sub-10434,8.7,1.0677321975972347,0.9951221177044963,0.8957899704794955,0.8639085633966266,0.8618006873264044,0.8845408145396232,0.9652020182119057
sub-10520,11.0,4.470777375312277,3.373263601234724,2.7867358044305064,2.6641904491390114,2.621703749509722,2.6374185849759852,2.7211911787157095
sub-10593,9.4,3.5132529975393574,2.159448837681893,1.7462012684458268,1.6772719911710088,1.6846052409344823,1.7409613036943565,1.923635683586795
sub-10741,11.7,1.5083118326332448,1.1446811633548464,0.9595697666372184,0.9304049125496077,0.9368345961096963,0.9636135515007966,1.0459926898419685
sub-10747,9.2,1.5640262831881702,1.283432726457274,1.1785571476422352,1.1499027469644996,1.1419453374822797,1.1505280770053163,1.1828156771658949
sub-10752,11.9,2.58580933708192,1.8157695770271556,1.6375035461065997,1.6033393933688824,1.599933318054188,1.6167371602108178,1.6703844228323443
sub-10764,12.9,1.6046623965248954,1.0663387744241621,0.70654424626758,0.5904119912351489,0.5104436834758971,0.48114494557319776,0.46312109982506183
sub-10769,12.0,3.7843473977725233,3.0960766360004652,2.6975525310354582,2.6201041496478177,2.619726673358392,2.669699019409519,2.833424323934096
sub-10787,12.9,1.7758642448517978,1.5188983768756708,1.3729323809794904,1.3476106690619454,1.370255460307809,1.4221847430437653,1.5765898489098051
sub-10788,8.6,1.4475458999886592,1.2765732274591857,1.2001478361933946,1.1879412545542172,1.1956076478700515,1.214013171596884,1.2643051707632078
sub-10790,11.1,1.6741682418432546,1.2906570159906794,1.1303726043348041,1.102831785003392,1.1174375134864865,1.158333146521561,1.2828463473245488
sub-10809,11.6,8.380768829817114,4.265787523042393,3.3899144371574073,3.264570621042827,3.290188891246561,3.4047382086936673,3.762044993018337
sub-10825,8.5,1.8346574309971952,1.5768389870013568,1.391705225901686,1.333668499565523,1.3054826622066458,1.3064094580665417,1.3322769301028616
sub-10842,8.2,1.3193059608709463,1.1803376506772645,1.038574300504346,0.9934233243988986,0.9851220475991301,1.0089409137545213,1.099749213889558
sub-10846,8.3,2.9958101268668957,1.9287452813369188,1.5635194057821589,1.4961011401663227,1.4947662077794346,1.538432025090084,1.686802413351765
sub-10862,12.6,1.7374400326919937,1.2728602667712314,1.1066398403456568,1.0657376727345385,1.049507797675571,1.0534798523087823,1.0778017500795807
sub-10876,11.5,3.1336339820207644,2.547246496578127,2.425311355019954,2.405907447906648,2.4143564723094015,2.4377770231719045,2.499310776771715
sub-10883,10.7,3.6743853114382774,2.9670914887783804,2.239396785924265,1.9482206140167604,1.7409640492603915,1.6665753485286983,1.6258935261112564
sub-10918,12.4,2.4531008600238624,1.586139735609317,1.2938388050606253,1.2409263195147267,1.2398739431933552,1.2738691817814278,1.389075873100583
sub-10959,8.0,0.7710993441464613,0.7404224433208627,0.7320176929965059,0.7391874233345465,0.7615824501344068,0.7890724058797087,0.8597642075825294
sub-10970,9.0,2.888215106674785,2.328542584951074,2.0113071697594846,1.9443746219947782,1.9355331633089008,1.967211631926529,2.0785241558413206
sub-10990,10.1,2.0633929882632653,1.760380951896775,1.6012512223436146,1.5796883586190966,1.612139633782233,1.674952699828431,1.8561949474757955
