participant_id,age,D_SE_LOO,D_C_LOO,D_G_LOO,D_D_LOO,NAI_LOO
sub-10003,12.9,2.1984960655532686,3.0703180628570914,2.9031241077873045,5.570312275813375,3.43556262800276
sub-10025,8.3,0.8661890744540539,0.5646616322857028,0.8033863462668047,3.2220709699475685,1.3640770057385323
sub-10036,11.0,1.142026440996267,1.725889984866126,1.8149233497078696,3.836938702668062,2.129944619559581
sub-10124,12.0,1.924846240448028,3.6332320112580896,3.745133429060679,6.764975328067609,4.017046752208602
sub-10129,12.7,3.5451727949688987,2.252017230061496,2.3245693378231587,3.715864160051162,2.9594058807261785
sub-10170,8.3,0.9457200714483419,2.003553720771359,2.1634066485275003,4.307528398847325,2.3550522098986315
sub-10177,8.1,0.6821581328239802,1.4089444159285014,1.4092061716636475,2.9017271516011722,1.6005089680043252
sub-10182,10.6,1.2992975512546237,3.0448725566820993,2.90005911223824,4.9683716998321446,3.053150230001777
sub-10212,9.5,1.8147707725266442,3.8659757642689736,3.0893347493164196,10.475738280704345,4.811454891704096
sub-10213,8.2,1.5419219881634858,1.4382232684613092,1.6081290426990185,5.098500767007539,2.4216937665828384
sub-10214,12.6,2.3224836196790037,2.511383903234774,2.6753967346218475,3.3936865824058837,2.7257377099853772
sub-10258,12.7,3.0592254671718626,3.6880835861441614,3.7925296511385054,5.1481607203832205,3.9219998562094376
sub-10260,8.3,0.9586461056559994,1.3477528733554318,1.4193363355229376,3.209457858553701,1.7337982932720175
sub-10310,11.8,1.7173428541426865,2.4478335436610834,2.79868010973915,4.435849113959162,2.8499264053755207
sub-10314,9.0,2.407275377716383,1.3702838794156957,1.3106002656023616,2.4704848267764046,1.889661087377711
sub-10354,12.5,0.9754335318132598,1.962387051176202,2.0448039179336583,3.671750451522098,2.1635937381113046
sub-10400,12.6,0.9430298495446795,1.6346190353908574,1.669231541433001,3.5960399214956453,1.9607300869660458
sub-10434,8.7,0.7799120369720709,1.2127229336346412,1.4912824035784569,3.263279951325226,1.6867993313775989
sub-10520,11.0,2.6521432588487146,2.8356833983514087,3.027478247954168,4.134497250614971,3.1624505389423154
sub-10593,9.4,2.113888641310636,1.5934441187642725,1.5926443038184206,2.9982732754461083,2.0745625848348594
sub-10741,11.7,1.1805008546113438,2.2736909601861717,2.270413629149406,4.425505969707616,2.5375278534136343
sub-10747,9.2,1.11087202200043,2.4180654350037267,2.73137998473781,3.4238430297882454,2.421040117882553
sub-10752,11.9,1.546070525191286,1.4386264480361708,1.6011267992852392,4.261040967530303,2.21171618501075
sub-10764,12.9,0.5474841596598294,1.3237766941184799,1.7611487519066074,4.1978304747782325,1.9575600201157872
sub-10769,12.0,2.6633063038265448,3.416938822580272,4.908433441040871,5.984628241935762,4.243326702345863
sub-10787,12.9,1.392889862068979,1.7981952790507938,2.0123991571063877,4.285317149726558,2.3722003619881797
sub-10788,8.6,0.993910700521526,0.7322937811419798,0.8871846832463842,3.3073776787472524,1.4801917109142857
sub-10790,11.1,1.6869017455758302,1.5116311724988845,3.083488264553891,6.431057859662097,3.1782697605726757
sub-10809,11.6,2.8054872207827186,2.014512691913073,2.2871606006864242,4.670726899744781,2.9444718532817493
sub-10825,8.5,1.3666529212490368,2.003777807137978,2.62254290978606,4.5151382581548996,2.6270279740819937
sub-10842,8.2,0.7916373411452997,2.1518689944248,2.284300567532881,4.025615682961996,2.313355646516244
sub-10846,8.3,0.6601094617849154,2.7331697716582664,3.1879520811571687,3.2696332913111905,2.4627161514778853
sub-10862,12.6,1.0755570470956444,1.0540554536528521,1.2465508686910138,2.5491719817080067,1.4813338377868792
sub-10876,11.5,2.2987037028612605,2.727125138602945,3.025154998486313,5.332149705328424,3.3457833863197357
sub-10883,10.7,2.123724726310592,2.865276683035033,2.583451025556763,5.591820057014975,3.2910681229793406
sub-10918,12.4,1.3445239751440257,2.137332884250604,2.497380397773236,3.9621537086500203,2.485347741454471
sub-10959,8.0,0.5696693679623542,2.120462248499417,2.146445348229974,2.40022528803359,1.8092005631813337
sub-10970,9.0,2.1516182612834154,3.0100906499149276,3.4697820871235168,3.5981117108254304,3.057400677286822
sub-10990,10.1,1.5722182635928559,1.5877116697269194,1.9456102378530509,4.991886317191566,2.5243566220910982
