participant_id,age,D_SE_LOO_λ0.01,D_C_LOO_λ0.01,D_G_LOO_λ0.01,NAI_LOO_λ0.01,D_SE_LOO_λ0.05,D_C_LOO_λ0.05,D_G_LOO_λ0.05,NAI_LOO_λ0.05,D_SE_LOO_λ0.1,D_C_LOO_λ0.1,D_G_LOO_λ0.1,NAI_LOO_λ0.1,D_SE_LOO_λ0.2,D_C_LOO_λ0.2,D_G_LOO_λ0.2,NAI_LOO_λ0.2,D_SE_LOO_λ0.3,D_C_LOO_λ0.3,D_G_LOO_λ0.3,NAI_LOO_λ0.3,D_SE_LOO_λ0.5,D_C_LOO_λ0.5,D_G_LOO_λ0.5,NAI_LOO_λ0.5
sub-10003,12.9,3.160219038595117,3.497203960590417,3.4081624368435475,3.3064511186560495,2.4822325282786153,3.184898948913767,2.977227757003582,2.7816479406186447,2.2810392746525805,3.0703180628570914,2.9031241077873045,2.633880179987389,2.1605912315422673,3.011678089163657,2.9260170353853865,2.5647193969083943,2.129925451714909,3.044196615139931,3.019974373969594,2.5810054731348355,2.1377746374498194,3.2630277426957597,3.3552588765688776,2.723458973541069
sub-10025,8.3,1.6959724655184165,0.7779031977527957,1.1074349868997324,1.3193207789223402,1.3733734282086436,0.6090029668242577,0.8819757971953779,1.0594314051092306,1.2544480921500745,0.5646616322857028,0.8033863462668047,0.9692360407131642,1.1911278332841537,0.5235945024076403,0.7419811877611071,0.9119578391842638,1.1935988588455897,0.498455986236803,0.7178226634169076,0.9008690918362225,1.2700746195022552,0.466486449454606,0.7057291563415043,0.9280912112001551
sub-10036,11.0,1.698953277643103,1.7653952262462316,2.183655025078567,1.8367392016527513,1.2502408047671283,1.7295013639095123,1.8794969304023708,1.527369975961535,1.0467334181866017,1.725889984866126,1.8149233497078696,1.4085700427367998,0.886411413326336,1.745451822920895,1.8248955186246454,1.3357925420495531,0.8203952436186204,1.7845031385839218,1.8900250047290599,1.3288296576375556,0.7700944997796744,1.9064249933722281,2.11559475306316,1.3905521864986843
sub-10124,12.0,1.8014181800444171,5.284634120967292,4.782145133331531,3.417403903596914,1.7601204523866585,4.162007658318132,3.977355436161647,2.9149009998132738,1.7817622595114486,3.6332320112580896,3.745133429060679,2.7354724898354164,1.8526133890162435,3.2256297332630908,3.630498717875594,2.640338807292793,1.9401783407375388,3.086180288465472,3.661335593045471,2.656968140746505,2.1674821629209493,3.0975900222221653,3.936502229832267,2.8422641444740826
sub-10129,12.7,3.8483347499600153,2.7964757281617088,2.7477956618853594,3.310235222491775,3.385267982855044,2.392469385891279,2.392001643445344,2.8887517487616776,3.344329305855767,2.252017230061496,2.3245693378231587,2.816311294899047,3.388891136271376,2.148111873602522,2.310716894988765,2.80915276028351,3.4739138267274767,2.128568258086844,2.340394996028235,2.854197726892508,3.709883458343063,2.2119960153317453,2.4819243603407677,3.02842182308966
sub-10170,8.3,0.9438447933832161,2.5979843815881996,2.356819827797598,1.7106234490380574,0.9491802102656591,2.2121851984937195,2.2215347205977,1.5830200849056846,0.9595094051819681,2.003553720771359,2.1634066485275003,1.521494794915699,0.9826287785349056,1.765035828181522,2.1029472254597725,1.4583101526777764,1.0085809985295249,1.6202883452209493,2.069498059611405,1.426737100472851,1.0715673490791344,1.453734165921404,2.049822649552211,1.411672878407971
sub-10177,8.1,0.864669288711238,1.4785596863830037,1.484838716637899,1.1731842451108447,0.8062949042636817,1.4355651233569338,1.4129141654597275,1.1152672743360061,0.8107153239604197,1.4089444159285014,1.4092061716636475,1.109895308878247,0.8401714607130243,1.3839305803390176,1.4327945700366373,1.124267017950426,0.8790798406776507,1.3770402812457567,1.4710897293887029,1.1515724229974402,0.9818943349942307,1.398364166160688,1.5857500701922953,1.2369757265853611
sub-10182,10.6,1.7066056086696226,3.510519922696778,3.0585191095383912,2.4955625623936037,1.0229184460953629,3.1768459588120295,2.9138725758751356,2.0341388567194727,0.8539491852139925,3.0448725566820993,2.90005911223824,1.9132075098370813,0.7594223755435082,2.9303666992793542,2.941707341783063,1.8477296980373583,0.7408589988543517,2.882474695381643,3.0174220411490076,1.8454036835598386,0.7723992214252783,2.8786310097105416,3.2447219311591904,1.917037845930072
sub-10212,9.5,1.691076813348856,5.999700915552009,4.046522232879416,3.3570941937822845,1.4289101699076858,4.299158683493754,3.275501370902559,2.608120098552921,1.3727063778568138,3.8659757642689736,3.0893347493164196,2.4251808173247555,1.3733665321853081,3.600494266555215,3.0413691867638724,2.347149129422426,1.4155248268814526,3.536074736493779,3.1060821411763975,2.3683016328582704,1.558676992865019,3.6289630485215447,3.3977314366483995,2.5360121177249955
sub-10213,8.2,2.862130478424995,1.8418578185328125,1.8899713417872321,2.364022529292509,1.9359713732761452,1.57612945208961,1.6570000841060744,1.7762680706869935,1.499712424348301,1.4382232684613092,1.6081290426990185,1.5114442899642324,1.1237822483546007,1.2935376918692694,1.576279356663552,1.2793453863105058,0.9422099183343965,1.2164640612421294,1.5664841766206474,1.1668420186328925,0.7566341871808336,1.150457576809019,1.5833311232228393,1.0617642685983815
sub-10214,12.6,2.558417689426134,2.5564585896386625,3.2097862350967024,2.720770050896908,2.343813149572898,2.485226066828164,2.769095418634402,2.4854869461520903,2.316580114532583,2.511383903234774,2.6753967346218475,2.4549852167304467,2.3336282907754478,2.6039575847615937,2.6996121483970925,2.4927065786773954,2.372156527833371,2.7201696626028213,2.8109002306696493,2.5688457372348035,2.477494684939432,3.0231198070293375,3.19195843315695,2.7925169025162875
sub-10258,12.7,3.052820174854053,4.270579079442987,4.254727437475418,3.657736716656628,2.5995895244207343,3.8154737437620274,3.8600768870247815,3.2186824199070694,2.523815986463889,3.6880835861441614,3.7925296511385054,3.132061302552611,2.5308523635075955,3.6597502648313642,3.8384568989451124,3.139977972697917,2.5879469795473744,3.7338431196708823,3.9722706836380497,3.2205019406009203,2.7682575632215953,4.049001916652659,4.4337046698311005,3.5048054282317374
sub-10260,8.3,0.7935406555201339,1.4646275298640214,1.6431742138871237,1.1737207636978533,0.7437763364371471,1.3810628337619366,1.4711329637069985,1.0849371175858074,0.7430674005266578,1.3477528733554318,1.4193363355229376,1.0633060024829213,0.7592247187647915,1.3379917430876964,1.4056409903398628,1.0655205427392855,0.7821455453126065,1.3562621070969798,1.4340215024138587,1.088643675034013,0.8425985053127065,1.4334661276829448,1.5631998782483112,1.1704657541391672
sub-10310,11.8,1.8691767358042821,2.687342092102627,3.171359613691934,2.399263794350781,1.7671887554081078,2.5071041190823418,2.9020779027106527,2.2358898831523026,1.7678515159608297,2.4478335436610834,2.79868010973915,2.1955541713304734,1.809890983058335,2.4204087928899716,2.760713509209388,2.2002260670540075,1.8684995596287093,2.446174697972704,2.8075100240180593,2.2476709603120457,2.02322333477109,2.5937657713218316,3.051820843854059,2.423008321179518
sub-10314,9.0,2.809482251707292,2.2408923499960145,1.914873505973529,2.4436825898460315,2.4398926325012247,1.5713640999197456,1.430192880336847,1.9703355613147604,2.3290681418273627,1.3702838794156957,1.3106002656023616,1.8347551071681956,2.3050145017319275,1.2312841588922674,1.247689493405576,1.7722506639404245,2.3559940965449075,1.1845621455850965,1.24004368180743,1.7841485051205854,2.5552809478061302,1.1790651513258859,1.2873801754344716,1.8942518055931545
sub-10354,12.5,1.1635075687740841,2.203758265882995,2.294132768761191,1.7062265430480883,1.0057903639463606,2.044227620333758,2.0994075082760957,1.5388039641256435,0.9684914930312402,1.962387051176202,2.0448039179336583,1.4860434887930851,0.9551106111884395,1.8978187276103016,2.0326797147907283,1.4601799161944773,0.960715801616292,1.8857566181551757,2.064767721901352,1.4679889858222779,0.9886455337423928,1.9343994962173567,2.210310342459044,1.5305002265402967
sub-10400,12.6,1.177458423888313,2.1415068024672475,2.117415561045497,1.6534598028223426,0.9462559979304297,1.7794040238626514,1.7617012968814494,1.35840432915124,0.9067522209061245,1.6346190353908574,1.669231541433001,1.279338754659027,0.9028283966604429,1.5038363563060881,1.6183348385229932,1.231956997037492,0.9213256742673912,1.4454368620458087,1.6129726638472355,1.2252652186069566,0.9850806523197397,1.4185531232463044,1.6651624658285114,1.2634692234285738
sub-10434,8.7,0.9951221177044963,1.4675897938872824,2.051631974996515,1.3773665010731975,0.8957899704794955,1.280554288877832,1.5896422040322398,1.1654441084672658,0.8639085633966266,1.2127229336346412,1.4912824035784569,1.1079556160015878,0.8618006873264044,1.1543170205082367,1.4490227734112275,1.0817352921430683,0.8845408145396232,1.1330153276563644,1.4534824887228308,1.0888948613646103,0.9652020182119057,1.1447679212521336,1.5202688862454345,1.1488602109803447
sub-10520,11.0,3.373263601234724,2.8622123139985423,3.2760256086103055,3.221191281269574,2.7867358044305064,2.825676373161543,3.0697641975585066,2.8672280448952656,2.6641904491390114,2.8356833983514087,3.027478247954168,2.7978856361459,2.621703749509722,2.8902875129181473,3.0765953879990904,2.8025725999841704,2.6374185849759852,2.9648838721726247,3.195487061498447,2.8588020259057605,2.7211911787157095,3.156437849623702,3.575338668854602,3.0435397189774305
sub-10593,9.4,2.159448837681893,1.8287680882016777,1.7832305598964973,1.9827240808654902,1.7462012684458268,1.6586375028518214,1.633076919756433,1.696029239874977,1.6772719911710088,1.5934441187642725,1.5926443038184206,1.6351581012311778,1.6846052409344823,1.5560730776602574,1.5963446497696687,1.6304070523247227,1.7409613036943565,1.5602299232335495,1.6408968741237366,1.6707623511864997,1.923635683586795,1.6264247515150465,1.8061011192992629,1.819949309496975
sub-10741,11.7,1.1446811633548464,2.468838746340219,2.737290127378242,1.8738728001070384,0.9595697666372184,2.3397453393439895,2.333458591779477,1.6480858660994757,0.9304049125496077,2.2736909601861717,2.270413629149406,1.6012286036086982,0.9368345961096963,2.232271967370506,2.2780783719447992,1.5960048828836746,0.9636135515007966,2.2458878740937913,2.3336287010067847,1.6266859195255423,1.0459926898419685,2.369387410672795,2.536580616445571,1.7494883517005757
sub-10747,9.2,1.283432726457274,3.0584378036441584,3.0506484515689625,2.1689879270319175,1.1785571476422352,2.5970782178562963,2.8050511331876424,1.9398109115821023,1.1499027469644996,2.4180654350037267,2.73137998473781,1.862312728417634,1.1419453374822797,2.2359676711519416,2.6683153079366435,1.797043413513286,1.1505280770053163,2.145078796121678,2.6398227965544745,1.7714894366716964,1.1828156771658949,2.0887558094857237,2.6501448920235195,1.776133013960258
sub-10752,11.9,1.8157695770271556,1.677936890069669,1.8451207004098882,1.7886491861334672,1.6375035461065997,1.532174166993172,1.6652523279588225,1.6181083967912984,1.6033393933688824,1.4386264480361708,1.6011267992852392,1.5616080085147936,1.599933318054188,1.3386220118886412,1.5568715206883,1.5238400421713292,1.6167371602108178,1.290198332748083,1.5497417551803716,1.5183536020875226,1.6703844228323443,1.2707993389606425,1.5959406099738382,1.5518771986497923
sub-10764,12.9,1.0663387744241621,1.6135538712443145,2.492602219025368,1.5597084097795015,0.70654424626758,1.39016290185234,1.9748613885033692,1.1945281957227172,0.5904119912351489,1.3237766941184799,1.7611487519066074,1.0664373571238461,0.5104436834758971,1.2900045421241626,1.5914665639311416,0.9755896182517747,0.48114494557319776,1.2937710208910636,1.536391223257204,0.9481130338236657,0.46312109982506183,1.3452828192789454,1.5627129107036697,0.9585594824081848
sub-10769,12.0,3.0960766360004652,3.9416937733649893,6.829876364180185,4.240930852386526,2.6975525310354582,3.5596540439959194,5.364754830705819,3.5798784841931637,2.6201041496478177,3.416938822580272,4.908433441040871,3.3913951407291947,2.619726673358392,3.32789756737404,4.66891682468874,3.309066934694891,2.669699019409519,3.3257381449091468,4.673891011025211,3.334756798688349,2.833424323934096,3.436124309924598,4.9706914159346764,3.518416093431867
sub-10787,12.9,1.5188983768756708,1.8530138238920966,2.1313118308251005,1.7555306021171346,1.3729323809794904,1.8247341625480658,2.043230355452263,1.6534573199898275,1.3476106690619454,1.7981952790507938,2.0123991571063877,1.626453943570268,1.370255460307809,1.7592313174221954,2.011890547139448,1.6279081962943154,1.4221847430437653,1.7349344621776606,2.0422943895949217,1.6553995844650282,1.5765898489098051,1.7225510469579275,2.155429817391812,1.7577901405423373
sub-10788,8.6,1.2765732274591857,0.8712924364179812,1.074594067296322,1.1247582396581686,1.2001478361933946,0.7571432312395067,0.9202318209264424,1.0194176811381845,1.1879412545542172,0.7322937811419798,0.8871846832463842,0.9988402433741996,1.1956076478700515,0.7225292557863549,0.8827167039630873,0.9991153138723863,1.214013171596884,0.7303564701382629,0.9017028034444396,1.0150214041941177,1.2643051707632078,0.7773871026616743,0.9783861380981037,1.0710958955715484
sub-10790,11.1,1.2906570159906794,2.131925643043677,5.825139037583232,2.634594678152067,1.1303726043348041,1.724818691279783,3.7753716232819086,1.940233880807825,1.102831785003392,1.5116311724988845,3.083488264553891,1.7001957517648898,1.1174375134864865,1.2971228777910213,2.5407626434030655,1.518190137041765,1.158333146521561,1.1820877966523067,2.30214113821755,1.4502238069782447,1.2828463473245488,1.0676640264992074,2.108256256366647,1.4354032443787381
sub-10809,11.6,4.265787523042393,2.303911717838006,2.467268502821707,3.325688816686125,3.3899144371574073,2.0886229050503338,2.318327690551111,2.796694867479065,3.264570621042827,2.014512691913073,2.2871606006864242,2.707703633671288,3.290188891246561,1.9577900929599756,2.2908445495744743,2.7072531062568927,3.4047382086936673,1.949641458872157,2.326694958602651,2.7714532087155357,3.762044993018337,2.0084215585882954,2.475881002983279,3.0020981369020623
sub-10825,8.5,1.5768389870013568,2.3873645506371486,3.1293743208135187,2.1676042113633454,1.391705225901686,2.118919128778304,2.7364954667060175,1.9097062618219232,1.333668499565523,2.003777807137978,2.62254290978606,1.823414429013771,1.3054826622066458,1.893136726881287,2.57459086947663,1.7696732301928022,1.3064094580665417,1.8370376310733623,2.5949992207966854,1.7612139420007829,1.3322769301028616,1.8000079056953089,2.7266201379815747,1.7977954759706516
sub-10842,8.2,1.1803376506772645,2.2583071111201347,2.496828295740026,1.7789526770536725,1.038574300504346,2.1917859706149097,2.3148670511142733,1.6459504056844687,0.9934233243988986,2.1518689944248,2.284300567532881,1.6057540526888698,0.9851220475991301,2.110845711683582,2.307037787981294,1.597031898715784,1.0089409137545213,2.1008083377449354,2.366431422980901,1.6212803970587197,1.099749213889558,2.1497539802858725,2.559731658513501,1.7272460166446222
sub-10846,8.3,1.9287452813369188,3.489014734116885,3.36238187816308,2.6772217937384504,1.5635194057821589,3.000170974851074,3.2546798991438255,2.345472421389804,1.4961011401663227,2.7331697716582664,3.1879520811571687,2.22833103328702,1.4947662077794346,2.405495730350043,3.082514407063286,2.1193856382430494,1.538432025090084,2.192740447522616,2.994502335508826,2.0660267083029025,1.686802413351765,1.9224646552304079,2.855390136604126,2.0378649046345156
sub-10862,12.6,1.2728602667712314,1.5243119761259614,1.5299940634362594,1.4000066432761709,1.1066398403456568,1.1476171306495697,1.323367039404009,1.1710659626862232,1.0657376727345385,1.0540554536528521,1.2465508686910138,1.1080204169532357,1.049507797675571,0.9903847087050511,1.1969122688552312,1.071578143227856,1.0534798523087823,0.9702762492487181,1.1955636178084836,1.0681998929186916,1.0778017500795807,0.9783507661298689,1.261143928172926,1.0987745486154892
sub-10876,11.5,2.547246496578127,2.9492555700307475,3.112876919077264,2.789156370566066,2.425311355019954,2.7802755979145206,3.014926379426911,2.6614561718453347,2.405907447906648,2.727125138602945,3.025154998486313,2.6410237582256384,2.4143564723094015,2.696026147354515,3.0969192523099247,2.655414586070811,2.4377770231719045,2.7078630236803796,3.1984735866144893,2.695472664159669,2.499310776771715,2.8231574376016266,3.4898946686508734,2.827918414948982
sub-10883,10.7,2.9670914887783804,3.8581349631905675,2.7126331229515723,3.126237765924725,2.239396785924265,3.178751472685276,2.6060765246767823,2.565905392302647,1.9482206140167604,2.865276683035033,2.583451025556763,2.3362922341563293,1.7409640492603915,2.5476643192480326,2.5833145487588616,2.153226741631919,1.6665753485286983,2.35740362323348,2.6019759823812896,2.0731325756680414,1.6258935261112564,2.1149680204493606,2.666555108925266,2.008327545399285
sub-10918,12.4,1.586139735609317,2.52494971801247,2.803958607135038,2.125296949091535,1.2938388050606253,2.270755731784813,2.6022858246272316,1.8651797916333237,1.2409263195147267,2.137332884250604,2.497380397773236,1.7791414802633234,1.2398739431933552,2.0201430722384797,2.4244260938500144,1.731079263118801,1.2738691817814278,1.9813043738922609,2.422505409724712,1.737887036794957,1.389075873100583,2.0146606697126765,2.5329859905251886,1.8314496016097577
sub-10959,8.0,0.7404224433208627,2.5887841014414823,2.3184998041881704,1.5970321980678446,0.7320176929965059,2.2353024840412923,2.187298728875738,1.4716591497275104,0.7391874233345465,2.120462248499417,2.146445348229974,1.436320610849621,0.7615824501344068,1.9890699076021061,2.129884523370634,1.4105298328103886,0.7890724058797087,1.8977982923061258,2.1408121652091245,1.404188817318667,0.8597642075825294,1.7770478245011059,2.199327564838795,1.42397595112624
sub-10970,9.0,2.328542584951074,3.3017251664344953,3.801638959709508,2.9401123240115377,2.0113071697594846,3.1162465214637933,3.5341194090345853,2.668245067504337,1.9443746219947782,3.0100906499149276,3.4697820871235168,2.5921554952570003,1.9355331633089008,2.860404597962962,3.4470469239731445,2.5446294621384773,1.967211631926529,2.7542708724625835,3.463657839127287,2.538087993860732,2.0785241558413206,2.635952360301491,3.554566714828896,2.5868918467032573
sub-10990,10.1,1.760380951896775,2.2874742417712013,2.2524414733173654,2.0151694047205293,1.6012512223436146,1.7163844769297414,2.0266563964488027,1.7363858295164434,1.5796883586190966,1.5877116697269194,1.9456102378530509,1.6731746562045409,1.612139633782233,1.503151138916902,1.9026805326561103,1.6575277347843695,1.674952699828431,1.475356119635389,1.9143423651215854,1.684900971103459,1.8561949474757955,1.4877867358359904,2.018455476666134,1.804658026863429
