participant_id,age,sex,group,qc_flag,D_SE,D_C,D_G,D_D,NAI_v10
sub-10003,12.9,m,TD,ok,2.025825618006033,2.608172469392,2.4953327456906402,4.00909187412185,2.784605676802631
sub-10025,8.3,m,TD,ok,1.1626386162563747,0.5318371409642053,0.7538901393210049,2.737731489566264,1.2965243465269622
sub-10036,11.0,m,TD,ok,1.0179545337733154,1.6426504387061056,1.7203700540609193,3.2492105478398496,1.9075463935950474
sub-10124,12.0,f,TD,ok,1.6659244580616295,3.048278449963911,3.1317176290388216,4.547370497178915,3.098322758560819
sub-10129,12.7,f,TD,ok,2.8208844529024923,2.0157539359387124,2.0777058116847407,3.068765798182361,2.495777499677077
sub-10170,8.3,f,TD,ok,0.8975286347236984,1.8111678691232878,1.943238390181015,3.4076224695575315,2.0148893408963833
sub-10177,8.1,m,TD,ok,0.7543020799139554,1.2915550445937174,1.2921727181811677,2.491754578493175,1.457446105295504
sub-10182,10.6,f,TD,ok,0.834737959179565,2.7141445229522976,2.611532439559042,3.879516202012446,2.5099827809258377
sub-10212,9.5,m,TD,ok,1.3113812544209087,3.2189333962819955,2.7174689788007824,5.377360938500158,3.156286142000961
sub-10213,8.2,f,TD,ok,1.376606731297834,1.3224188609711034,1.4710602728022415,3.799862877752038,1.9924871857058042
sub-10214,12.6,f,TD,ok,2.0784406641603232,2.2327361495660867,2.352563426474582,2.868795602974472,2.383133960793866
sub-10258,12.7,m,TD,ok,2.229563050676359,3.034186072417768,3.10750376283485,3.8417430941552526,3.0532489950210575
sub-10260,8.3,f,TD,ok,0.6979402029212649,1.2476331431872658,1.3110471923427547,2.726848533812645,1.4958672680659826
sub-10310,11.8,m,TD,ok,1.6607569179108135,2.226864695198224,2.497940246727699,3.567690684708558,2.4883131361363233
sub-10314,9.0,m,TD,ok,2.1123468814925244,1.2960250938939775,1.242579341513818,2.2341951571550482,1.721286618513842
sub-10354,12.5,f,TD,ok,0.9154264810723098,1.794840045934725,1.8647502247061531,3.0598145022870127,1.9087078135000501
sub-10400,12.6,f,TD,ok,0.8550318395593786,1.509416341027771,1.5402979092978424,3.000662779015548,1.726352217225135
sub-10434,8.7,m,TD,ok,0.8208203226366871,1.1428611591772075,1.3937277951602969,2.800189139245957,1.539399604055037
sub-10520,11.0,m,TD,ok,2.4215857645057604,2.5578621149352605,2.699166423035011,3.431017750486662,2.7774080132406733
sub-10593,9.4,f,TD,ok,1.5815868495859817,1.509456027254423,1.5093080794382403,2.653829730095732,1.813545171593594
sub-10741,11.7,f,TD,ok,0.8987339158484419,2.0904083231812995,2.089793765572648,3.5660594697682493,2.1612488685926596
sub-10747,9.2,m,TD,ok,1.1006104869482936,2.2002934655175284,2.448272082544477,2.9419850831488246,2.1727902795397807
sub-10752,11.9,m,TD,ok,1.5125728821830242,1.3645188879638224,1.510889813929086,3.4655120234794916,1.963373401888856
sub-10764,12.9,f,TD,ok,0.5535108838060407,1.221217572993863,1.600521020519721,3.3358493636915343,1.6777747102527898
sub-10769,12.0,m,TD,ok,2.3505772815420465,2.925356388471488,3.7805259753960514,4.269416526591396,3.3314690430002454
sub-10787,12.9,f,TD,ok,1.2416118692063391,1.6329485545570919,1.8121837540875287,3.3846426634331217,2.0178467103210203
sub-10788,8.6,m,TD,ok,1.1169641441339335,0.6954111438127818,0.8401044865758227,2.8228945847182114,1.3688435898101874
sub-10790,11.1,m,TD,ok,1.069683884951307,1.448862935391586,2.7375026495514323,4.47515439929299,2.4328009672968287
sub-10809,11.6,f,TD,ok,2.8326036023555354,1.8795157896191046,2.1090124768576453,3.707163206579694,2.6320737688529947
sub-10825,8.5,m,TD,ok,1.24427525519322,1.823822600687864,2.3181819728050863,3.5429391601859863,2.232304747218039
sub-10842,8.2,f,TD,ok,0.924057055326284,1.9241905764811096,2.0314419533522123,3.2339827158072447,2.0284180752417127
sub-10846,8.3,m,TD,ok,1.3765116410209313,2.3857948465353496,2.7150873313253725,2.768273172123454,2.311416747751277
sub-10862,12.6,f,TD,ok,1.0016181070745676,0.9907811866112283,1.1659849674733396,2.262000427380976,1.3550961721350279
sub-10876,11.5,m,TD,ok,2.2084472809805287,2.457323817358156,2.6847647162943225,4.024965786698207,2.8438754003328035
sub-10883,10.7,f,TD,ok,1.837676766304652,2.583346928492701,2.368471291444906,4.173512863496469,2.7407519624346817
sub-10918,12.4,m,TD,ok,1.1675972956965373,1.9440807264137743,2.234428346566211,3.2483279543596524,2.148608580759044
sub-10959,8.0,f,TD,ok,0.6856300361064851,1.8842243360354791,1.906216446535031,2.105980374504658,1.6455127982954134
sub-10970,9.0,f,TD,ok,1.7993978160097275,2.6400116242900853,2.962714438516134,3.045764062881028,2.611971985424244
sub-10990,10.1,f,TD,ok,1.5104151014601972,1.5180181504710728,1.835036801262814,3.890754370964363,2.188556106039612
sub-11025,9.3,m,ASD,very_low_alpha,3.349174330002424,2.865522999076851,3.45421024796731,5.78802035541643,3.864231983115754
sub-11038,10.7,m,ASD,ok,0.5407912250976837,0.8411305129866052,1.0464750067688797,2.293177667500713,1.1803936030884703
