participant_id,age,group,D_SE,D_C,D_G,D_D,NAI,qc_flag
sub-10003,12.9,TD,1.9601456390256684,2.608172469392,2.4953327456906402,4.00909187412185,2.7681856820575397,ok
sub-10025,8.3,TD,0.811554843883732,0.5318371409642053,0.7538901393210049,2.737731489566264,1.2087534034338017,ok
sub-10036,11.0,TD,1.1077376654544875,1.6426504387061056,1.7203700540609193,3.2492105478398496,1.9299921765153405,ok
sub-10124,12.0,TD,1.7888104906650808,3.048278449963911,3.1317176290388216,4.547370497178915,3.1290442667116816,ok
sub-10129,12.7,TD,2.953291092099823,2.0157539359387124,2.0777058116847407,3.068765798182361,2.5288791594764093,ok
sub-10170,8.3,TD,0.8848978061560672,1.8111678691232878,1.943238390181015,3.4076224695575315,2.0117316337544757,ok
sub-10177,8.1,TD,0.6359903496059103,1.2915550445937174,1.2921727181811677,2.491754578493175,1.4278681727184925,ok
sub-10182,10.6,TD,1.2565063091956876,2.7141445229522976,2.611532439559042,3.879516202012446,2.6154248684298684,ok
sub-10212,9.5,TD,1.7063121688894256,3.2189333962819955,2.7174689788007824,5.377360938500158,3.2550188706180903,ok
sub-10213,8.2,TD,1.4134929974060666,1.3224188609711034,1.4710602728022415,3.799862877752038,2.0017087522328625,ok
sub-10214,12.6,TD,2.0821244550433873,2.2327361495660867,2.352563426474582,2.868795602974472,2.384054908514632,ok
sub-10258,12.7,TD,2.622662286799137,3.034186072417768,3.10750376283485,3.8417430941552526,3.1515238040517515,ok
sub-10260,8.3,TD,0.8966153791223778,1.2476331431872658,1.3110471923427547,2.726848533812645,1.5455360621162608,ok
sub-10310,11.8,TD,1.6157630706768635,2.226864695198224,2.497940246727699,3.567690684708558,2.4770646743278357,ok
sub-10314,9.0,TD,2.1763974185450428,1.2960250938939775,1.242579341513818,2.2341951571550482,1.7372992527769715,ok
sub-10354,12.5,TD,0.9217979307345365,1.794840045934725,1.8647502247061531,3.0598145022870127,1.910300675915607,ok
sub-10400,12.6,TD,0.888103801561714,1.509416341027771,1.5402979092978424,3.000662779015548,1.734620207725719,ok
sub-10434,8.7,TD,0.7420698351852578,1.1428611591772075,1.3937277951602969,2.800189139245957,1.5197119821921798,ok
sub-10520,11.0,TD,2.409820398974303,2.5578621149352605,2.699166423035011,3.431017750486662,2.7744666718578093,ok
sub-10593,9.4,TD,1.9569360873530486,1.509456027254423,1.5093080794382403,2.653829730095732,1.907382481035361,ok
sub-10741,11.7,TD,1.1334494055160476,2.0904083231812995,2.089793765572648,3.5660594697682493,2.2199277410095615,ok
sub-10747,9.2,TD,1.0643495580135554,2.2002934655175284,2.448272082544477,2.9419850831488246,2.1637250473060963,ok
sub-10752,11.9,TD,1.4615804953640257,1.3645188879638224,1.510889813929086,3.4655120234794916,1.9506253051841063,ok
sub-10764,12.9,TD,0.5135434176811126,1.221217572993863,1.600521020519721,3.3358493636915343,1.6677828437215576,ok
sub-10769,12.0,TD,2.3840205333124715,2.925356388471488,3.7805259753960514,4.269416526591396,3.3398298559428516,ok
sub-10787,12.9,TD,1.2815046402757286,1.6329485545570919,1.8121837540875287,3.3846426634331217,2.0278199030883677,ok
sub-10788,8.6,TD,0.9391810723907345,0.6954111438127818,0.8401044865758227,2.8228945847182114,1.3243978218743875,ok
sub-10790,11.1,TD,1.6045483454061598,1.448862935391586,2.7375026495514323,4.47515439929299,2.5665170824105417,ok
sub-10809,11.6,TD,2.5044342961495136,1.8795157896191046,2.1090124768576453,3.707163206579694,2.5500314423014894,ok
sub-10825,8.5,TD,1.2733303714426394,1.823822600687864,2.3181819728050863,3.5429391601859863,2.239568526280394,ok
sub-10842,8.2,TD,0.7396472376425806,1.9241905764811096,2.0314419533522123,3.2339827158072447,1.9823156208207868,ok
sub-10846,8.3,TD,0.6206522920375825,2.3857948465353496,2.7150873313253725,2.768273172123454,2.12245191050544,ok
sub-10862,12.6,TD,1.0105107502074713,0.9907811866112283,1.1659849674733396,2.262000427380976,1.3573193329182538,ok
sub-10876,11.5,TD,2.1212680371999046,2.457323817358156,2.6847647162943225,4.024965786698207,2.8220805893876477,ok
sub-10883,10.7,TD,1.9861950521318172,2.583346928492701,2.368471291444906,4.173512863496469,2.777881533891473,ok
sub-10918,12.4,TD,1.2613980009008505,1.9440807264137743,2.234428346566211,3.2483279543596524,2.172058757060122,ok
sub-10959,8.0,TD,0.5296789568294591,1.8842243360354791,1.906216446535031,2.105980374504658,1.6065250284761567,ok
sub-10970,9.0,TD,1.9723230365328206,2.6400116242900853,2.962714438516134,3.045764062881028,2.655203290555017,ok
sub-10990,10.1,TD,1.502878349154798,1.5180181504710728,1.835036801262814,3.890754370964363,2.186671917963262,ok
sub-11025,9.3,ASD,3.7124409505061604,2.865522999076851,3.45421024796731,5.78802035541643,3.955048638241688,very_low_alpha
sub-11038,10.7,ASD,0.5235679753763618,0.8411305129866052,1.0464750067688797,2.293177667500713,1.17608779065814,ok
sub-11049,11.9,ASD,1.8287700561464262,2.691506082854536,2.979771083587488,5.1961902034397855,3.174059356507059,ok
sub-11053,9.3,ASD,1.5312295296180536,1.6927280638550215,1.7277210573852666,4.867077472371491,2.454689030807458,ok
sub-11055,9.9,ASD,1.6042166446389154,1.4149379929456323,1.501623283636454,3.816706271944757,2.0843710482914397,ok
sub-11057,9.7,ASD,0.7275798570835693,1.9169673725506475,2.207361805370662,4.444355273974876,2.3240660772449386,ok
sub-11062,12.9,ASD,1.1072027889341867,2.4771557196413223,2.585694799528065,3.665204979840068,2.4588145719859105,ok
sub-11074,10.7,ASD,1.775175523400282,1.4779552379677854,1.552982729652612,4.522957815051113,2.332267826517948,ok
sub-11078,10.5,ASD,2.095737331750998,3.1168294936910534,3.8276153685783303,6.742052690829654,3.945558721212509,ok
sub-11152,8.1,ASD,0.9158080723479292,1.2580850024024326,1.189951882872826,2.608273375591681,1.4930295833037173,ok
sub-11161,11.0,ASD,2.236419779889346,4.004777823134707,5.086253746437501,6.3319660884638695,4.414854359481356,ok
sub-11181,8.5,ASD,2.153866916697735,1.4369690594240379,1.604035345750748,4.182333863388484,2.344301296315251,ok
sub-11204,11.3,ASD,0.8063192861743469,1.7563324782106706,2.26923577769017,3.7521667804007177,2.1460135806189764,ok
sub-11215,11.4,ASD,2.6862232529359527,2.268745142141394,2.216719611219273,3.123013563544125,2.573675392460186,ok
sub-11227,10.8,ASD,1.747455801173051,3.4358083132435397,3.841335443751077,4.910457832408532,3.4837643476440503,ok
sub-11229,11.2,ASD,1.013843492597536,1.5248803085222864,1.9150420640740058,3.2238849350578844,1.9194127000629282,ok
sub-11235,11.3,ASD,1.7973200492131376,1.5484816411129405,1.6270789898802498,2.629720876486996,1.900650389173331,ok
sub-11242,12.7,ASD,1.131119207065434,1.4475366001825702,1.8796089673503968,4.8094683302089996,2.3169332762018504,ok
sub-11243,8.6,ASD,1.898240553057126,3.216934918489237,3.288324308023523,5.9386159279452695,3.585528926878789,ok
sub-11244,12.0,ASD,3.4197121034189033,2.538255838539617,2.1818286004173335,15.490764547047236,5.907640272355772,ok
sub-11256,12.4,ASD,0.4901773210119508,1.7932502037165752,2.115916499633035,3.3601201309404596,1.9398660388255051,ok
sub-11265,12.1,ASD,2.775985698504548,2.261692655560815,2.3416859316279366,5.420804558139948,3.200042210958312,ok
sub-11274,11.3,ASD,2.5736135842297827,2.192781245864761,2.4107582375885808,6.4998028126829785,3.419238970091526,ok
sub-11321,10.4,ASD,1.1926709935460802,1.1373740755334745,1.2143534625944161,3.546557347446839,1.7727389697802023,ok
sub-11323,10.0,ASD,1.958156980741622,3.465548253181919,4.013708765453633,4.632736166409937,3.517537541446778,ok
sub-11325,14.5,ASD,1.761894522391029,2.8047581900732905,3.008100025042156,4.100012049375388,2.9186911967204656,ok
sub-11335,10.7,ASD,4.95347553151838,3.0536545567514404,3.357534578135395,8.226356019936029,4.897755171585311,ok
sub-11386,12.4,ASD,1.4139522634706856,1.3384187082965449,1.3789893477543638,3.42114702815117,1.888126836918191,ok
sub-11391,12.8,ASD,2.8679593942942425,2.5573584401721594,2.5611263314653745,5.57320128935148,3.389911363820814,ok
sub-11405,9.0,ASD,2.3343067154874046,1.8509426179506168,2.08825077863907,4.9756453672301335,2.812286369826806,ok
sub-11423,10.6,ASD,1.5000516336392045,1.660859465681116,1.8420280971209033,2.9008870950252086,1.975956572866608,ok
sub-11453,10.1,ASD,1.6915457404684298,2.543144027955132,3.337971535123536,5.4225444799243965,3.2488014458678736,ok
sub-11497,10.7,ASD,1.2939691215872446,0.9105962856148435,1.2956952217047968,5.498025528926694,2.249571539458395,ok
sub-11510,11.8,ASD,1.6371545962789513,1.2779216691582234,1.5176397690386318,5.128580082776489,2.390324029313074,ok
sub-11535,9.3,ASD,2.1005682583700453,1.2155219741149161,1.3390327292300597,2.212258583887655,1.716845386400669,ok
sub-11547,13.0,ASD,1.9260081831954152,2.2613822680416322,2.39059584478923,4.009919711767828,2.6469765019485263,ok
sub-11548,12.4,ASD,1.4012256634429425,2.184781109765039,2.4293909904743565,4.471652133707003,2.621762474347335,ok
sub-11551,11.7,ASD,0.8562162966996409,1.9703260330818955,2.0654306828290077,4.417195508797842,2.327292130352096,ok
sub-11562,12.0,ASD,4.292745819347142,4.309780186911654,4.295380047178825,8.806573982700037,5.426120009034414,ok
sub-11576,10.8,ASD,2.530006719882789,5.89925891133697,6.939123731227617,8.628374088248526,5.999190862673975,ok
sub-11593,9.5,ASD,2.5004646428537303,1.6757547334357266,1.8779918867488343,4.919756337571636,2.743491900152482,ok
sub-11601,12.9,ASD,0.9487784053274739,0.8882645029857507,1.1289952799979066,3.0488955253715355,1.5037334284206667,ok
sub-11613,10.2,ASD,1.3916544620352032,1.5536300043519138,1.9031202978773878,5.4774796747979915,2.5814711097656238,ok
sub-11636,10.7,ASD,1.2552206259803165,1.5770920931622108,1.25081220393444,4.456920764292559,2.135011421842382,ok
sub-11638,10.9,ASD,1.7052836701962026,2.9647192432934317,3.179372633074167,6.163436252590486,3.503202949788572,ok
sub-11674,11.7,ASD,0.7219866407103135,1.3812237395544442,1.3947782462327465,5.612378694727389,2.277591830306223,ok
sub-11731,11.5,ASD,2.0917458640859206,3.2424855247153492,3.59716183327975,5.216986902542925,3.537095031155986,ok
sub-11755,8.1,ASD,1.657848739830875,3.100440443037268,3.39053208299153,3.671427194104686,2.95506211499109,ok
sub-11759,11.6,ASD,0.7664289774227158,1.8582165697161617,1.9457174304600389,7.788888532454048,3.089812877513241,ok
sub-11776,11.1,ASD,2.676069427163009,1.2016160810385923,1.4768991667053928,5.562370387052463,2.729238765489864,ok
sub-11777,12.5,ASD,1.5635750895487635,0.7352787123642567,0.9222795007052158,3.672411538017966,1.7233862101590507,ok
sub-11791,9.3,ASD,1.56126567279754,0.7481906315253873,1.1589566782479441,3.5456561540490346,1.7535172841549764,ok
sub-11831,8.0,ASD,1.286014755135817,2.5519586126009233,2.508260770958321,4.899988800071871,2.8115557346917335,ok
sub-11847,8.3,ASD,2.388188493459363,1.9490774025379058,2.069260047875211,5.167189416979824,2.8934288402130757,ok
sub-11868,10.1,ASD,2.3783528620526484,2.050537130813286,2.307078259921359,7.587265240397168,3.580808373296115,ok
sub-11876,10.6,ASD,1.8912543650656035,1.9669094372876104,2.37095159738948,6.554425664455393,3.1958852660495216,ok
sub-11883,10.8,ASD,1.6179588343205185,2.0880220098345106,2.0948503304884523,4.423359574542959,2.55604768729661,ok
sub-11936,12.0,ASD,6.141309131568197,20.52012942435927,23.807655541494896,15.24345709327143,16.428137797673447,ok
sub-11955,8.5,ASD,1.5419661380803062,0.7160602230262424,0.8649135555253554,4.130408774461637,1.8133371727733854,ok
sub-11976,8.3,ASD,2.3001993248347516,1.3873598503708864,1.528119079100672,6.461249142950668,2.9192318493142446,ok
sub-11990,11.7,ASD,3.1678261848742104,2.2290909279872055,2.6655087445234016,5.068031323691355,3.2826142952690436,ok
sub-11993,8.6,ASD,1.551580980435038,2.053265921384817,2.3007420310806777,4.5025397378985,2.6020321676997584,ok
sub-2713,9.9,ASD,2.810550835898418,8.506605663496192,12.111977387855834,16.201857553639126,9.907747860222393,ok
