participant_id,age,sex,group,qc_flag,n_runs,mahalanobis_distance,feat_alpha_rel,pred_alpha_rel,resid_alpha_rel,z_alpha_rel,feat_beta_rel,pred_beta_rel,resid_beta_rel,z_beta_rel,feat_theta_rel,pred_theta_rel,resid_theta_rel,z_theta_rel,feat_spectral_entropy_mean,pred_spectral_entropy_mean,resid_spectral_entropy_mean,z_spectral_entropy_mean,feat_log_theta_alpha,pred_log_theta_alpha,resid_log_theta_alpha,z_log_theta_alpha,feat_log_theta_beta,pred_log_theta_beta,resid_log_theta_beta,z_log_theta_beta
sub-10003,12.9,m,TD,ok,12,2.025825618006033,0.1779020279163175,0.17794324872011075,-4.1220803793234895e-05,-0.0002945701195439279,0.0439660479595868,0.10341297900935167,-0.059446931049764874,-0.5125761969592015,0.1173857474243345,0.1310335775699207,-0.01364783014558621,-0.11717344535137862,0.6786039933270333,0.7527397899596565,-0.07413579663262326,-0.6445738128353776,-0.4157674956119367,-0.055910739541514154,-0.35985675607042256,-0.5838887482556392,0.9820477994161226,0.3599832023377514,0.6220645970783713,1.2091691942546239
sub-10025,8.3,m,TD,ok,12,1.1626386162563747,0.0783875522558608,0.10992854105253005,-0.03154098879666925,-0.22539669257719286,0.0775174740145172,0.06783434914084845,0.00968312487366875,0.08349193532415006,0.2132463079244205,0.15426437471285245,0.058981933211568055,0.506389386016753,0.7272994640669089,0.7247054349865993,0.00259402908030959,0.022553790352948366,1.0007827303505308,0.4100888204136238,0.590693909936907,0.9584356048821671,1.01194449075501,0.8203440742214448,0.19160041653356508,0.37243289903790033
sub-10036,11.0,m,TD,ok,12,1.0179545337733154,0.1582931410493817,0.14985021729219697,0.008442923757184723,0.06033441446045604,0.145100304167329,0.08871745797670903,0.056382846190619965,0.4861563812256359,0.2021848499595005,0.1406289068246099,0.0615559431348906,0.528488548144872,0.7882136724805068,0.7411603824707851,0.04705329000972169,0.40910491187288,0.2447337406246629,0.1365673395703908,0.10816640105427211,0.17550634648231195,0.3317571216149655,0.5501322581157986,-0.21837513650083307,-0.42447760102105436
sub-10124,12.0,f,TD,ok,2,1.6659244580616295,0.295280140056441,0.16463602330688845,0.13064411674955254,0.9336026847429522,0.1331577173112325,0.09645194273073147,0.03670577458050102,0.31649247503062417,0.1151426167877328,0.13557873353266822,-0.020436116744935423,-0.17545427976926448,0.7823531072240623,0.7472548074649279,0.035098299759134366,0.30516222833476464,-0.9417530270413076,0.0352630874062303,-0.9770161144475379,-1.5852660995441272,-0.145362764111256,0.4500538077063001,-0.5954165718175561,-1.1573707614480753
sub-10129,12.7,f,TD,ok,6,2.8208844529024923,0.1894711642199945,0.17498608751717246,0.014485076702822036,0.10351255636246291,0.253533532837388,0.10186608205854718,0.1516674507788408,1.307739924498972,0.090110410653418,0.13204361222830907,-0.04193320157489107,-0.36001750100420793,0.8314687463071363,0.7515209049608279,0.07994784134630839,0.6951066457127838,-0.7432011417568576,-0.03564988910868183,-0.7075512526481758,-1.1480435152775197,-1.0344603902380656,0.3799988924196511,-1.4144592826577167,-2.7494260228760914
sub-10170,8.3,f,TD,ok,6,0.8975286347236984,0.1016249968207473,0.10992854105253005,-0.008303544231782756,-0.059338387219804035,0.093624595542667,0.06783434914084845,0.025790246401818553,0.2223742451602499,0.1366234472511185,0.15426437471285245,-0.017640927461733957,-0.15145618225279672,0.739869190724716,0.7247054349865993,0.01516375573811668,0.1318413006534162,0.2959390448061524,0.4100888204136238,-0.11414977560747142,-0.18521472354979293,0.3779354595334221,0.8203440742214448,-0.4424086146880227,-0.8599538868890575
sub-10177,8.1,m,TD,ok,6,0.7543020799139554,0.148846267530013,0.10697137984959175,0.04187488768042126,0.2992443022650292,0.0894368510221303,0.06628745219004395,0.023149398832086346,0.19960375759867816,0.1517014034475559,0.15527440937124082,-0.0035730059236849243,-0.030676042262618955,0.7283736985065913,0.7234865499877707,0.00488714851882055,0.042491321301627784,0.0190001260091868,0.4303496708464559,-0.4113495448372691,-0.6674388260854472,0.528381336704964,0.8403597643033446,-0.31197842759838057,-0.6064236828388936
sub-10182,10.6,f,TD,ok,6,0.834737959179565,0.0732664788285087,0.1439358948863204,-0.07066941605781168,-0.5050143718853353,0.0488554314686765,0.08562366407510005,-0.036768232606423555,-0.317031014141586,0.1158460697953019,0.1426489761413866,-0.026802906346084704,-0.23011635172033265,0.7593363123731356,0.7387226124731279,0.02061369990000772,0.17922584965311192,0.4581591358214641,0.177089040436055,0.2810700953854091,0.4560527582107233,0.8633967663845856,0.5901636382795981,0.27323312810498757,0.5311105677868281
sub-10212,9.5,m,TD,ok,3,1.3113812544209087,0.0472647601354244,0.1276715082701598,-0.0804067481347354,-0.5745988246370569,0.0350026342879501,0.07711573084567537,-0.04211309655772527,-0.36311665706786456,0.1195386089088457,0.14820416676252246,-0.028665557853676762,-0.24610814618914686,0.6574592984861466,0.7320187449795708,-0.07455944649342416,-0.6482572372873575,0.9278744173168844,0.28852371781663133,0.639350699500253,1.0373841072321421,1.228216082266353,0.7002499337300465,0.5279661485363065,1.026260625371891
sub-10213,8.2,f,TD,ok,6,1.376606731297834,0.0279046502649001,0.10844996045106088,-0.08054531018616078,-0.5755890100846129,0.0188377715996096,0.06706090066544619,-0.04822312906583659,-0.41579990195535954,0.039561065076206,0.15476939204204665,-0.11520832696584066,-0.9891210880962981,0.6576446763450435,0.724095992487185,-0.0664513161421415,-0.5777610838381518,0.349052078351192,0.42021924563004,-0.07116716727884798,-0.11547291392582422,0.7419814475738055,0.8303519192623948,-0.08837047168858936,-0.17177452719452938
sub-10214,12.6,f,TD,ok,6,2.0784406641603232,0.3684097071211959,0.1735075069157033,0.19490220020549262,1.3928007008764096,0.0755750273683069,0.10109263358314494,-0.025517606214838034,-0.22002342792354962,0.1418936332859457,0.13254862955750324,0.009345003728442464,0.08023152926160995,0.7543066185549842,0.7509114624614136,0.0033951560935705505,0.029519190563887777,-0.9541179378919996,-0.02551946389226578,-0.9285984739997338,-1.5067056306973856,0.6299518127481267,0.3900067374606009,0.23994507528752584,0.46640524909060194
sub-10258,12.7,m,TD,ok,6,2.229563050676359,0.0268922968040806,0.17498608751717246,-0.14809379071309187,-1.0583007030355003,0.0532920682874851,0.10186608205854718,-0.048574013771062075,-0.41882537601431585,0.0879817886490776,0.13204361222830907,-0.04406182357923147,-0.37829278516577003,0.6702342538416235,0.7515209049608279,-0.08128665111920441,-0.7067469296130597,1.185289964454884,-0.03564988910868183,1.2209398535635658,1.981046710300316,0.5013423384115352,0.3799988924196511,0.12134344599188407,0.2358673962594928
sub-10260,8.3,f,TD,ok,3,0.6979402029212649,0.0945947395267359,0.10992854105253005,-0.015333801525794152,-0.10957767274924785,0.0520310633897969,0.06783434914084845,-0.015803285751051548,-0.13626251122959493,0.1681881822343006,0.15426437471285245,0.013923807521448145,0.11954284910448976,0.7111161480584975,0.7247054349865993,-0.013589286928101796,-0.11815207884481037,0.575481617898221,0.4100888204136238,0.16539279748459723,0.2683595399133797,1.1732425717640802,0.8203440742214448,0.35289849754263536,0.6859641167998118
sub-10310,11.8,m,TD,ok,6,1.6607569179108135,0.3196529435811815,0.16167886210395016,0.15797408147723135,1.1289067602613663,0.0939162782590224,0.09490504577992699,-0.0009887675209045849,-0.008525565350342077,0.1306441653504262,0.13658876819105656,-0.005944602840630364,-0.051037387529879276,0.7638995482776035,0.7460359224660993,0.017863625811504247,0.15531532570486828,-0.8947585235908003,0.0555239378390624,-0.9502824614298627,-1.5418891754389807,0.330073603762036,0.47006949778819984,-0.13999589402616386,-0.2721240256616718
sub-10314,9.0,m,TD,ok,3,2.1123468814925244,0.1187935206317007,0.12027860526281406,-0.0014850846311133536,-0.010612640149237126,0.0885473084690492,0.07324848846866415,0.015298820000385044,0.1319127974360209,0.0722779480225585,0.1507292534084933,-0.0784513053859348,-0.6735436803011522,0.7448085097628464,0.7289715324824994,0.015836977280347053,0.13769462652389575,-0.4968677892668252,0.3391758438987116,-0.8360436331655368,-1.3565299587166615,-0.2030178921233013,0.7502891589347959,-0.9533070510580972,-1.8530382925166629
sub-10354,12.5,f,TD,ok,5,0.9154264810723098,0.142285234685412,0.17202892631423417,-0.029743691628822178,-0.2125529342593222,0.1434510004963842,0.1003191851077427,0.04313181538864151,0.37190047508674,0.1495174243942659,0.13305364688669738,0.016463777507568528,0.14134976135266641,0.766767079369902,0.7503020199619993,0.01646505940790266,0.14315548767493277,0.0495791993326407,-0.015389038675849953,0.06496823800849065,0.10541478665396647,0.0414194202379511,0.40001458250155086,-0.3585951622635998,-0.6970372939633074
sub-10400,12.6,f,TD,ok,6,0.8550318395593786,0.0943818653596184,0.1735075069157033,-0.0791256415560849,-0.5654438426062717,0.0942540587279706,0.10109263358314494,-0.006838574855174334,-0.0589650404148146,0.1442380638007756,0.13254862955750324,0.011689434243272373,0.10035963738423105,0.7659733424885492,0.7509114624614136,0.015061880027135599,0.13095554210700444,0.4241162048936683,-0.02551946389226578,0.4496356687859341,0.7295603136241486,0.4254712665217482,0.3900067374606009,0.03546452906114733,0.06893595332525347
sub-10434,8.7,m,TD,ok,6,0.8208203226366871,0.1961452055422212,0.11584286345840661,0.08030234208381459,0.5738527231525948,0.0981161835787858,0.07092814304245741,0.027188040536328395,0.23442660831755316,0.1796447472757074,0.1522443053960758,0.027400441879631587,0.23524649302768225,0.7578891662087605,0.7271432049842564,0.030745961224504015,0.2673208133713687,-0.0878739550662774,0.36956711954795973,-0.4574410746142371,-0.7422250435808185,0.604828951290162,0.7803126940576455,-0.17548374276748346,-0.34110530778238585
sub-10520,11.0,m,TD,ok,3,2.4215857645057604,0.4103559213522955,0.14985021729219697,0.26050570406009854,1.861613295358698,0.0732689580590097,0.08871745797670903,-0.015448499917699338,-0.13320340001925438,0.1742693675497639,0.1406289068246099,0.033640460725154,0.2888201746596929,0.7588370698952988,0.7411603824707851,0.01767668742451367,0.15368998957386368,-0.8564226924500465,0.1365673395703908,-0.9929900320204373,-1.6111847201592526,0.8664651640227417,0.5501322581157986,0.3163329059069431,0.6148879179882545
sub-10593,9.4,f,TD,ok,2,1.5815868495859817,0.0662355998835838,0.12619292766869064,-0.059957327785106845,-0.4284641634303113,0.0584862007594301,0.07634228237027313,-0.017856081610843032,-0.15396257204626976,0.2096903702822987,0.1487091840917166,0.0609811861905821,0.5235539724148218,0.6748514355478726,0.7314093024801565,-0.05655786693228382,-0.4917424724662075,1.152413934460378,0.2986541430330474,0.8537597914273307,1.3852754673027317,1.276841173494221,0.7102577787709964,0.5665833947232247,1.1013248304005618
sub-10741,11.7,f,TD,ok,6,0.8987339158484419,0.1149826599279654,0.160200281502481,-0.0452176215745156,-0.32313198596295145,0.0654761559889443,0.09413159730452474,-0.02865544131558044,-0.24707914895441682,0.1638898503669277,0.13709378552025075,0.02679606484667693,0.23005761402734948,0.735004580122704,0.745426479966685,-0.010421899843981008,-0.09061322632995308,0.3544132243068633,0.06565436305547845,0.28875886125138484,0.4685282329694539,0.9175085124031448,0.4800773428291498,0.43743116957399497,0.8502787288327354
sub-10747,9.2,m,TD,ok,6,1.1006104869482936,0.0676126610068235,0.12323576646575235,-0.055623105458928845,-0.39749115292919757,0.0766783723812374,0.07479538541946863,0.001882986961768765,0.01623589777879732,0.10508599736246,0.14971921875010497,-0.04463322138764496,-0.38319852103468316,0.725165419784373,0.7301904174813278,-0.005024997696954858,-0.04368985122080524,0.4409837789290947,0.3189149934658796,0.12206878546321509,0.19806378272151898,0.3151593456075038,0.7302734688528962,-0.41511412324539243,-0.8068988530866483
sub-10752,11.9,m,TD,ok,6,1.5125728821830242,0.0816426043060694,0.1631574427054193,-0.08151483839934989,-0.5825174058309182,0.1078013725760214,0.09567849425532923,0.01212287832069217,0.10452850561146204,0.0912174251983334,0.1360837508618624,-0.044866325663528994,-0.38519983778907607,0.7655796785490859,0.7466453649655136,0.018934313583572338,0.1646244224023529,0.1108947072895145,0.04539351262264635,0.06550119466686816,0.10627954017292959,-0.1670444464092251,0.46006165274724986,-0.627106099156475,-1.2189688662408527
sub-10764,12.9,f,TD,ok,6,0.5535108838060407,0.1484737767309949,0.17794324872011075,-0.029469471989115842,-0.21059331909861917,0.0804407964018494,0.10341297900935167,-0.02297218260750228,-0.19807572550631114,0.1326726507486879,0.1310335775699207,0.0016390731787671864,0.01407226273264394,0.7389828627816973,0.7527397899596565,-0.013756927177959177,-0.11960962728892728,-0.112523533234277,-0.055910739541514154,-0.05661279369276284,-0.09185758690619997,0.5003633563195045,0.3599832023377514,0.14038015398175308,0.27287095018215796
sub-10769,12.0,m,TD,ok,3,2.3505772815420465,0.1384748728098706,0.16463602330688845,-0.026161150497017838,-0.1869515516477624,0.0477290387471002,0.09645194273073147,-0.04872290398363127,-0.4201091694343543,0.2356944476679825,0.13557873353266822,0.10011571413531428,0.8595434610418519,0.741866881504054,0.7472548074649279,-0.005387925960873896,-0.04684533164302648,0.531847367476305,0.0352630874062303,0.4965842800700747,0.8057371962659542,1.5969962614600337,0.4500538077063001,1.1469424537537336,2.229426797756022
sub-10787,12.9,f,TD,ok,6,1.2416118692063391,0.2976639435319269,0.17794324872011075,0.11972069481181613,0.8555422538457782,0.1493426647204094,0.10341297900935167,0.04592968571105774,0.39602487821612237,0.1406612805128447,0.1310335775699207,0.009627702942924005,0.08265864336001066,0.7892024441714974,0.7527397899596565,0.03646265421184092,0.3170246104981067,-0.7496104094557272,-0.055910739541514154,-0.6936996699142131,-1.1255685077433826,-0.0598886943199018,0.3599832023377514,-0.4198718966576532,-0.8161470132783215
sub-10788,8.6,m,TD,ok,6,1.1169641441339335,0.1666169660791964,0.11436428285693748,0.05225268322225893,0.3734056041332686,0.0581489875006441,0.07015469456705517,-0.012005707066411068,-0.10351820625955657,0.1548526562436231,0.15274932272526998,0.002103333518353123,0.018058169865792003,0.7277691470873454,0.7265337624848421,0.0012353846025032755,0.01074105357631303,-0.0732235018297107,0.3796975447643758,-0.4529210465940865,-0.7348910323159316,0.9794655929696856,0.7903205390985953,0.18914505387109026,0.3676601649743775
sub-10790,11.1,m,TD,ok,6,1.069683884951307,0.0631465074464615,0.15132879789366613,-0.08818229044720463,-0.6301640300122814,0.0468784846356645,0.08949090645211127,-0.042612421816446776,-0.36742204739906403,0.1237220077899067,0.14012388949541574,-0.016401881705509033,-0.14081835494573341,0.7210299973863875,0.7417698249701994,-0.020739827583811876,-0.18032246701943783,0.672579634594749,0.12643691435397475,0.5461427202407743,0.8861486797483124,0.9704783557625069,0.5401244130748488,0.43035394268765803,0.8365220148646021
sub-10809,11.6,f,TD,ok,6,2.8326036023555354,0.0121454349012243,0.15872170090101184,-0.14657626599978754,-1.0474562411358446,0.0126452629519334,0.0933581488291225,-0.0807128858771891,-0.6959401159649143,0.060751698169755,0.1375988028494449,-0.07684710467968989,-0.6597708151804194,0.6689290919942558,0.7448170374672708,-0.07588794547301503,-0.6598078739772987,1.6098416643527569,0.0757847882718945,1.5340568760808624,2.4890974923158655,1.5695123604023054,0.4900851878700996,1.0794271725322058,2.09819059081235
sub-10825,8.5,m,TD,ok,6,1.24427525519322,0.1836238278050884,0.11288570225546835,0.07073812554962006,0.5055053803410975,0.0655830485204168,0.06938124609165293,-0.003798197571236131,-0.03274964126800945,0.2202041696283163,0.15325434005446414,0.06694982957385215,0.5747977600228937,0.736679611468218,0.725924319985428,0.010755291482790086,0.09351190051375538,0.1816659089120398,0.3898279699807917,-0.20816206106875193,-0.33775518514361835,1.2112379038946912,0.8003283841395452,0.410909519755146,0.7987259446164675
sub-10842,8.2,f,TD,ok,6,0.924057055326284,0.1405789515311787,0.10844996045106088,0.03212899108011781,0.22959864612949046,0.0681626225562033,0.06706090066544619,0.001101721890757107,0.009499504968527932,0.1274301355739902,0.15476939204204665,-0.02733925646805646,-0.23472118567823386,0.7221734020234338,0.724095992487185,-0.001922590463751206,-0.016715966132826613,-0.0982010054219028,0.42021924563004,-0.5184202510519428,-0.8411673432577043,0.6256718998821269,0.8303519192623948,-0.20468001938026792,-0.39785703169164405
sub-10846,8.3,m,TD,ok,3,1.3765116410209313,0.0672448491117624,0.10992854105253005,-0.042683691940767654,-0.3050241402529768,0.0445857993842471,0.06783434914084845,-0.023248549756601344,-0.2004586781625394,0.1858006584044952,0.15426437471285245,0.03153628369164274,0.2707547627945332,0.7485585269317322,0.7247054349865993,0.023853091945132854,0.2073907494267264,1.0163339475780075,0.4100888204136238,0.6062451271643837,0.9836683693297684,1.4272589611230928,0.8203440742214448,0.606914886901648,1.1797211868714426
sub-10862,12.6,f,TD,ok,6,1.0016181070745676,0.2280856099931244,0.1735075069157033,0.054578103077421114,0.3900234073221858,0.0890194678401408,0.10109263358314494,-0.012073165743004141,-0.10409986306318587,0.1772181810019122,0.13254862955750324,0.044669551444408956,0.38351043273606267,0.7756819678687102,0.7509114624614136,0.02477050540729664,0.2153672023700161,-0.252339406405801,-0.02551946389226578,-0.2268199425135352,-0.36802869497252566,0.688526548909712,0.3900067374606009,0.2985198114491111,0.5802628241090659
sub-10876,11.5,m,TD,ok,3,2.2084472809805287,0.0546884799090692,0.1572431202995427,-0.10255464039047352,-0.7328710238436512,0.1118247502877594,0.09258470035372025,0.019240049934039147,0.165895723300487,0.0790177455215677,0.13810382017863906,-0.05908607465707136,-0.5072834923943474,0.7399195126576424,0.7442075949678565,-0.0042880823102140475,-0.037282739108388,0.3680193718028777,0.08591521348831055,0.28210415831456714,0.4577305861217976,-0.3472604621561879,0.5000930329110493,-0.8473534950672372,-1.6470857651945854
sub-10883,10.7,f,TD,ok,6,1.837676766304652,0.1266729182403781,0.14541447548778952,-0.018741557247411417,-0.13393001229431145,0.1818038940879148,0.0863971125505023,0.09540678153741251,0.8226370038114473,0.2124687605013218,0.14214395881219244,0.07032480168912936,0.6037735830287034,0.823690962088451,0.7393320549725422,0.08435890711590888,0.7334586647228262,0.5171866507882239,0.16695861521963895,0.35022803556858495,0.5682655830203556,0.1558663670125014,0.5801557932386483,-0.4242894262261469,-0.8247338074698234
sub-10918,12.4,m,TD,ok,6,1.1675972956965373,0.0654072318938066,0.17055034571276503,-0.10514311381895844,-0.7513686477883406,0.0669264059915766,0.09954573663234045,-0.03261933064076385,-0.2812574535294471,0.1257533060365926,0.13355866421589155,-0.007805358179298949,-0.0670129024404515,0.6833609280383235,0.7496925774625851,-0.06633164942426162,-0.5767206413512981,0.6536892674179345,-0.005258613459433903,0.6589478808773684,1.069181686437195,0.6307285015320543,0.4100224275425006,0.22070607398955366,0.42900847742574244
sub-10959,8.0,f,TD,ok,6,0.6856300361064851,0.1595068364239824,0.1054927992481226,0.054014037175859786,0.3859925067874213,0.0760583666551036,0.06551400371464172,0.010544362940461877,0.0909178886098422,0.165832074038803,0.155779426700435,0.010052647338368026,0.08630700345577562,0.7383778153533611,0.7228771074883564,0.015500707865004681,0.13477093150701674,0.0388888912671086,0.440480096062872,-0.4015912047957634,-0.6516053455247193,0.7794746463229707,0.8503676093442945,-0.07089296302132375,-0.13780174499147263
sub-10970,9.0,f,TD,ok,6,1.7993978160097275,0.0462933793884077,0.12027860526281406,-0.07398522587440637,-0.5287096520394677,0.0791588242220743,0.07324848846866415,0.005910335753410156,0.05096137630214903,0.1616573940211653,0.1507292534084933,0.010928140612672,0.09382355093899093,0.7079112598338012,0.7289715324824994,-0.021060272648698142,-0.18310857719373827,1.2504802869574962,0.3391758438987116,0.9113044430587847,1.478645048512765,0.7140229766126998,0.7502891589347959,-0.03626618232209611,-0.0704942069731313
sub-10990,10.1,f,TD,ok,6,1.5104151014601972,0.2850785639341693,0.13654299187897467,0.14853557205519463,1.0614577395505633,0.1256191063652889,0.08175642169808883,0.04386268466720006,0.378202334386495,0.149793759235721,0.14517406278735745,0.004619696448363547,0.03966240373436546,0.7888036149714134,0.7356753999760565,0.053128214995356915,0.4619233577322273,-0.6435053956349095,0.22774116651813525,-0.8712465621530447,-1.4136487811222793,0.1760050463649021,0.6402028634843475,-0.4641978171194454,-0.9023077396419652
