participant_id,age,sex,group,qc_flag,D_SE,z_alpha_rel,z_beta_rel,z_theta_rel,z_spectral_entropy_mean,z_log_theta_alpha,z_log_theta_beta,D_C,D_G,D_CG,NAI_v05
sub-10003,12.9,m,TD,ok,2.025825618006033,-0.0002945701195439279,-0.5125761969592015,-0.11717344535137862,-0.6445738128353776,-0.5838887482556392,1.2091691942546239,2.608172469392,2.4953327456906402,2.55175260754132,2.288789112773676
sub-10025,8.3,m,TD,ok,1.1626386162563747,-0.22539669257719286,0.08349193532415006,0.506389386016753,0.022553790352948366,0.9584356048821671,0.37243289903790033,0.5318371409642053,0.7538901393210049,0.6428636401426051,0.9027511281994899
sub-10036,11.0,m,TD,ok,1.0179545337733154,0.06033441446045604,0.4861563812256359,0.528488548144872,0.40910491187288,0.17550634648231195,-0.42447760102105436,1.6426504387061056,1.7203700540609193,1.6815102463835125,1.349732390078414
sub-10124,12.0,f,TD,ok,1.6659244580616295,0.9336026847429522,0.31649247503062417,-0.17545427976926448,0.30516222833476464,-1.5852660995441272,-1.1573707614480753,3.048278449963911,3.1317176290388216,3.089998039501366,2.3779612487814976
sub-10129,12.7,f,TD,ok,2.8208844529024923,0.10351255636246291,1.307739924498972,-0.36001750100420793,0.6951066457127838,-1.1480435152775197,-2.7494260228760914,2.0157539359387124,2.0777058116847407,2.0467298738117266,2.4338071633571094
sub-10170,8.3,f,TD,ok,0.8975286347236984,-0.059338387219804035,0.2223742451602499,-0.15145618225279672,0.1318413006534162,-0.18521472354979293,-0.8599538868890575,1.8111678691232878,1.943238390181015,1.8772031296521514,1.387365882187925
sub-10177,8.1,m,TD,ok,0.7543020799139554,0.2992443022650292,0.19960375759867816,-0.030676042262618955,0.042491321301627784,-0.6674388260854472,-0.6064236828388936,1.2915550445937174,1.2921727181811677,1.2918638813874426,1.023082980650699
sub-10182,10.6,f,TD,ok,0.834737959179565,-0.5050143718853353,-0.317031014141586,-0.23011635172033265,0.17922584965311192,0.4560527582107233,0.5311105677868281,2.7141445229522976,2.611532439559042,2.66283848125567,1.7487882202176173
sub-10212,9.5,m,TD,ok,1.3113812544209087,-0.5745988246370569,-0.36311665706786456,-0.24610814618914686,-0.6482572372873575,1.0373841072321421,1.026260625371891,3.2189333962819955,2.7174689788007824,2.968201187541389,2.1397912209811487
sub-10213,8.2,f,TD,ok,1.376606731297834,-0.5755890100846129,-0.41579990195535954,-0.9891210880962981,-0.5777610838381518,-0.11547291392582422,-0.17177452719452938,1.3224188609711034,1.4710602728022415,1.3967395668866724,1.3866731490922533
sub-10214,12.6,f,TD,ok,2.0784406641603232,1.3928007008764096,-0.22002342792354962,0.08023152926160995,0.029519190563887777,-1.5067056306973856,0.46640524909060194,2.2327361495660867,2.352563426474582,2.2926497880203343,2.185545226090329
sub-10258,12.7,m,TD,ok,2.229563050676359,-1.0583007030355003,-0.41882537601431585,-0.37829278516577003,-0.7067469296130597,1.981046710300316,0.2358673962594928,3.034186072417768,3.10750376283485,3.070844917626309,2.650203984151334
sub-10260,8.3,f,TD,ok,0.6979402029212649,-0.10957767274924785,-0.13626251122959493,0.11954284910448976,-0.11815207884481037,0.2683595399133797,0.6859641167998118,1.2476331431872658,1.3110471923427547,1.2793401677650102,0.9886401853431376
sub-10310,11.8,m,TD,ok,1.6607569179108135,1.1289067602613663,-0.008525565350342077,-0.051037387529879276,0.15531532570486828,-1.5418891754389807,-0.2721240256616718,2.226864695198224,2.497940246727699,2.3624024709629614,2.0115796944368873
sub-10314,9.0,m,TD,ok,2.1123468814925244,-0.010612640149237126,0.1319127974360209,-0.6735436803011522,0.13769462652389575,-1.3565299587166615,-1.8530382925166629,1.2960250938939775,1.242579341513818,1.2693022177038977,1.690824549598211
sub-10354,12.5,f,TD,ok,0.9154264810723098,-0.2125529342593222,0.37190047508674,0.14134976135266641,0.14315548767493277,0.10541478665396647,-0.6970372939633074,1.794840045934725,1.8647502247061531,1.8297951353204391,1.3726108081963746
sub-10400,12.6,f,TD,ok,0.8550318395593786,-0.5654438426062717,-0.0589650404148146,0.10035963738423105,0.13095554210700444,0.7295603136241486,0.06893595332525347,1.509416341027771,1.5402979092978424,1.5248571251628067,1.1899444823610925
sub-10434,8.7,m,TD,ok,0.8208203226366871,0.5738527231525948,0.23442660831755316,0.23524649302768225,0.2673208133713687,-0.7422250435808185,-0.34110530778238585,1.1428611591772075,1.3937277951602969,1.268294477168752,1.0445573999027196
sub-10520,11.0,m,TD,ok,2.4215857645057604,1.861613295358698,-0.13320340001925438,0.2888201746596929,0.15368998957386368,-1.6111847201592526,0.6148879179882545,2.5578621149352605,2.699166423035011,2.6285142689851355,2.525050016745448
sub-10593,9.4,f,TD,ok,1.5815868495859817,-0.4284641634303113,-0.15396257204626976,0.5235539724148218,-0.4917424724662075,1.3852754673027317,1.1013248304005618,1.509456027254423,1.5093080794382403,1.5093820533463318,1.5454844514661568
sub-10741,11.7,f,TD,ok,0.8987339158484419,-0.32313198596295145,-0.24707914895441682,0.23005761402734948,-0.09061322632995308,0.4685282329694539,0.8502787288327354,2.0904083231812995,2.089793765572648,2.090101044376974,1.494417480112708
sub-10747,9.2,m,TD,ok,1.1006104869482936,-0.39749115292919757,0.01623589777879732,-0.38319852103468316,-0.04368985122080524,0.19806378272151898,-0.8068988530866483,2.2002934655175284,2.448272082544477,2.3242827740310026,1.712446630489648
sub-10752,11.9,m,TD,ok,1.5125728821830242,-0.5825174058309182,0.10452850561146204,-0.38519983778907607,0.1646244224023529,0.10627954017292959,-1.2189688662408527,1.3645188879638224,1.510889813929086,1.4377043509464542,1.475138616564739
sub-10764,12.9,f,TD,ok,0.5535108838060407,-0.21059331909861917,-0.19807572550631114,0.01407226273264394,-0.11960962728892728,-0.09185758690619997,0.27287095018215796,1.221217572993863,1.600521020519721,1.410869296756792,0.9821900902814164
sub-10769,12.0,m,TD,ok,2.3505772815420465,-0.1869515516477624,-0.4201091694343543,0.8595434610418519,-0.04684533164302648,0.8057371962659542,2.229426797756022,2.925356388471488,3.7805259753960514,3.3529411819337698,2.8517592317379084
sub-10787,12.9,f,TD,ok,1.2416118692063391,0.8555422538457782,0.39602487821612237,0.08265864336001066,0.3170246104981067,-1.1255685077433826,-0.8161470132783215,1.6329485545570919,1.8121837540875287,1.7225661543223103,1.4820890117643248
sub-10788,8.6,m,TD,ok,1.1169641441339335,0.3734056041332686,-0.10351820625955657,0.018058169865792003,0.01074105357631303,-0.7348910323159316,0.3676601649743775,0.6954111438127818,0.8401044865758227,0.7677578151943023,0.9423609796641179
sub-10790,11.1,m,TD,ok,1.069683884951307,-0.6301640300122814,-0.36742204739906403,-0.14081835494573341,-0.18032246701943783,0.8861486797483124,0.8365220148646021,1.448862935391586,2.7375026495514323,2.0931827924715094,1.5814333387114083
sub-10809,11.6,f,TD,ok,2.8326036023555354,-1.0474562411358446,-0.6959401159649143,-0.6597708151804194,-0.6598078739772987,2.4890974923158655,2.09819059081235,1.8795157896191046,2.1090124768576453,1.9942641332383748,2.413433867796955
sub-10825,8.5,m,TD,ok,1.24427525519322,0.5055053803410975,-0.03274964126800945,0.5747977600228937,0.09351190051375538,-0.33775518514361835,0.7987259446164675,1.823822600687864,2.3181819728050863,2.071002286746475,1.6576387709698475
sub-10842,8.2,f,TD,ok,0.924057055326284,0.22959864612949046,0.009499504968527932,-0.23472118567823386,-0.016715966132826613,-0.8411673432577043,-0.39785703169164405,1.9241905764811096,2.0314419533522123,1.9778162649166608,1.4509366601214724
sub-10846,8.3,m,TD,ok,1.3765116410209313,-0.3050241402529768,-0.2004586781625394,0.2707547627945332,0.2073907494267264,0.9836683693297684,1.1797211868714426,2.3857948465353496,2.7150873313253725,2.550441088930361,1.9634763649756461
sub-10862,12.6,f,TD,ok,1.0016181070745676,0.3900234073221858,-0.10409986306318587,0.38351043273606267,0.2153672023700161,-0.36802869497252566,0.5802628241090659,0.9907811866112283,1.1659849674733396,1.078383077042284,1.0400005920584259
sub-10876,11.5,m,TD,ok,2.2084472809805287,-0.7328710238436512,0.165895723300487,-0.5072834923943474,-0.037282739108388,0.4577305861217976,-1.6470857651945854,2.457323817358156,2.6847647162943225,2.571044266826239,2.3897457739033836
sub-10883,10.7,f,TD,ok,1.837676766304652,-0.13393001229431145,0.8226370038114473,0.6037735830287034,0.7334586647228262,0.5682655830203556,-0.8247338074698234,2.583346928492701,2.368471291444906,2.4759091099688035,2.1567929381367277
sub-10918,12.4,m,TD,ok,1.1675972956965373,-0.7513686477883406,-0.2812574535294471,-0.0670129024404515,-0.5767206413512981,1.069181686437195,0.42900847742574244,1.9440807264137743,2.234428346566211,2.089254536489993,1.628425916093265
sub-10959,8.0,f,TD,ok,0.6856300361064851,0.3859925067874213,0.0909178886098422,0.08630700345577562,0.13477093150701674,-0.6516053455247193,-0.13780174499147263,1.8842243360354791,1.906216446535031,1.895220391285255,1.29042521369587
sub-10970,9.0,f,TD,ok,1.7993978160097275,-0.5287096520394677,0.05096137630214903,0.09382355093899093,-0.18310857719373827,1.478645048512765,-0.0704942069731313,2.6400116242900853,2.962714438516134,2.8013630314031097,2.3003804237064185
sub-10990,10.1,f,TD,ok,1.5104151014601972,1.0614577395505633,0.378202334386495,0.03966240373436546,0.4619233577322273,-1.4136487811222793,-0.9023077396419652,1.5180181504710728,1.835036801262814,1.6765274758669433,1.5934712886635702
sub-11025,9.3,m,ASD,very_low_alpha,3.349174330002424,-0.8693280759075994,-0.6069341275842827,-1.1225603478795587,-2.3466894271521705,2.412934343097584,1.071031855535977,2.865522999076851,3.45421024796731,3.1598666235220803,3.254520476762252
sub-11038,10.7,m,ASD,ok,0.5407912250976837,-0.10013563645988555,-0.15398590545191437,-0.019212795063941853,-0.1349383264351096,-0.1691481705715135,0.2593474385677597,0.8411305129866052,1.0464750067688797,0.9438027598777425,0.7422969924877132
