participant_id,group,qc_flag,age,z_alpha_rel,z_beta_rel,z_theta_rel,z_spectral_entropy_mean,z_log_theta_alpha,z_log_theta_beta,z_mean_degree_theta,z_mean_degree_alpha,z_mean_degree_beta,z_mean_degree_gamma,z_degree_cv_theta,z_degree_cv_alpha,z_degree_cv_beta,z_degree_cv_gamma,z_clustering_theta,z_clustering_alpha,z_clustering_beta,z_clustering_gamma,z_global_efficiency_theta,z_global_efficiency_alpha,z_global_efficiency_beta,z_global_efficiency_gamma,z_mean_path_length_theta,z_mean_path_length_alpha,z_mean_path_length_beta,z_mean_path_length_gamma,z_laplacian_entropy_theta,z_laplacian_entropy_alpha,z_laplacian_entropy_beta,z_laplacian_entropy_gamma
sub-10003,TD,ok,12.9,-0.00044156487048745895,-1.3631069548286614,-0.30285544169253453,-1.8222501540540155,-0.5626886454284691,1.173436834884135,1.475429315616273,1.7400088353055536,1.328481213605094,1.4213725192778024,0.5793855466939593,1.9467485219963634,-0.9762735148515653,-1.7350645209181332,1.3940186266240182,1.7313371925624252,1.2717538946407807,1.5219662053737915,1.6226067491582576,1.7630943890490942,1.4078399812634397,1.3186157253529043,-1.4074882742066532,-1.3181974010404833,-1.2648799986000616,-1.1427768836657823,-0.38919297458645385,-2.2235656850886474,0.9990118517473431,1.516510204414429
sub-10025,TD,ok,8.3,-0.33787290279219145,0.22203223323207164,1.3088527072888592,0.06376096441829636,0.9236362814880693,0.36142707267956453,-0.27181605729954733,0.031432195535683785,0.19460464813532485,0.17076010025796162,-1.6117140172835416,-1.0765582406287917,0.13575133836654954,-0.19287196325288983,-0.31029472041559325,0.04734786562013475,0.21096865324500175,0.17877725077367038,-0.2675142557360532,-0.014291214500129696,0.19298847043085815,0.21118179497910317,0.16041552121397784,0.002422932520595346,-0.28771147299904976,-0.39832526779029404,1.4587035968668567,0.9071790748190136,-0.11259938255611769,0.27290998720560555
sub-10036,TD,ok,11.0,0.09044216008200726,1.2928480649594905,1.3659718906266536,1.1565649640734108,0.16913398085039721,-0.41193379304407635,0.6913950729057743,0.2412709417536005,1.2254017529427694,1.5633703376524561,-1.6173320623318945,-0.10213035594509245,-1.714259667688704,-1.8362942776831563,0.5739532984612107,0.19547272137371366,1.1832453300505774,1.6635428242599515,0.8422058370202377,0.29804999585173075,1.3068034148605734,1.503321628881666,-0.9260948677935289,-0.47581773988024134,-1.2784341407748403,-1.2735713610422676,1.5267488470102328,0.2424793787382809,1.5004069705651524,1.5474542168730367
sub-10124,TD,ok,12.0,1.3994839300521424,0.8416565116064461,-0.4534925403705467,0.8627125497828955,-1.5277075245259149,-1.1231691061549534,2.089744154261052,1.4444316387580096,2.375134909875942,1.1028122552097244,1.3922771971020134,1.1259551535424643,1.3011232176397833,1.961395784356309,1.8603326940256213,1.2858065356247057,2.3588228796362487,0.9221947783994693,2.082917729744046,1.6057196831778848,2.247421830322302,1.1063414031898973,-1.394021856589318,-1.241258774412717,-1.467909009956826,-0.5634254916714135,-1.343708169745698,-1.011201569952918,-1.0297677016048599,-1.9704813617168326
sub-10129,TD,ok,12.7,0.15516681941394458,3.4777061376760385,-0.9305287469930066,1.9651096073268357,-1.1063598201443963,-2.6681772785491713,-1.2005101110373646,-0.7032279691722991,-1.5429673272560387,-0.5325373397722392,-1.3254494026472174,-0.8412203180495074,1.17739025898486,0.3047480902376702,-1.1903006673909857,-0.6948822421335729,-1.5685520777750017,-0.6853993170370852,-1.1649520819327255,-0.7152930230211496,-1.4907634354826678,-0.32005327000168227,0.8149798294977258,0.4380403310357079,1.524173889238942,0.30753174394114974,1.1971304269548753,0.8517061929652658,-1.3063956873701925,-0.35992331827838886
sub-10170,TD,ok,8.3,-0.0889491008396054,0.5913655022432445,-0.3914652235042099,0.37272353552428306,-0.1784898616714093,-0.834541246975327,1.1540225892126832,0.108163378855738,0.2839196302738804,0.926365458831994,-0.6088182579479798,-0.6835742130353639,-0.25962953056202503,-0.29002114223590697,1.1788294842624827,-0.00339128379852628,0.17163622687299543,0.7422053025301825,1.047889228211091,0.22631524699605735,0.27135427815224844,0.9757013568902567,-0.986851722235442,-0.3092472747453257,-0.09700043555604371,-0.6660851080574953,0.6653067179507256,0.58375691007874,0.0600253737274459,0.13754391854988157
sub-10177,TD,ok,8.1,0.44857153800374794,0.5308113638650854,-0.07928764321100516,0.12012560120500157,-0.6432051483752166,-0.588503156026819,-0.18687613124664756,-0.015017171330031349,0.7803774981113926,0.8669784785460142,0.32244397934541735,0.5101628331730262,-0.37808617099914343,-1.069896316357567,-0.1211643517672896,-0.01605349388170934,0.8215913595920069,0.951415894098486,-0.22281269366011247,0.005668375350958024,0.7545305549151209,0.7631166319309535,0.06845327376457251,-0.060245698882049836,-0.902739462035649,-0.8461681960594343,-0.124591590740567,-0.38975073867735843,0.5712428373351475,1.0827626857412338
sub-10182,TD,ok,10.6,-0.7570238490621891,-0.8430886624007168,-0.594776309017323,0.5066825949757539,0.43949418365766674,0.5154156313264912,-1.2896751495447156,1.2829699854788559,-0.6593959099027814,-0.7618601329147474,-0.8502771358486402,2.091676426750569,1.6847131970830327,1.860645248467701,-1.4294928677428884,1.2462437994996478,-0.7217914436004,-0.8680494080692562,-1.1787140222735693,1.3250528865953264,-0.6246211258637878,-0.680479565304368,1.3220245034932119,-1.1139441626656486,0.6883591371955461,0.8313907378644696,0.526162228720106,-2.353360990658367,-1.8298782432829745,-2.1416872986630136
sub-10212,TD,ok,9.5,-0.8613319503551061,-0.9656453881387258,-0.6361099231547686,-1.8326634234754664,0.9997182850865772,0.9959334274513586,-1.8517542116206656,-1.9197055240828116,-0.6887946427918266,-0.03616540884648511,-0.4545369988766813,0.0031242268703472265,-0.2748674042077735,-0.9329170703825514,-2.1473025812236948,-2.0429863825741945,-0.8930959184741538,-0.21760245608731305,-1.583685642593532,-1.7990479030211204,-0.5080483751155359,0.08431439756796918,2.1961281061023756,2.743029752558885,0.6245173477785375,-0.08244685344169399,-0.08256671785585722,-0.3976207518315163,0.0779357114601733,0.7052260265537759
sub-10213,TD,ok,8.2,-0.8628162526651489,-1.1057472850568963,-2.556557956664028,-1.63336642455156,-0.11128026993963008,-0.16669838965680925,-0.40326870609278487,0.0762749698294745,-0.8600257760599094,-0.2345977713540392,-0.7138444341719846,0.5838114324992973,-0.3649266574032147,-0.49900338875840733,-0.3576950410302825,0.09357981771305564,-0.8336211599063205,-0.21236586873035818,-0.4401555329410411,0.06879805734545966,-0.8802393847644594,-0.26729206919717213,0.2294725197804925,-0.1983033668707767,0.9287719535655552,0.17066379496892137,0.8155518388847565,-0.4665587984706153,0.2916264114314951,0.47164207911887074
sub-10214,TD,ok,12.6,2.08782839905668,-0.5851139140035114,0.2073725421261286,0.08345258290276292,-1.4519994655306687,0.45262243023284804,1.003498248188252,2.06233529610899,0.8939419838454803,-0.01506446008664813,0.7568654330922266,1.5428368211776415,0.20651408662870202,-0.2718341398497124,0.9567098119576279,2.0691068854905104,0.8819272265175478,0.10621103828400787,1.0773820144362043,2.0732122736269765,0.9140000381415926,-0.1457973658792022,-1.0159292556030448,-1.5341537946471309,-0.9060554568318776,-0.23193825885911504,-0.6874667110390368,-1.603303337400585,0.05294017460115754,0.45543994103286695
sub-10258,TD,ok,12.7,-1.586408063371037,-1.1137930053924923,-0.9777644431032376,-1.998017412000445,1.9091179497457353,0.22889723971980272,-1.2304017523683246,-2.528015855213784,-1.7240684412619234,-0.21521597403717985,0.24041152897891177,-0.9932438334837578,0.2524945325276516,0.42392044568330717,-1.1663553080694467,-2.428714686123513,-1.7308104073562016,-0.2736662945243864,-1.2736263043305698,-2.613835919449743,-1.6938087037889382,-0.2786054166732165,1.0549044831975585,2.874722868496793,1.7762262797950095,0.4279822338062977,-0.20658899252020094,0.8469277527315586,-0.4482204836535745,-0.4836818824340926
sub-10260,TD,ok,8.3,-0.16425851661652754,-0.36236637175382413,0.3089795837116117,-0.3340232562810391,0.2586158175727587,0.6656930774339269,0.4595475961652012,-0.11941213281360999,0.9556822063626651,0.7464833925563112,0.8287923244745431,-1.4168318822268922,-1.0067942233662783,-1.397049730006948,0.3665749429211375,-0.1670055536780651,0.9031267007567563,0.7996381015240817,0.5735759558548628,-0.035333857824327256,1.0438902198994626,0.6645929145482798,-0.6413386507261268,-0.12048261121607716,-1.165449568790399,-0.8346985906172462,-0.7631209938246947,1.1840405931446873,1.1167174356148184,1.3971582804488383
sub-10310,TD,ok,11.8,1.6922475645493644,-0.022672253397327636,-0.13191513227969429,0.4390860605206268,-1.4859055498509515,-0.26408244345424475,1.4307724585312314,0.7980636511235359,1.5100031484121352,2.0301449629544908,-0.2035856294531511,0.001581616028412476,-0.3412070216993188,-1.152007134253916,1.6201357530648777,0.6783802102607744,1.4693102226840367,1.989946442285821,1.2463597865913263,0.938481331310833,1.560417479157398,2.114124630053231,-1.1781492111062615,-0.9310695007668982,-1.325451297468541,-1.4987497699913932,0.40720312787851365,0.15273134857412826,0.4649803809393686,1.0830708517942556
sub-10314,TD,ok,9.0,-0.01590850110759137,0.3507990669146437,-1.7408924708589761,0.3892712508624081,-1.3072764413319784,-1.7982788506535259,-0.6602117201800749,0.1754844229866961,-0.3297989732717061,-0.7038110636054405,-0.24333979658919988,-0.14134606163053556,1.1959797467100348,0.8212068005357258,-0.6817024173751935,0.18355224554233673,-0.22944213805524163,-0.7510778537246865,-0.6396792970992369,0.20437581059871907,-0.4404925581387427,-0.6322555956536512,0.4521213993289741,-0.38669859210833785,0.5243483558937533,0.7182819649069371,0.3112173024305502,0.2685141493722572,-1.2039030478085897,-0.9638943439306573
sub-10354,TD,ok,12.5,-0.31861992327416183,0.989004419444722,0.3653433956748671,0.4047094440927097,0.10158733780648528,-0.676439029302849,0.23299681219608384,-0.8919192425163291,0.7919135474666644,0.5317606589575775,-0.7723539413668137,-1.5197139700013627,-1.3489814369170798,-0.5176662584061509,0.25206931162406815,-0.980437892855232,0.747646595345149,0.5914385161337212,0.19035816676812228,-0.7952452537339216,0.8301276276234112,0.5085784203236572,-0.37970924249022875,0.45308540935688923,-0.899921798617364,-0.6424395532053002,0.828436185738963,1.3587625909798187,1.1824229766985936,0.6014298277613181
sub-10400,TD,ok,12.6,-0.8476084998537532,-0.15680723599341145,0.2593971886459195,0.3702194411668759,0.7030711002017953,0.06689881553720088,0.3205144809357377,-0.4536906789653453,0.11698380848802915,0.9382597585785651,-0.1415222271453474,-0.5125480688028842,-0.6633590800354277,-0.3317669042141265,0.2767443909634289,-0.4556308643843843,0.07381681557031725,0.9431484003296455,0.39213350682052095,-0.4278799890671046,0.18190464376785498,0.9401784337297028,-0.4560135042516153,0.13156123787202711,-0.3872025229967973,-0.7824205745093336,0.016423076865756378,0.6513667533438368,0.6066415466604956,0.46522342716091886
sub-10434,TD,ok,8.7,0.8602135334366927,0.6234166590064767,0.6080360643050785,0.7557325222460315,-0.7152759932834408,-0.3310252482681548,-0.7164962557905756,-0.06254964827048701,-0.9194179290879151,-0.41299660904263485,-1.0921396332567754,0.39691687868078496,1.5425245108641763,0.9002522480773922,-0.6717149250559546,-0.07465290496451873,-0.9035531483471024,-0.4246816892630263,-0.6854894294701105,-0.022858220424161746,-0.9147368433927872,-0.32974635509037065,0.44600780175273547,-0.027817838512413054,1.0857679876383806,0.2793721979512932,1.0990572474119802,-0.30753523443762476,-1.7496131194675881,-0.9066393580891489
sub-10520,TD,ok,11.0,2.7905852600919037,-0.35423119928357105,0.7465066961543187,0.43449113445299103,-1.5526850798716365,0.5967172631596952,-0.5601320496970305,1.5241005928112419,-0.9465657157342511,-1.719202219353831,-0.4101610313790929,2.0431715133378674,0.6074819928204183,0.9755305643256846,-0.60013220836557,1.5319455714903012,-0.9202955786124614,-1.7443857334837067,-0.46919113912681376,1.5027866061864275,-0.9287508547984931,-1.5728411325672695,0.20572155609424606,-1.204009717436181,0.6767253490084157,1.327018680256592,0.4989252877714422,-2.330406762178403,-0.4774220011531515,-0.9374325128644709
sub-10593,TD,ok,9.4,-0.6422739792024599,-0.4094365949581609,1.353217609075846,-1.390186474167707,1.334978244692242,1.0687793977096687,0.1990146904049773,-1.0690507393437236,-0.09257808868250826,0.32027034522820946,-0.1174733329373855,-0.8521978587974747,-0.8719990811211924,-0.38249220999047556,0.1626845200803943,-1.0384793613429495,-0.08423344445208089,0.37569140831215814,0.24844735512637206,-1.0789978418085784,-0.11023998413569318,0.24932239131231462,-0.41614507287898983,1.0272085859504592,-0.1594329222437383,-0.4788513768123188,0.2219057255005058,0.7936048194520088,0.9727779933140409,0.5843097382293435
sub-10741,TD,ok,11.7,-0.4843795214293902,-0.6570638830498006,0.5946244910870823,-0.25616921189018205,0.45151669310666503,0.825152001119115,1.375482359203052,0.6809544500365186,1.7238968579262495,0.7968820756092252,2.172504012938409,-0.43875012744521524,-0.6160622992423517,-1.2757350735322202,1.43881220637992,0.6145161586052856,2.0116687171624354,0.9184670210171225,1.2707755589255503,0.7346118333511096,1.437916262459646,0.6027326688900323,-1.100125321526627,-0.8169048311716901,-1.3520434113267819,-0.8176571751416922,-2.2007407777892034,0.6423439625133196,0.8424060964306264,1.256233190007224
sub-10747,TD,ok,9.2,-0.5958449884015397,0.04317653709137683,-0.9904441829448988,-0.12351391963551972,0.1908723912576847,-0.7830540512746896,0.25558879439388765,0.595295204384164,-1.1753749092579568,-0.5573612671022369,1.6718343917857974,1.339699356654595,1.0064364777227057,1.110512770137154,0.2410922933599968,0.6851584264364207,-1.1618498435450917,-0.6063325537906106,0.32987609670293416,0.4846700766937566,-1.186986540904575,-0.4863275263580628,-0.30686396838134133,-0.5384167990214997,1.356690189097387,0.4447223432027737,-1.8231292953705625,-1.3281723337807811,-1.1590452446722819,-1.1380362416932805
sub-10752,TD,ok,11.9,-0.8732020181159685,0.27797532117585166,-0.9956169391764899,0.46540345436024827,0.10242069345457497,-1.1829469151384635,0.18829153058629167,-0.746908824256566,-0.3392594909072529,0.38116159767739205,-1.0870383253764895,-0.9926485295060504,-0.7668953047463122,-0.4457550435426057,0.13858367005902072,-0.802975172890156,-0.3357440579585429,0.470650305271993,0.27121924869979014,-0.6651618916759673,-0.3413545225531147,0.3459835280808467,-0.46348757243170535,0.3574612905783795,0.053814276791070134,-0.48988049126162203,1.126787878929258,0.9879929352529172,0.723914272051237,0.5552159854589656
sub-10764,TD,ok,12.9,-0.31568243180021055,-0.5267478291464168,0.03637224571427292,-0.33814383614938626,-0.088522379139849,0.2648072954843668,0.014358655069672906,0.22620655838229137,-0.7656207478656187,-0.8397704354513073,0.4865590219417521,-0.13773711268869404,-0.6677363352896897,-0.7984952360478802,0.117101668644303,0.32919527446049796,-0.7759324503501737,-0.9202540749605608,-0.07746875667262561,0.10114188093620366,-0.7173250432266549,-0.6877423352351745,-0.02547349810267856,-0.3088300802731943,0.4739590571664909,0.36205960157424943,-0.45325034702058925,0.30517012162465434,0.5026007095561439,0.6649176647702254
sub-10769,TD,ok,12.0,-0.2802430803863771,-1.117207029980054,2.221641718967318,-0.132434658534628,0.7764821173428796,2.1635446367597493,-0.7609224036411117,-0.16907414415366356,-2.0830009804912986,-2.9673175697316316,1.6951520344406676,0.3079343964510903,2.070672729920136,2.162550283528851,-0.6785877528830638,-0.12133710467321003,-1.972850515620707,-2.844482150845727,-0.9036187080722369,-0.22755836907007776,-2.2630251330005384,-3.17866456866504,0.7563299223253857,0.00766812269887287,2.401515034194071,3.723656763521894,-1.7566117984882785,-0.18495981322107694,-2.0722486421314206,-2.180886302552873
sub-10787,TD,ok,12.9,1.2824702149045486,1.0531590600266154,0.21364584671408385,0.8962482400237252,-1.0847008455826166,-0.792028917550958,-1.179780628508257,0.49957640605040576,-0.6298135166269204,-0.5892302496190835,-0.13175910133068333,0.32883852439337713,-0.18652922431484256,0.08589757775069587,-1.155089183641242,0.5974187184202325,-0.6203070042205882,-0.629100107544697,-1.1492255260444997,0.3701102719342595,-0.605581830697077,-0.5275021089450241,0.8932293359602714,-0.5258032238133845,0.32698514966691344,0.25834593576708254,0.09882944258158086,-0.12640962256173197,0.1610904748313299,-0.13965901810223894
sub-10788,TD,ok,8.6,0.5597404023316421,-0.2752886063396751,0.04667452590868881,0.03036562476536371,-0.708208268692883,0.3567953784717938,0.10654310298850025,0.5321827932532198,0.28581024022913465,0.3701100358942152,-0.17046703160939436,-0.163760526017012,-0.42619578381378825,0.04775728368934767,0.07655931169811127,0.576852676694903,0.2817624907059747,0.40829131936682617,0.1464079483265588,0.46986119086983924,0.3284709763765335,0.33629272615633077,-0.24183339373740623,-0.5631898767149255,-0.4891765248062117,-0.4097788743244231,0.25341977007898897,0.2773948816046135,0.5804782316669209,0.1600835963615376
sub-10790,TD,ok,11.1,-0.944624997026329,-0.9770948224638573,-0.36396988206342284,-0.5097828002973686,0.8539739834779192,0.8118018140866679,-0.5357917303685071,-0.12789383289499895,-0.35908164108111057,-1.0176889103723317,0.538736917063583,0.6742295920457642,-0.22128311008765128,-0.11796807064898208,-0.3832905841786764,-0.11250437486390652,-0.2498475723854358,-0.9173266196168905,-0.7823899305865214,-0.18023831470234605,-0.5459237604668737,-1.144058679810328,2.454013808517595,1.0747544489551686,1.2573297681866173,1.4383654719016787,-0.3633631174372619,-0.5506320743575294,0.3817267994099515,0.2648507482064442
sub-10809,TD,ok,11.6,-1.5701520581060033,-1.8507313016947349,-1.7052940710935451,-1.8653177899243294,2.3987221889013117,2.036186612729778,-0.40040602987288815,-1.1268503658886229,0.707677648734167,0.5363105648519716,-1.1504700104222267,-1.2171242200675672,-0.4740949238253127,0.30159913511363223,-0.40526788282241466,-1.1807196317728843,0.6745894656519088,0.5808614331755199,-0.41346248687183934,-1.0641912562266092,0.7307349522093691,0.46964550707217617,0.23699484778904537,0.8169388481633397,-0.7990262988944962,-0.5750642993570646,1.078562471738834,1.1257367016762556,0.5812478632438367,-0.007323342800568595
sub-10825,TD,ok,8.5,0.7577598778403714,-0.0870919563674562,1.4856662187715108,0.2643639436226906,-0.3254918136077799,0.7751226617779876,0.19520941606413603,-0.08932832342605487,-0.8687921739599778,-1.6092029774866097,2.4405806002141763,0.6925199959766225,0.3214436943080169,1.0028462455684903,0.41977924210393325,-0.04795142122922753,-0.7743849484917259,-1.4825933713968973,-0.072186344272257,-0.1158021105094961,-0.9818287856669773,-1.7691174924981083,0.07938682544944725,0.03945223865607608,1.0238107255555977,2.0566860100139794,-2.637571128170651,-0.5912077425127267,-0.20569997991730224,-1.0147661698801722
sub-10842,TD,ok,8.2,0.3441716919531128,0.02526227586619772,-0.606678314783722,-0.04725707320735441,-0.8106258501647201,-0.3860998925732883,0.15152004432376454,0.6075403838087484,1.0937145906904866,1.6111304591972133,-0.27534837573040716,0.10775948242621733,-2.0901278775132797,-0.8968603169318232,0.18989531163976195,0.7038014713354513,1.1039774441306722,1.6406387583362958,0.10788253515066881,0.4574427582791441,1.0829486524276288,1.5483489949713913,-0.24641434568260584,-0.5625591515839369,-1.2180590926362367,-1.4049200385974954,0.38567646638900405,0.07948401526933803,1.9314395812639304,0.9619904094186098
sub-10846,TD,ok,8.3,-0.45723559875959796,-0.5330848759269772,0.6998134520206031,0.586306513803019,0.9479528830493316,1.1448590504503644,-1.3349970561386348,-0.3895957737743325,0.4764890733042633,-0.23942257760589641,0.3677999087104838,0.5354404556562866,-0.24815329656914367,-0.4102392717492602,-1.2937986695573986,-0.412810830698572,0.4566132127511501,-0.18156778542746696,-1.3961588538251575,-0.39663011519353686,0.5102618570420577,-0.35702682486642134,1.528528127596483,0.47561720710620825,-0.6507546138603807,0.14758071677831144,-0.3111955137056035,-0.4996242664972176,0.4298488120871595,0.5009710884647399
sub-10862,TD,ok,12.6,0.5846507297072131,-0.2768354211138571,0.991250373765755,0.6088564410809776,-0.3546661388347753,0.5631153811714537,-0.4435636543574828,0.43388363316126694,-0.2500800516260403,-0.6175781399370638,0.12177630631865934,0.6063302550632067,0.8766759610255733,1.3162660993594644,-0.44037158107723845,0.4983192120149662,-0.2410239131970358,-0.6019467690507778,-0.41718201272028355,0.3574228929774798,-0.2598763550628197,-0.625148144835729,0.21486384271336095,-0.5163027894083821,0.039773690413992896,0.3577546550410244,-0.09469292123428838,-0.41037840782066204,-0.6835435438353524,-1.16715585133874
sub-10876,TD,ok,11.5,-1.0985842665527887,0.4411707284667846,-1.311163682963377,-0.10540061623813907,0.4411110922166431,-1.5984124606185213,-1.8114610428865405,-1.7186208976509094,-0.6915942714991121,0.6627205090744966,-0.13896503815402256,0.12606051328788517,0.9377144277963336,-0.16443423017440353,-1.751355310291187,-1.713464718624145,-0.7362344165635315,0.5086457075362952,-1.8685906386064575,-1.7146431636647939,-0.6547647128467883,0.8611891797612807,1.723205973577006,1.7591364069419115,0.6079536344392068,-0.7328414377617585,0.020168991817706063,-0.21786443689816262,-1.1753999563310034,0.1791546621763786
sub-10883,TD,ok,10.7,-0.20076302587880887,2.1876595671961114,1.5605593453541882,2.0735331441781244,0.547632733305124,-0.8003619619633975,1.8698594962880102,-0.00629139677954621,0.7452840952348596,0.15091480248320469,-0.07562724761468033,-1.2909649540985162,0.9509035376288635,0.37926543590497147,1.8091700875937045,-2.4869057217100837e-05,0.6854929244795739,0.027864079328317134,1.9574488125042255,0.008614650766948966,0.7743589502641365,0.31235268371267355,-1.6430912394392463,-0.24628728192152882,-0.6838869249873646,-0.16165728543956817,0.09488095019850804,1.2269331582912455,-0.8028953670511435,-0.41670493458711727
sub-10918,TD,ok,12.4,-1.1263124724350029,-0.7479551201904596,-0.17320666902676235,-1.6304250290989373,1.030361343073648,0.41633077676879465,-0.20743815331362314,-1.3629324312982445,0.09639434256061231,-0.2598939906334561,-0.3294894151588997,-1.8685869504855048,-0.9649677701972262,-0.6570523075823981,-0.13247129150532624,-1.3518469200317484,0.09409402855038199,-0.170524439673693,-0.31318452919152506,-1.3818164243901518,0.1033882361713112,-0.3656712951862853,0.09264870107010928,1.0617708491294642,-0.4002350163907134,-0.0669082998365259,0.3627927087830268,1.646692515937507,0.9502486878350701,0.6798277071504817
sub-10959,TD,ok,8.0,0.5786083514940499,0.24178026021812654,0.22307567703905953,0.38100578368266186,-0.6279465571525727,-0.13372954277418816,1.4537890606762813,0.48857970479011026,0.2502395826619799,-0.3029577530511173,1.5188301765149084,0.1565084862096158,0.6809158710925681,0.38401761777311477,1.4871443268670843,0.45211562268470107,0.24499933007591213,-0.29405374861809175,1.4324165919586498,0.532218415807414,0.2596727233770744,-0.2605752926305514,-1.3194896970004768,-0.5402860733107558,-0.26046314499558915,0.21347241256285548,-1.4889402565338512,-0.09964322509493843,-0.6076113883601371,-0.3468621743267852
sub-10970,TD,ok,9.0,-0.7925434167923548,0.13552288786954536,0.24250352010713314,-0.5176593065922761,1.4249577199471666,-0.0684110209731321,0.9420380570322805,-1.0595196049292765,-1.0067055536576246,-1.1807925931049028,-0.6596412997448604,-1.0340929463549888,1.3039521908139813,1.5328018904299392,0.9207853872345341,-0.9823814620315077,-0.9989317867652772,-1.2516336519196802,1.002020216628795,-1.1116052269202068,-0.9688068458441309,-0.979285279306006,-1.027222930228232,1.1391482208544201,1.0934534636195528,1.0587278265879658,0.7584399111300658,0.9018175064357927,-1.3593593511998514,-1.6373677923051149
sub-10990,TD,ok,10.1,1.5911405067772326,1.0057631146217658,0.10251447984257428,1.3058859870307475,-1.3623213671057746,-0.8756434940021853,-0.5641130910784198,1.0108495143465448,0.09698536216070788,-0.31514086972990724,-0.9525956332380777,0.16172368704374798,-1.3902580574821364,-0.19578891441988952,-0.5645889951717815,1.108100765779206,0.10545830725763519,-0.26455089257240305,-0.522635152600922,0.8327814674977678,0.17814364688875228,-0.3077446987010337,0.24631324518694891,-0.8621921704716885,-0.46834217447602716,-0.02300790320422541,0.9744011044150698,0.05756042863877312,1.241871947928447,0.2685756666656081
sub-11025,ASD,very_low_alpha,9.3,-1.3031353616027814,-1.61403540652289,-2.9014552654321943,-6.6342365839133395,2.3253244065442558,1.0393816155686544,-1.37609644193926,-1.1369232877884914,-0.11378624903182243,1.7168091022337186,0.21361029931744085,-1.2746299430990495,-0.6338401347252113,0.5968840228419344,-1.3499654255033942,-1.043648474689012,-0.06611529718150724,1.836146802645808,-1.4769233484124598,-1.2306252041311327,-0.2408606879407477,1.5587651731422831,1.4231921338178148,1.2392578109049186,0.136365542210049,-1.1544732116943652,-0.227435235418185,1.1068409654955196,0.5780849274342921,-0.4413143764250857
sub-11038,ASD,ok,10.7,-0.150104767629002,-0.40949864607895564,-0.049658858436646594,-0.38147901952847335,-0.16300666053238907,0.25168341940422856,0.1767388007118731,-0.47079506637536994,0.13597983567371363,0.04603798548305926,1.035493247945238,-0.4918283940036059,-0.34716535941959564,0.2081437547398743,0.30680970995386736,-0.48984021748341533,0.15131288082526959,0.095450634297506,0.060084511413969935,-0.4288883577210963,0.14475781990052725,0.0005407550141605321,-0.2053625607121993,0.18411214475026647,-0.3968632833703926,-0.26339975294088364,-0.9230398812529444,0.5800602326507117,0.45979017383644233,-0.036485799520578455
