model,outer_fold,n_test,n_asd_test,roc_auc,pr_auc,balanced_accuracy,f1_asd,accuracy,best_params,best_inner_roc_auc
logreg,1,21,13,0.7019230769230769,0.7916365183333507,0.6971153846153846,0.7692307692307693,0.7142857142857143,"{""clf__C"": 0.01, ""clf__solver"": ""lbfgs""}",0.7261904761904762
linear_svm,1,21,13,0.7019230769230769,0.8068379835348161,0.6586538461538461,0.72,0.6666666666666666,"{""clf__C"": 0.01}",0.6900000000000001
rf,1,21,13,0.6538461538461539,0.799610112110112,0.4951923076923077,0.6153846153846154,0.5238095238095238,"{""clf__max_depth"": null, ""clf__min_samples_leaf"": 1, ""clf__n_estimators"": 200}",0.7090476190476191
logreg,2,21,13,0.6057692307692308,0.7172912782224523,0.5048076923076923,0.47619047619047616,0.47619047619047616,"{""clf__C"": 0.01, ""clf__solver"": ""lbfgs""}",0.731904761904762
linear_svm,2,21,13,0.6634615384615385,0.7329533211886152,0.4903846153846154,0.3333333333333333,0.42857142857142855,"{""clf__C"": 0.01}",0.7028571428571428
rf,2,21,13,0.5480769230769231,0.7312658495350801,0.46634615384615385,0.4,0.42857142857142855,"{""clf__max_depth"": 5, ""clf__min_samples_leaf"": 3, ""clf__n_estimators"": 400}",0.7242857142857144
logreg,3,20,12,0.8229166666666667,0.8776107606989961,0.6666666666666667,0.6666666666666666,0.65,"{""clf__C"": 0.01, ""clf__solver"": ""lbfgs""}",0.6589177489177489
linear_svm,3,20,12,0.7916666666666666,0.8296999296999298,0.625,0.6,0.6,"{""clf__C"": 0.01}",0.6558874458874457
rf,3,20,12,0.65625,0.7016341297591298,0.47916666666666663,0.42105263157894735,0.45,"{""clf__max_depth"": null, ""clf__min_samples_leaf"": 1, ""clf__n_estimators"": 400}",0.6714935064935064
logreg,4,20,12,0.5729166666666667,0.7130736831394727,0.5416666666666667,0.6086956521739131,0.55,"{""clf__C"": 10.0, ""clf__solver"": ""lbfgs""}",0.6901731601731601
linear_svm,4,20,12,0.5208333333333334,0.6792115564174388,0.4791666666666667,0.5833333333333334,0.5,"{""clf__C"": 10.0}",0.6879220779220779
rf,4,20,12,0.78125,0.8314093314093315,0.75,0.782608695652174,0.75,"{""clf__max_depth"": null, ""clf__min_samples_leaf"": 3, ""clf__n_estimators"": 400}",0.6425974025974026
logreg,5,20,13,0.6263736263736264,0.8026297142961825,0.5274725274725275,0.7142857142857143,0.6,"{""clf__C"": 10.0, ""clf__solver"": ""lbfgs""}",0.7119047619047619
linear_svm,5,20,13,0.6593406593406593,0.8243571097077882,0.5659340659340659,0.7586206896551724,0.65,"{""clf__C"": 10.0}",0.7290476190476189
rf,5,20,13,0.6483516483516484,0.7914282298897684,0.6043956043956045,0.8,0.7,"{""clf__max_depth"": 5, ""clf__min_samples_leaf"": 3, ""clf__n_estimators"": 400}",0.7014285714285714
