participant_id,group,age,D_SE,D_C,D_G,D_D,NAI_INSAMPLE
ASD10,ASD,17.0,0.8216694897416728,1.2323713946733195,1.3222131475979384,3.200156822966215,1.6441027137447866
ASD11,ASD,20.0,0.7737306897123613,1.5647462979482178,1.6121058649884594,4.50760585247567,2.114547176281177
ASD12,ASD,23.0,1.5839286228815,2.4181032715446373,2.5294979030350517,4.180592044423307,2.678030460471124
ASD13,ASD,27.0,1.8102711895418444,1.9641565435294521,2.459687989344896,3.2455209030359904,2.3699091563630454
ASD14,ASD,1.0,0.9271410448049534,3.7482147488361623,4.183560666475292,5.780008543949897,3.6597312510165763
ASD15,ASD,2.0,1.3424576406818973,3.054942484691465,3.223348488156284,8.13102631269223,3.9379437315554693
ASD16,ASD,2.0,1.5755907390131818,2.7580274656557875,2.8273189385022994,5.085575727381317,3.0616282176381464
ASD17,ASD,6.0,2.8410467359863225,5.636245196856738,5.52209871564033,7.3393594668288,5.334687528828048
ASD18,ASD,10.0,0.667282480944454,2.001434753279003,2.246345247765588,3.219888119431556,2.03373765035515
ASD19,ASD,15.0,1.9402286367535917,1.7138866242525594,1.8468055510283206,4.448079282887215,2.4872500237304216
ASD1,ASD,26.0,0.2934191453101028,1.38149723961704,1.459089857120892,6.73863376386598,2.4681600014785037
ASD20,ASD,15.0,1.0639502748976868,1.9147999960803577,1.9605816361732593,4.604875947966859,2.3860519637795408
ASD21,ASD,15.0,1.3286188554429748,1.3718246128681038,1.5027718203255873,5.832344495872008,2.5088899461271685
ASD22,ASD,4.0,1.4212179495137747,2.5306775215344492,2.6546960603390697,8.547698149849872,3.788572420309291
P51,CTRL,3.0,0.7005448034225841,1.6875645383372446,1.7888041399013122,3.4317070546182387,1.9021551340698446
ASD24,ASD,9.0,1.3223636090955917,1.6205592564648192,1.7998235855442053,5.712934361876792,2.6139202032453523
ASD25,ASD,19.0,1.6944199814322316,1.7085263456760489,1.8607789854444279,3.2185692831579957,2.120573648927676
ASD26,ASD,25.0,0.4849748381424437,2.569277591692205,2.8340604171915755,4.044990619872435,2.4833258667246647
ASD27,ASD,6.0,2.858049977326768,2.673416403970545,2.894545181863756,2.983698538326575,2.852427525371911
ASD28,ASD,26.0,1.3419601765579436,1.4924909195937184,1.526646594391352,9.212985329331943,3.393520754968739
ASD29,ASD,28.0,2.44316185994949,2.113704766045845,2.0957969799735308,4.977839003119615,2.90762565227212
ASD2,ASD,26.0,1.706104972586263,2.275937754335778,2.399179052213582,6.737904106000551,3.2797814712840436
P10,CTRL,25.0,1.0735268682466674,1.5154439022856012,1.5601206132207939,2.715581364554185,1.716168187076812
P12,CTRL,12.0,3.2881456758110743,3.443183190222323,3.6022563431178414,4.081904046441423,3.603872313898165
P16,CTRL,26.0,0.4269180702110437,1.2650534533292654,1.4980565155053955,1.8829953314891315,1.268255842633709
P17,CTRL,7.0,1.9496794399029893,2.0430736393967326,2.0548973129672055,2.4516874733481524,2.1248344664037697
P18,CTRL,22.0,0.7725648339141984,1.6577673363626315,1.8019312112970947,2.6452807099315354,1.7193860228763649
ASD3,ASD,27.0,1.3537129698371773,1.6247928248231085,1.6746103820933262,4.9226836233773135,2.3939499500327313
P26,CTRL,8.0,1.6208143309594387,2.8133417481356995,2.907343315385284,3.863684490577996,2.8012959712646044
P37,CTRL,8.0,0.8829658986792962,2.4141337027112972,2.7280084546181325,2.9168265793327888,2.2354836588353786
P38,CTRL,12.0,1.554119012294224,2.083659563887845,2.0226841258149486,3.5485842065511055,2.3022617271370307
P41,CTRL,11.0,0.45497582686970606,0.8680973249124846,0.9034371213443037,2.6874429944208473,1.2284883168868355
P42,CTRL,14.0,1.488864183103024,1.7915278934138692,1.738106070019984,3.435469847138759,2.113491998418909
ASD4,ASD,2.0,0.5058209152053926,2.7615404743058924,2.97436090391487,6.907087952670729,3.287202561524221
P43,CTRL,4.0,1.1930576013752852,1.247472441972518,1.2795133988424736,2.957591649303379,1.669408772873414
P44,CTRL,4.0,1.8360346216180132,1.5688641016063714,1.6657632034700196,2.8877128625228257,1.9895936973043074
P52,CTRL,16.0,1.7923836224366392,1.8651940181140587,1.7749280896741104,3.7590823143265513,2.29789701113784
P53,CTRL,9.0,1.7884231082263302,2.0154232500439577,2.0217599807251543,2.8241095657838353,2.1624289761948194
P54,CTRL,10.0,0.9981170678343761,1.1999859614252737,1.3335617081645352,2.9685792593973654,1.6250609992053877
P56,CTRL,25.0,0.5173211898116833,1.553061014613969,1.5967841818928838,3.112229034511827,1.6948488552075909
P60,CTRL,17.0,1.2062610537708018,2.1365847428240516,2.3237987903919275,3.0702526906810563,2.184224319416959
ASD5,ASD,6.0,1.524324550655914,4.397670882018565,5.865863114965571,8.315901451495625,5.025939999783919
ASD6,ASD,7.0,1.512745490088864,0.6120300526490629,0.5465657351778304,4.481582882189912,1.7882310400264172
ASD7,ASD,8.0,2.308773812118329,2.5477923094443224,3.0305328115004024,7.043137266593759,3.7325590499142036
ASD8,ASD,9.0,2.2260662063450973,2.576644638447579,2.631204270145207,7.0721964722489234,3.6265278967967016
ASD9,ASD,13.0,0.7705875401813653,2.249814899021794,2.4054196774359196,6.200285125365652,2.906526810501183
