participant_id,group,age,D_SE,D_C,D_G,D_D,NAI
ASD10,ASD,17.0,2.0125908961260275,3.010581250996876,3.4396222189110826,5.232669568895688,3.4238659837324183
ASD11,ASD,20.0,0.6776906577874868,4.2657660387444,4.844768126031086,5.631429294560145,3.85491352928078
ASD12,ASD,23.0,2.6027921134316747,3.0472061442498215,3.8045331248082666,6.243585051677677,3.9245291085418597
ASD13,ASD,27.0,3.0574672260786007,7.984018188022583,8.782571239484833,12.299264180883938,8.030830208617488
ASD14,ASD,1.0,2.6656605450275244,5.930408832932064,6.568077324953249,9.087286135731537,6.062858209661093
ASD15,ASD,2.0,2.7581322597449116,3.220600421127382,4.261190185567637,10.34796189931372,5.146971191438412
ASD16,ASD,2.0,3.7476976186000273,3.924998685512657,4.316373252163936,6.494172544540916,4.620810525204384
ASD17,ASD,6.0,1.3995311536661765,9.027094466535472,9.69190911000968,11.781173508311815,7.974927059630787
ASD18,ASD,10.0,2.4567289882330057,2.8496357244477384,2.928479886930854,3.0821874092395567,2.829258002212789
ASD19,ASD,15.0,2.282258714937527,2.5896539077215497,2.9201323748372734,3.4299962672275988,2.805510316180987
ASD1,ASD,26.0,1.5046878768469472,5.717235436863107,6.2078432983075205,10.157377695184989,5.896786076800641
ASD20,ASD,15.0,0.8265666902303369,3.426810556619764,4.1550834460121555,4.928621544953567,3.334270559453956
ASD21,ASD,15.0,1.768809641995673,2.240494102180352,2.6668514995469423,5.486660377685363,3.0407039053520823
ASD22,ASD,4.0,2.986734925573963,5.57308426806081,6.6898896898517926,12.164688234764109,6.853599279562669
P51,CTRL,3.0,4.047385576944121,5.61986671588453,6.330695774233837,12.023634557548492,7.005395656152745
ASD24,ASD,9.0,1.356227783916101,2.4096606697625287,2.603823965060259,5.370436318594393,2.9350371843333205
ASD25,ASD,19.0,1.976025851703883,2.859033592961328,3.4282105763324866,6.595836763755639,3.714776696188334
ASD26,ASD,25.0,0.9153408557631815,4.824997029828678,5.578915377703448,6.518870809070393,4.459531018091425
ASD27,ASD,6.0,5.163214661049982,4.727336313211239,5.049861652588571,5.2684367894712,5.052212354080248
ASD28,ASD,26.0,2.199411148963946,4.819645737760147,5.060423512620856,9.070120095892193,5.287400123809285
ASD29,ASD,28.0,4.104772674808847,3.0107833326075957,2.687247760969405,8.392790531722964,4.548898575027202
ASD2,ASD,26.0,3.101905315503274,4.944104569710574,5.0798999824765145,7.60959783477239,5.183876925615689
P10,CTRL,25.0,1.4043712185597639,2.9467111250211637,3.2093844140735053,8.711532344340586,4.0679997754987545
P12,CTRL,12.0,4.410004332872351,8.374091350472328,9.673388427765605,12.295226942637758,8.688177763437011
P16,CTRL,26.0,1.0948138876059221,4.152950160747635,4.4292707279284596,9.345728897806683,4.755690918522175
P17,CTRL,7.0,2.627131304848407,6.047254713618279,7.385712843608226,6.94533006880748,5.751357232720598
P18,CTRL,22.0,1.4018836839785571,2.5197313475352106,2.824968717071397,4.7205015510461275,2.8667713249078233
ASD3,ASD,27.0,2.4749632638685064,2.9425140235266083,3.18148777159016,8.116226603799042,4.178797915696079
P26,CTRL,8.0,3.215756248059821,6.5743768058202425,7.291723757010962,13.686572044238284,7.692107213782327
P37,CTRL,8.0,1.5918579222186935,6.652996911461583,8.250642031661801,7.755031162006491,6.062632006837141
P38,CTRL,12.0,3.9623040340104274,5.121098581218902,5.973200446463645,8.02892643495239,5.771382374161341
P41,CTRL,11.0,2.2295032797419947,2.874109881156303,3.3976358217716403,5.215695461902746,3.429236111143171
P42,CTRL,14.0,1.7195771268001017,2.0691959351233296,2.312088891037737,6.724027585588374,3.2062223846373854
ASD4,ASD,2.0,4.214365813045546,6.618563289963199,6.980240368220361,9.578585915522655,6.84793884668794
P43,CTRL,4.0,4.163573946256308,5.770116639521266,6.472989363323036,10.120043606210283,6.631680888827724
P44,CTRL,4.0,5.999043161419615,6.193785973886144,7.165385348486888,7.20259231165589,6.640201698862134
P52,CTRL,16.0,2.136861299990732,4.333866428021629,5.073016271982454,7.868378500319596,4.8530306250786035
P53,CTRL,9.0,4.056902675563551,5.473830403764997,5.942897638248114,5.9490648645671955,5.355673895535965
P54,CTRL,10.0,2.0508115541451715,2.880902987299692,3.2837136530864934,6.507140419369939,3.680642153475324
P56,CTRL,25.0,1.7055391324140514,6.22954747388191,6.972606455831152,11.2797748028435,6.5468669662426535
P60,CTRL,17.0,1.0441036746737047,4.124531307321291,4.5081525927162565,7.629393635715601,4.326545302606713
ASD5,ASD,6.0,1.650066287048336,5.316776405361614,7.013635175542873,9.697082192179574,5.9193900150331
ASD6,ASD,7.0,3.5548115769516264,4.153687699917019,4.5843184436807025,7.0737338520358435,4.841637893146298
ASD7,ASD,8.0,3.2815152138314847,2.4816923139470677,2.531049558772803,7.54020848232442,3.958616392218944
ASD8,ASD,9.0,3.1669108038615557,1.713082112087772,1.7406454943998102,4.184551799008744,2.7012975523394704
ASD9,ASD,13.0,2.542570291227184,5.167853167365932,5.844681625848417,10.285771289455331,5.960219093474215
