participant_id,age,sex,group,n_runs,clustering_alpha,clustering_beta,clustering_gamma,clustering_theta,degree_cv_alpha,degree_cv_beta,degree_cv_gamma,degree_cv_theta,global_efficiency_alpha,global_efficiency_beta,global_efficiency_gamma,global_efficiency_theta,lambda2_alpha,lambda2_beta,lambda2_gamma,lambda2_theta,laplacian_entropy_alpha,laplacian_entropy_beta,laplacian_entropy_gamma,laplacian_entropy_theta,mean_degree_alpha,mean_degree_beta,mean_degree_gamma,mean_degree_theta,mean_path_length_alpha,mean_path_length_beta,mean_path_length_gamma,mean_path_length_theta,plv_mean_alpha,plv_mean_beta,plv_mean_gamma,plv_mean_theta,plv_median_alpha,plv_median_beta,plv_median_gamma,plv_median_theta
sub-10003,12.9,m,TD,6,0.41459658590754955,0.25492835864009655,0.21730448352656548,0.29845569832813507,0.2353773798312747,0.14381859182032233,0.1454987304890427,0.16753909860383073,0.4796374920501156,0.3428183631880836,0.28857065037421387,0.3904541818790123,12.82825733753188,12.044575430087477,10.225346828338685,13.708631702096573,4.111049734943914,4.129638436901816,4.129253509495806,4.1261942264620375,28.266008460722045,18.659354282565975,15.776286954312859,21.49867062224563,2.4210151465351757,3.314838507676075,3.9476617357228654,2.9119799417211625,0.448666800963842,0.29618022670739635,0.25041725324306124,0.3412487400356449,0.4601377185691528,0.28394801355785043,0.24031682590379766,0.32782550050631787
sub-10025,8.3,m,TD,6,0.2766744544875945,0.1918408429061417,0.15095143663598762,0.24571514039408807,0.13572741587761128,0.20157972169199792,0.23184058419653666,0.12495367289801869,0.35237094403566016,0.26854503242302363,0.22321546235175793,0.3316172982141117,11.25902632098898,5.762920149087272,4.5775437935071075,12.073585703227508,4.130517389069981,4.117303498742438,4.109701606610182,4.131768698621836,19.6915891766003,14.18470552696701,11.368688262763234,17.927857323242996,3.2811530872553605,4.391016036554609,5.344475938746171,3.463961080053544,0.3125649075650841,0.2251540559836033,0.18045536925021002,0.28456916386099995,0.2880749033871104,0.19648627359903184,0.14988879072979877,0.25873865169044497
sub-10036,11.0,m,TD,6,0.31506821842378646,0.23976288894278106,0.20794951958528327,0.27419755019778275,0.17161905240304617,0.1322357656579989,0.1513038075659184,0.12293538423424755,0.39435186491970553,0.32533766845657874,0.28039724148893846,0.3661585774438969,13.583344297029889,11.147007066813053,8.086155403333606,13.39327107704551,4.125372953581248,4.130630716289449,4.126924031774959,4.132461960527193,22.257168602881862,17.577387073191222,15.13915487474896,19.936411124131205,2.8940557939729534,3.520155033173562,4.146503702447974,3.099715776066484,0.3532883905219342,0.2790061440189082,0.24030404563093585,0.31645097022430485,0.34139852683215244,0.25834724835206707,0.21796937598197855,0.2968333653966336
sub-10124,12.0,f,TD,2,0.3817337788157143,0.28291634670156507,0.1955871558681816,0.30517788584237276,0.20940497555595605,0.21609155172770006,0.29969355058379343,0.18517320163270462,0.46325962711020807,0.3637630808800294,0.27591266064742975,0.39709309385412256,15.174092674490053,9.633607903482964,3.905508802347276,13.069733518815855,4.118071357982174,4.1157465357920575,4.091203006335991,4.122757620123192,26.708836996828047,20.444982264445738,14.781179795607123,22.139802849600244,2.5173343135893598,3.29936402144829,4.59509688449083,2.9489429360043804,0.4239497936004452,0.3245235280070752,0.23462190151757334,0.35142544205714665,0.4075554830207043,0.2919698884459415,0.19383498496867269,0.32068568095250793
sub-10129,12.7,f,TD,6,0.2894227743681743,0.16513798729540555,0.15871292101500858,0.24267625890935438,0.15601426254404313,0.20864828781887287,0.22904226279574205,0.12784290954050145,0.36661860353672476,0.2458722792053288,0.23910984124619158,0.32874305352765076,10.389276630409737,6.001033485150848,4.691102294844533,11.388735015464713,4.127638550953406,4.114798546784561,4.109175058422923,4.13161718563663,20.522976863498403,12.544398200761671,12.171261346181838,17.700369023149957,3.132240590722978,4.936431402142625,5.23163202378301,3.4577258956483905,0.32576153751584763,0.19911743175812177,0.19319462454256886,0.28095823846269774,0.30527708714973517,0.1576449872631962,0.14270048807121377,0.2593971256241525
sub-10170,8.3,f,TD,6,0.27410456788808907,0.19061551708993651,0.16555692029295052,0.277444587018746,0.14682681813461945,0.1898762559528652,0.22791132509584142,0.14592785076064427,0.3631416803765623,0.27112576025270074,0.24562408203436426,0.3603785354764803,11.480229975790811,6.81877717437893,5.224426634129678,12.34015543608785,4.128785107465763,4.118397459600563,4.108273314181829,4.129039403153153,19.930313641572756,14.372073686267475,12.726481559715909,19.925724748194256,3.1575306764217266,4.500364211646175,5.113483038464307,3.1861058903745465,0.3163541847868691,0.22812815375027737,0.20200764380501443,0.3162813452094326,0.29917284870803046,0.19088367627690328,0.15737599702146507,0.2936665905907558
sub-10177,8.1,m,TD,6,0.27117498865724515,0.20955749286691763,0.16960913781416853,0.24903085419436022,0.1799226106185402,0.18745008422141138,0.1974108273098374,0.16554471220575015,0.35119043541633777,0.2855477999789976,0.2379628312731018,0.3318334143552517,11.377645594031696,7.5800874048628275,5.264636792363407,11.36164810091195,4.123688253603312,4.121407138521571,4.11796705521816,4.1262881290799625,19.405392909415543,15.322431949095389,12.525839518376776,17.99806562636198,3.2709185250266994,4.0608071575665905,4.990935789734044,3.4491781006477122,0.3080221096732626,0.24321320554119663,0.19882284949804396,0.2856835813708251,0.2860290207596941,0.22114868647090255,0.17425718025181766,0.25962898961688136
sub-10182,10.6,f,TD,6,0.3637122085669598,0.1778029023317382,0.13958212722565153,0.23008086569807265,0.2323407169067125,0.2350074178938865,0.30291291065574755,0.13925887649367455,0.4361776011535768,0.2587527054635236,0.21352797532832704,0.32044869381434943,11.973022325513666,6.04747522612972,4.002351305012464,8.997507950735994,4.111704073592617,4.109065934039342,4.0874395188969075,4.1289519022278816,25.214713124904648,13.441133657581972,10.772954681704595,17.06294316694805,2.67019144363827,4.692717877044784,6.028043016914552,3.659163417708428,0.40023354166515324,0.21335132789812652,0.17099928066197767,0.27084036772933406,0.3918162872531521,0.17754095939776238,0.1259993453785523,0.23459035871343703
sub-10212,9.5,m,TD,3,0.18453064560233468,0.16528257271040897,0.1489025783825418,0.2108582163461291,0.1699418574373481,0.18294399336505718,0.19565676000004192,0.1483096321454056,0.28492039123136054,0.25439759621934943,0.22807832246547713,0.30740695965505893,7.581664441029029,5.960099330712011,4.02549902070882,8.927553592466934,4.122824644725843,4.119891069460827,4.1159405769519815,4.1266707913008185,14.47135376597845,12.878251641057112,11.560406963697206,16.00691838531968,4.280465116380923,4.77947962907193,5.42013169347815,3.912052273529666,0.22970402803140397,0.20441669271519217,0.18349852323328888,0.25407806960824886,0.17477064084213348,0.16074725175074975,0.14328981558362944,0.199337403335051
sub-10213,8.2,f,TD,6,0.27787193055275067,0.15864560290228125,0.14012648951664225,0.24434807372012013,0.18231273409112922,0.18729951103754452,0.21997992774716316,0.14380177334532984,0.35505343184202715,0.2324567828191656,0.20847592876271895,0.32746186381271813,11.816542646003361,5.693833132275537,4.525023863357197,11.317878005929481,4.123218186469444,4.119750157049663,4.111658706701442,4.129539241436181,19.760261104731743,11.926699766976,10.593313031222133,17.71926326851038,3.2088473328398632,5.099727497146984,5.85173937011777,3.4844305263897657,0.3136549381703451,0.1893126947139047,0.1681478258924148,0.28125814711921243,0.3008458203967043,0.16123097603244244,0.13154699530589078,0.2599043509319132
sub-10214,12.6,f,TD,6,0.4282719025822062,0.24082487875530742,0.1785479428001573,0.2880665010826097,0.2230393384336636,0.18044998278318722,0.20624305497292453,0.17146204443073287,0.49040890579828095,0.32432057652983737,0.24350228787327466,0.3773909456718995,13.980603936290342,10.600838482042299,6.7635876004634055,12.735073630297785,4.114547948736769,4.123297946610845,4.117638439122221,4.1251171403754165,29.056297914027095,17.611069193346314,13.054176906408467,20.764193963075783,2.3572910856536993,3.554223573965686,4.7826423660363995,3.0180449807019314,0.46121107800043015,0.27954078084676687,0.2072091572445788,0.32959038036628224,0.4726908392157831,0.25978761410353746,0.18522880020838176,0.3149846617061814
sub-10258,12.7,m,TD,6,0.2016059147115005,0.1600831422611901,0.1693860848956382,0.2431864735698334,0.15172052531339178,0.18127092513515222,0.23386226299633983,0.1605907254349688,0.28163042473983396,0.23918563116534164,0.24032470771681033,0.3263668966048267,9.081943074707805,6.201165338385947,4.373656014954115,10.796944717394751,4.1276129571474875,4.120236990855335,4.10786924063651,4.12678837277804,14.845734666327346,12.164477816005773,12.741475438082984,17.65848522610214,4.098738390944684,5.080950929194169,5.33554308067099,3.515832941363388,0.23564658200519595,0.19308694946040908,0.2022456418743331,0.28029341628733556,0.20848158644062995,0.14900370503745594,0.1426478631424632,0.2557081306941905
sub-10260,8.3,f,TD,3,0.2658176706013037,0.21340369073273732,0.1670457240620634,0.26013751012471503,0.12611676058283225,0.16775981818130514,0.18313686381100092,0.17599348796395597,0.35142897114868443,0.2965667665061035,0.23650526923765572,0.35000769738048204,12.649062631616848,9.324241036244267,6.018020985210726,11.21458462479209,4.132000287174681,4.125093948445401,4.121563924403516,4.124125593451235,19.22228543304779,15.781321209526624,12.403240517206562,18.95263500241781,3.2324032251660957,3.8877464813679388,4.9680223998404,3.269785260258889,0.30511564179440936,0.2504971620559781,0.19687683360645333,0.30083547622885415,0.28536973084749256,0.23095913592943004,0.1730826428468708,0.28020117549513407
sub-10310,11.8,m,TD,6,0.34867999870174393,0.2538991752838264,0.22189493478979586,0.29934572741549703,0.17702828051276864,0.16855798139133285,0.1748120685965812,0.15193873722777876,0.4313167366403299,0.3396489554081215,0.3040212746060091,0.37804051105313824,13.628074278795813,10.284996412336328,8.019001362162387,13.470482023869797,4.124422850517958,4.124989063483123,4.123142475033078,4.128746763777351,24.556186368152854,18.538949175495492,16.353634468282515,21.16765141598614,2.654991952943963,3.403475464085361,3.8210129721974275,3.00871409649397,0.3897807360024262,0.2942690345316745,0.2595814994965478,0.33599446692041485,0.3809830211315887,0.27601175423154517,0.23611154674866316,0.3133349048742898
sub-10314,9.0,m,TD,3,0.2915819474101951,0.18269212085078768,0.1316459148154275,0.24030099310094313,0.16431145445281004,0.22918228924353348,0.26920849276251796,0.15307852863631735,0.3694185579411679,0.2528977583903248,0.2034995412941156,0.32614441170764435,12.76258457970802,7.013365786029323,4.127607553553575,10.779913640541155,4.126685907423014,4.111192731668736,4.097630190930267,4.127940379068015,20.63565534051668,13.403543620950579,10.12585891946655,17.554471774952884,3.0756307865300183,4.778121445507366,6.1929301067627245,3.508396614599727,0.3275500847701059,0.21275466065000917,0.1607279193566119,0.2786424091262362,0.31039688919329395,0.1726840980666693,0.11526315779591384,0.25510052837208047
sub-10354,12.5,f,TD,5,0.27267141837865605,0.2359885640528693,0.19044074357637533,0.2726953190121838,0.13623095517228473,0.13494666102875447,0.19682124157992628,0.13955093584696124,0.360965547214647,0.3208135916862217,0.26196739447612344,0.35761556890610263,12.416811423541532,10.80786352667818,7.426250649155369,12.758762513298333,4.130471746857788,4.130340717295193,4.11903903865859,4.130314858973367,19.79424052914094,17.35146590435661,13.989837293547016,19.660172674677987,3.1528307782680027,3.5689555975727485,4.444912320566543,3.1758749137821662,0.3141942941133482,0.27542009371994614,0.22206090942138115,0.31206623293139657,0.3006820316058986,0.26141474552173255,0.20160904050116243,0.2952788820643137
sub-10400,12.6,f,TD,6,0.30039648911926814,0.21564975888061313,0.20024348125471372,0.2735781686357453,0.16498724958268177,0.15470131459134404,0.2038190369598658,0.15267350893239276,0.3784476344415873,0.3002113506675096,0.2753330216966405,0.3624080182646534,12.696935820420137,8.872499685254375,7.5083894588289795,11.76311885872616,4.126624188239133,4.126806873378729,4.117741667939445,4.127538530299719,21.22849012105836,15.98113858501525,14.767263267216018,19.807205580342544,3.0179885257081795,3.851718790899454,4.307748496518745,3.153650262020912,0.33696016065172,0.25366886642881353,0.2344010042415241,0.3144000885768657,0.31992819136968104,0.23509108322731656,0.211001215889569,0.295364428118566
sub-10434,8.7,m,TD,6,0.27507174104526916,0.15973231106894295,0.13805035377685174,0.23944254168126744,0.17858410103225295,0.2410604860957104,0.27396859479552366,0.1355382533377755,0.3561354397818172,0.23504529219862766,0.21022094653035317,0.3240008530335514,11.689627373131193,5.2680073192849965,4.052517968771016,11.178893893471075,4.123776555404638,4.107389420487692,4.097814942341888,4.1305995380158596,19.68256273688306,12.029926743935588,10.507552189691411,17.40239388035816,3.239912971729287,5.1336686577768935,5.863500512776657,3.518149830132478,0.31242163074417556,0.1909512181577077,0.16678654269351442,0.2762284742913994,0.2886449977255831,0.16072029404791685,0.13129856419073924,0.25014290142964196
sub-10520,11.0,m,TD,3,0.38275921654789596,0.17423113261403675,0.11960737066485216,0.2491807763755491,0.2322107475813501,0.20096044637540178,0.2650298160168548,0.14818169690246322,0.44828183965711665,0.25171682173508353,0.1902326926175049,0.3374849422920885,11.768998261945939,5.685034795281051,4.367409040582218,11.808034576095766,4.111592316947281,4.118096781263522,4.100705165136923,4.1289262342628446,26.248281587835717,13.020956148364007,9.240500287286492,18.182786844268012,2.605222130322934,4.641186752612707,6.3899986025207065,3.3738289514724262,0.41663939028310654,0.20668184362482547,0.14667460773470622,0.28861566419473034,0.4200307519088109,0.18125087567516793,0.11552604060791831,0.26635827007980145
sub-10593,9.4,f,TD,2,0.2342637847015468,0.18982806080448583,0.16359673389730883,0.25972107551879825,0.14547422483118444,0.16580870690550226,0.2184400564574569,0.15542925239555583,0.3161163972495944,0.2667532316382162,0.23219970617037106,0.3470858234612294,10.561310838508234,8.384274208880733,6.167100149898797,11.984661181230422,4.129263644001771,4.125446871819179,4.11452496063238,4.127701173556755,17.047051296198575,14.083451630039027,12.153945103245343,18.856026098646314,3.607204648423524,4.341200453745698,5.094562747331494,3.2831337857742855,0.2705881158126758,0.2235468512704607,0.19291976354357687,0.2993020015658145,0.24665444059117486,0.20264967868141584,0.16381359182833072,0.2814797675162612
sub-10741,11.7,f,TD,6,0.34430122353025466,0.27014224635517153,0.19343394575580922,0.29512509766059236,0.16428159435064785,0.1609622328684091,0.17032883484660188,0.2017017659264376,0.42115352931838196,0.33486985408879444,0.25900616671930254,0.3781937200643443,14.716554974481936,10.427536477872982,7.255246011417859,12.814366739638366,4.127103940312746,4.127265883827932,4.124829780145672,4.119758396331161,24.120996671829033,18.94209864691482,14.090546281664501,21.065775380820245,2.7075861082033312,3.399443479575235,4.424986649525183,3.0313552227221323,0.38287296304490526,0.30066823249071134,0.22365946478832535,0.33437738699714675,0.3789091953494224,0.29199823281589504,0.21062705449141525,0.3184804226536551
sub-10747,9.2,m,TD,6,0.31927604423529327,0.15495088041628685,0.13676913144681693,0.2606775726272335,0.20676195504653147,0.22249151407421,0.2798676132815159,0.19299094858549984,0.3840399155619049,0.22980419020426204,0.2092070374093246,0.3481049777092971,10.035614464588571,4.9976647384264234,4.313755916042482,10.170017975390989,4.118016543322171,4.111707023405737,4.096072338490098,4.120632213049241,22.083445891392856,11.720793006455546,10.482949438747474,18.886488563747633,3.000829894019215,5.232931777040571,5.924125743159464,3.3170896769726244,0.35053088716496594,0.18604433343580226,0.16639602283726143,0.29978553275789893,0.345871610862766,0.1512143045974607,0.12423038303385381,0.2733627251087199
sub-10752,11.9,m,TD,6,0.27479497236488654,0.19831925450565283,0.18319645251704153,0.2681347099176289,0.14925734165541235,0.1554173002980412,0.2028558547604212,0.13339214603833047,0.360566726465622,0.27776507727869204,0.25291090342109124,0.3570997483467326,12.865885062211925,8.894980195701121,7.110054813758265,12.97013373486402,4.128837920033948,4.126744993227599,4.1177126910456705,4.131239151442297,19.82034204952955,14.7050643580237,13.437438789890487,19.451106785688427,3.158769855405554,4.183091160859058,4.674947225178938,3.1780524668185435,0.31460860396078655,0.23341371996863014,0.2132926792046109,0.3087477267569591,0.2990397300209296,0.21047741606645873,0.18380927742299744,0.29173399371279835
sub-10764,12.9,f,TD,6,0.3435795159089385,0.19113664342076608,0.1539959416818267,0.27124784801245444,0.1765033724065734,0.15295144217809561,0.18337885901438386,0.16559776021207998,0.40524027027696413,0.27283283402903163,0.22976284876027073,0.3532821083792373,13.080030702405379,7.779043304094334,6.357008152521931,11.101771294847609,4.124593897952699,4.126492570858118,4.12026807327464,4.1259738682769145,23.556298236063643,14.266272399623018,11.713101440148533,19.451436536258164,2.8213755874786823,4.311838367124887,5.245864422984255,3.246688336775655,0.37390949581053395,0.22644876824798435,0.18592224508172264,0.3087529608929867,0.36150933131774093,0.19333087457549358,0.14846409201246466,0.2836790200899549
sub-10769,12.0,m,TD,3,0.31046337664671436,0.14797142394553484,0.09794533956237139,0.25107995327813953,0.18630087767915118,0.23887059102706074,0.30782936968997104,0.19150740999815175,0.3811930258330081,0.21522590196248717,0.15031604553798816,0.33179261067234406,12.183474228147,5.129780742584599,3.3002124979577374,10.524420698618862,4.122496791832611,4.109140105933274,4.088982953800902,4.12133722632927,21.688931293707096,11.092545577019436,7.467315578892367,18.14548422921362,3.012714848451239,5.517979490989611,8.293506484996252,3.4697338893052767,0.3442687506937634,0.17607215201618154,0.1185288187125772,0.2880235591938669,0.33684016521666865,0.15141704664195357,0.09056413168690992,0.26488073111136873
sub-10777,9.0,m,TD,5,0.2663012462402091,0.21389549139643077,0.17763905389614637,0.33625078380289286,0.12490544674767246,0.17263488474171176,0.20729624271104014,0.14778440390151032,0.3389424673430367,0.28382794248477233,0.2512940204667218,0.4025715059445483,10.27639709203672,6.279653897996278,5.388765455156779,10.83810441107568,4.131544543378226,4.122367202235644,4.114363611413213,4.128324197896758,18.893784071995135,15.42928176612971,13.27338919243231,23.10748883781694,3.590561285345905,4.408992328416684,4.95744172771742,3.265028869687336,0.2999013344761132,0.2449092343830112,0.21068871734019537,0.3667855371082054,0.2679824218313705,0.207334261956638,0.1690718156385956,0.3424301810190901
sub-10787,12.9,f,TD,6,0.357164762059159,0.19598485377518124,0.16154339072966012,0.24414069898004795,0.18968128885016888,0.1671954063637743,0.2191486776436795,0.15266649176021915,0.41728062698834306,0.2765127401862917,0.23445960534791718,0.3298481954334109,13.278187747511902,7.477860393744199,4.269679752085805,9.67715033445963,4.122282313487832,4.124328345763867,4.11177871700103,4.1278730298543715,24.406800832276275,14.551173659496898,12.163312361868643,17.778223384580194,2.735314287857237,4.227567793241829,5.156392004567235,3.469187803813256,0.3874095370202584,0.2309710104682047,0.1930684501883911,0.2821940219774634,0.3803747962818766,0.20423767263986004,0.16292834498907122,0.25645549472843654
sub-10788,8.6,m,TD,6,0.3069257142626007,0.19600547081342568,0.15895760040956777,0.2550292746428968,0.16243838384082368,0.18332551043093104,0.24000992444715977,0.15488416099963564,0.37715500050738254,0.2752414603256722,0.22902791272176518,0.34180961056893727,12.677165716697601,8.088712188529538,5.930402035511559,11.591406530120425,4.126968175315955,4.122040710290926,4.108930502815085,4.127673527351129,21.462039984617032,14.512733049370171,11.86780124393021,18.53122218682306,3.0348716781361915,4.241856335777571,5.285382960716536,3.3553070687175377,0.34066730134312745,0.23036084205349472,0.1883777975227017,0.2941463839178264,0.322898362259816,0.20372481296892211,0.15376250378677928,0.27009992250532505
sub-10790,11.1,m,TD,6,0.3006136155417645,0.19577070686745446,0.14173236561040314,0.2541582059600232,0.19385648615223075,0.17588849565779544,0.22028156222819387,0.16795618541036195,0.37397831170454615,0.26506892519309033,0.20351573510355084,0.33101750572122285,11.737380123329237,7.472611524792512,4.818996806902287,11.278850549637204,4.121066293515497,4.123656404241452,4.113530644170152,4.125976957923126,21.179472798622285,14.298965612752,10.548055264714074,18.241296431608987,3.501771090964864,4.96287331746202,6.469651984431358,3.9145953630957973,0.3361821079146394,0.22696770813892056,0.1674294486462551,0.28954438780331726,0.32960919971316893,0.20983246536012343,0.14284254373588318,0.27320385055822344
sub-10809,11.6,f,TD,6,0.25223022093507375,0.2278350625215763,0.1839968272000079,0.2554753580974756,0.14198727329842029,0.16570463730526833,0.2346461200052545,0.13227675951454157,0.3395931987033098,0.31083617947069225,0.25439016644735973,0.3409872911680459,11.863995946979216,9.506342461773682,6.186169745288681,11.698634316166705,4.129751715833405,4.125495857940948,4.111357786435971,4.131022234824629,18.425749869386948,16.764673305564774,13.575346481686971,18.55301836489086,3.362953253943038,3.727742607154226,4.6506723738180655,3.358935270224046,0.29247222014899915,0.26610592548515516,0.21548169018550747,0.2944923549982676,0.2744862322549085,0.24243623494481883,0.1900787767634755,0.2693850608084265
sub-10825,8.5,m,TD,6,0.2741358930931354,0.16245017528096053,0.10925554921204726,0.26198533129627105,0.1863130870871321,0.20599610325576764,0.2791601127315316,0.20956101111464673,0.3499008124709035,0.23134600391278207,0.16660170133972035,0.33664941557903044,11.256687123704102,6.063137012467585,3.5511130997666847,10.069943699417477,4.12237452785412,4.116943517904388,4.096394483713262,4.117711474609713,19.457565517477306,12.045002478398416,8.264090139770337,18.631056091037724,3.2812179408375663,5.120574485414281,7.4295738820504065,3.4368476036737667,0.3088502463091635,0.19119051553013355,0.1311760339646085,0.2957310490640908,0.2881141966406051,0.16513486151856746,0.10142820585392454,0.2719923971531342
sub-10842,8.2,f,TD,6,0.30877904011883067,0.2190077470658426,0.18816106768953467,0.25601583038718606,0.1688671695946482,0.13623271706902926,0.20388835628804333,0.15297231199423905,0.3724510926447144,0.29710811673361076,0.26169367767861146,0.33944469120944804,12.730564987634546,10.184768620689805,6.108691293748829,11.349584956528604,4.126142846633402,4.130142011966968,4.116832535079394,4.128060464625445,21.413123034171424,16.025326083680074,13.910014522286623,18.496626383823536,3.0643671187656394,3.8687968689066614,4.492503873900209,3.3691760937159696,0.3398908418122448,0.2543702552965091,0.22079388130613684,0.29359724418767513,0.3210992579706589,0.23332564301067127,0.19606528700094747,0.26909910589317293
sub-10846,8.3,m,TD,3,0.25336788193239074,0.19949342496468125,0.14161037965329792,0.22475917449050417,0.18125654864519478,0.1902159580525493,0.2230490279112046,0.1663524691127418,0.3352555620686453,0.2789934190632079,0.20656085794808843,0.30693953548451586,10.543801152447267,8.388835884896931,5.112414171320913,10.274520013447585,4.122982409051307,4.120741111662368,4.112107955168319,4.125680222915818,18.381695697012763,14.776052741227653,10.631606022398104,16.438141295694198,3.468843202169152,4.182857633847788,5.815421867496693,3.7953025263635625,0.29177294757163114,0.23454051970202627,0.16875565114917623,0.2609228777094316,0.27161126311921685,0.20736418566832163,0.13971630918940317,0.22779956535733725
sub-10862,12.6,f,TD,6,0.3487130956454758,0.20584150374519972,0.1601906969205207,0.25829825250311284,0.1965887390103516,0.20028709973305567,0.2704747590701846,0.15818003363392433,0.4136016790904958,0.28566270309460046,0.2294521708646974,0.3447123712926818,13.11766538729512,7.862333062070467,4.841287357304414,10.796786718224737,4.1209373744967,4.118630688113505,4.1005178910592015,4.127156289837005,23.98989289914307,15.21109891005228,11.971483372621108,18.73658877503018,2.761016537120072,4.096534562288301,5.2913627040883116,3.3161291905849652,0.38079195078004874,0.24144601444527425,0.1900235455971604,0.29740617103222505,0.36666114819059964,0.2169423301846322,0.15821195172102484,0.2763159063505101
sub-10876,11.5,m,TD,3,0.2241030955661983,0.1832305070751898,0.18143928676076723,0.2264365746455467,0.17961405124260268,0.2080349809433737,0.21631812992850044,0.15350138697522778,0.3094387519230917,0.26446425419801917,0.2651514742652798,0.30879033966990854,8.112802782338202,4.990000298744136,6.262712249902446,8.97132591475287,4.122613928611434,4.114248587269015,4.11318558957888,4.12736434077438,16.51380369276845,13.783666306755498,13.75553723135846,16.551461349994398,3.743982465309802,4.5456792371746895,4.530964141081422,3.7226234662210564,0.2621238681391818,0.218788354075484,0.2183418608152136,0.2627216087300697,0.2375230622599794,0.18985890491798116,0.18124261125694283,0.2378838609784721
sub-10883,10.7,f,TD,6,0.301734086553076,0.2222971910479212,0.1634920021113807,0.2994456165917824,0.13711172582708772,0.21274619441813789,0.24247656085865088,0.1553892077967841,0.37828430801481017,0.3055685650618924,0.243343724099674,0.38940139208928204,12.594358542368246,7.286751552824014,5.041607122154984,12.703573480370911,4.130821813268579,4.115689158283938,4.1057801700744045,4.127485295947875,21.274431851860584,16.433485930046444,12.46013854476226,21.514448154670763,3.0070318388484787,3.8946966408847303,5.154949485371805,2.9373011996951206,0.33768939447397744,0.26084898301661025,0.19777997690098822,0.34149917705826605,0.31862920206344364,0.22887929665435544,0.14559288623673028,0.31991971163778804
sub-10918,12.4,m,TD,6,0.2527158012539186,0.21497533459996498,0.17000320609713904,0.26414465102042994,0.12606742132443285,0.14685375323926095,0.19170470581483734,0.1488832347734705,0.3336707184549197,0.29613583406916577,0.23562738527606727,0.3462249900555709,12.210081694166213,9.752949435924704,5.5743092765072575,12.45400011656077,4.132072603910047,4.128754369006291,4.119726452436826,4.1286960325576745,18.257992091657275,15.84681648538774,12.520301850167032,19.01863643047407,3.401574095017392,3.8666766612745533,4.957819613921292,3.294019301339629,0.28980939828027424,0.25153676960932914,0.1987349500026513,0.30188311794403283,0.2753005519473359,0.23329324142444985,0.177476616440981,0.2838270584710792
sub-10950,,,,4,0.2660886580110571,0.15876589490812915,0.13095868472322386,0.2550575261965635,0.15497395602499967,0.1911819163842724,0.2292730683154925,0.11052040900944418,0.3499674006083255,0.221513197295559,0.1896524992408637,0.3386468407034057,11.805335404711986,6.584780179205299,4.714601529779972,12.332491288666262,4.128045766809526,4.120409233823391,4.111989928590924,4.133974180802851,19.176844571091817,11.588538877448421,9.676598139784225,18.4412733591821,3.251003009914615,5.308123697933502,6.275218507377722,3.343769913960491,0.3043943582712987,0.1839450615468003,0.15359679586959085,0.29271862474892224,0.28746430701569986,0.15796478722615895,0.12637514155933113,0.27315743972523593
sub-10959,8.0,f,TD,6,0.2937431553476358,0.19094182038811588,0.13663788109310812,0.2829427321192387,0.16962403232571033,0.219337160154662,0.25673630253323776,0.19063587480575003,0.3737244225820317,0.2685063216559251,0.207242563157507,0.3676442865539596,10.886705199236554,6.11957342258567,4.280292739533042,10.51600977187964,4.125300774038998,4.113821472299587,4.102742819334549,4.12157774525491,20.90133107760502,14.16472530552961,10.376546857051903,20.27254110814542,3.0878242559219533,4.440284923072618,5.921477870710418,3.116778583669229,0.3317671599619844,0.22483690961158107,0.1647070929690778,0.321786366795959,0.3085728138847183,0.19645769544197986,0.12985636232067724,0.3056016499641552
sub-10970,9.0,f,TD,6,0.23252858436931315,0.15872015626997674,0.11867023938154901,0.2744459295026866,0.13909679917043502,0.23237832602640882,0.2979893997371991,0.14437215841749215,0.31050873192650835,0.235499413056545,0.19332785101048036,0.36204009679900634,10.592512609434111,6.040498948176782,3.8010679992821443,12.615795791390175,4.130077943822905,4.1102075710537695,4.090524148503515,4.129478830594423,16.793336441649668,11.98350482176538,9.26874175350729,19.799524287983164,3.680850204953071,5.104429800804855,6.486628283831334,3.1501160991953063,0.266560895899201,0.19021436225024405,0.14712288497630618,0.31427816330132,0.24200868215404192,0.15714275152317225,0.10516014984045095,0.2902817802821769
sub-10990,10.1,f,TD,6,0.350994775887203,0.2003089671250756,0.1517987102512565,0.2467243334014052,0.1762813230287665,0.146687281268893,0.2223442484771978,0.13747102569900016,0.40895609876298483,0.2814646287069293,0.2208775051359708,0.33289062472264536,14.086858319985879,8.509511819588534,4.261312085964675,11.75770297067371,4.124910588155898,4.127957242174778,4.112172063712691,4.130408815398119,24.013887660391237,14.800075346608793,11.34087684070114,17.957570554062467,2.806604180988248,4.085574718247887,5.372984691841963,3.417361380640076,0.38117282000621006,0.23492183089855226,0.18001391810636727,0.2850408024454359,0.3624380212883013,0.21198007552251996,0.15287747854826345,0.26348404727072916
sub-11025,9.3,m,ASD,2,0.23285784879024274,0.1897394358534539,0.2007699149308016,0.2271332687472587,0.1332330948837287,0.17339842855929227,0.2585725585547006,0.1624238085112184,0.30829180654390276,0.26170674091846313,0.269865298807796,0.30898003087692893,10.606359810922624,6.1979281612947155,6.148113879373093,9.735322764705128,4.131000043716341,4.122830606474382,4.103563471029677,4.126138428005923,16.765045651657577,13.993396002496663,14.616507687226983,16.624595684346467,3.6986242173245767,4.522017872174141,4.528116690821442,3.732345136687252,0.26611183574059644,0.2221173968650264,0.2320080585274124,0.26388247118010266,0.24376946396922045,0.19026659368274174,0.19260170532449405,0.2391933966564705
sub-11038,10.7,m,ASD,6,0.276925434563935,0.2056558429703691,0.16524401697992605,0.26743414081053324,0.15968246029966496,0.17432272465135754,0.2355554377973662,0.17862675634931005,0.3586995074925228,0.28483466074864655,0.2342042916105457,0.34791560806729155,12.645835157521754,8.200649573538438,5.024198639713528,11.38744390285649,4.127357096896238,4.123691072885236,4.109791988672105,4.123983635194491,19.82927767589174,15.155265693817762,12.271679003663627,19.142068438020008,3.1777475938554507,4.059267668549193,5.06717759386444,3.285502873730147,0.31475043929986884,0.24055977291774222,0.19478855561370834,0.30384235615904776,0.2956712667414439,0.2184152114078469,0.16863186806269967,0.2841787217065724
sub-11049,11.9,m,ASD,6,0.20086597715747825,0.16981204445654277,0.14912932110647129,0.23376840559977596,0.17928596508316375,0.2248333794866206,0.26815994535903653,0.19006468311432234,0.27213627860917167,0.2397638462431766,0.21184762490692308,0.30337082507610474,7.707956510689878,6.14214999542121,4.592564733563809,9.264403697948742,4.1230668073140135,4.112450393656402,4.10173011956298,4.121737329648341,14.631993122454562,12.58574381674328,11.046197501010843,16.69323921064636,4.238259714969794,4.948321748902202,5.660756989598171,3.7967580253612128,0.23225385908658036,0.19977371137687738,0.17533646827001334,0.26497205096264065,0.2102874853814526,0.17199488031612445,0.1470407661755648,0.24111639974468693
sub-11053,9.3,m,ASD,5,0.23527860246003499,0.2027085267270563,0.18393141762460347,0.25878355167161154,0.1232900274531086,0.14328554288539047,0.1921523699048914,0.12295906624835987,0.3197702072835316,0.2835850635901901,0.2545302258801429,0.34611231060371705,11.3687203210196,9.371187245989512,6.94519178737315,12.446151066476515,4.132056206189283,4.128693045332883,4.119821836480422,4.1324012470562845,17.232002846597457,15.053354966902228,13.594690705684787,18.824482902459682,3.5661377139690793,4.0811325608346545,4.661485462068358,3.285836704065612,0.2735238547078961,0.23894214233178138,0.21578874136007595,0.29880131591205833,0.2538860625853535,0.21583973234921144,0.1855489518706342,0.2797836577002205
sub-11055,9.9,m,ASD,2,0.26343403416701544,0.2186011780662958,0.18828484954412245,0.26770932431452255,0.14145404332072434,0.16316949089347665,0.22150655355675009,0.14710291834002315,0.34294304760217087,0.29640569600980676,0.26578610144008097,0.34874387008661367,9.880435408138387,9.549385569308612,7.103201913736806,12.011659868851662,4.1292287972486506,4.125852900368738,4.113254163753901,4.1286289928441215,18.87460812941646,15.946347320462218,14.02968503879587,19.19157295771754,3.3997779582817307,3.9348119081617465,4.501727917715504,3.2725448915911945,0.29959695443518186,0.2531166241343209,0.22269341331422016,0.30462814218599266,0.2813021580994237,0.22646547930890865,0.18949667084170585,0.2830612411221436
sub-11057,9.7,f,ASD,6,0.29117902905598847,0.22692698344887277,0.1545229157231434,0.27561106339574654,0.16035800830727734,0.15588569507456046,0.23803698281806487,0.18202574688652187,0.37204565403156326,0.30315815798394924,0.2175383413803418,0.3621845008176461,10.988288741791813,9.820209451430864,4.897524038805454,11.96312590942736,4.126773178401938,4.127419210673408,4.109503000825458,4.123191782948212,20.80909088273971,16.49400635925379,11.421687566477402,19.897127024963265,3.0794789245297447,3.786138152930786,5.471519683406555,3.1664389149291856,0.33030302988475724,0.26180962475006014,0.18129662803932378,0.31582741309465484,0.31316110817864234,0.24295688380328792,0.15658037720857118,0.294730825540532
sub-11062,12.9,f,ASD,7,0.3254257883338206,0.26570024805489567,0.20594133953716343,0.31274645242060517,0.1332783428261965,0.1428522680664765,0.17917215380990514,0.1902535358777208,0.41436743590821445,0.3530914940055689,0.2791143903297019,0.40445791914641394,13.324102756477716,12.142588134119707,7.824952328120232,12.647046580813678,4.131125190401771,4.12953538116554,4.122563984833149,4.121353509272622,23.272074634515665,19.3604027162492,15.101119745193472,22.4858264056871,2.7529792333486216,3.2439894014674557,4.180328500789094,2.8415201129115095,0.3693980100716772,0.3073079796230032,0.23970031341576936,0.3569178794553508,0.36086687380004967,0.29425491193173403,0.2221354824798338,0.3431898826639278
sub-11074,10.7,m,ASD,3,0.2419449940458932,0.19149646573869183,0.15480378329600236,0.2539212458598072,0.14431987910778274,0.16158511276882193,0.1886896125971488,0.1555753038828055,0.33017098581947313,0.27066434243419324,0.22336335881048333,0.3398972429889908,11.089710039795825,8.249095171287745,5.288378105781461,11.302578510799037,4.129272904982517,4.125286592715291,4.1190130604527555,4.127765915255805,17.774019754576262,14.265464848074695,11.580651091867802,18.445095383923952,3.447265085371058,4.311668283196767,5.382251451160527,3.3507637605698313,0.28212729769168665,0.22643594996943964,0.1838198586010762,0.2927792918083167,0.26501371757361974,0.2051687837818226,0.16189953363116585,0.27443441094586435
sub-11078,10.5,m,ASD,3,0.22579726795807695,0.18437559936500617,0.17911721834447056,0.20795562009402188,0.18486049862765383,0.2638896931573039,0.2892386958211546,0.21564995094785325,0.3053732601085053,0.25823712493889744,0.2509483292278147,0.28915518171144233,9.569248253205098,6.248369858474017,5.026181515317858,8.4157090596926,4.122363346387192,4.101318898154211,4.092652485800749,4.115295460041643,16.475993325005632,13.694908307447557,13.296314093028242,15.361948707593621,3.83484021951959,4.893265463097158,5.258472564442499,4.072715171909618,0.26152370357151794,0.21737949694361194,0.21105260465124187,0.24384045567608922,0.23600136429975951,0.17053295473138932,0.16303609891930967,0.2095667875945113
sub-11152,8.1,m,ASD,5,0.23542404391899244,0.15894398858314002,0.13912508278778205,0.24221790043192043,0.14541119975133013,0.20609235845164128,0.24169409665670222,0.17971923815312846,0.3191688200027146,0.22983889377782418,0.20142686117008388,0.3243733657855764,10.070971268442602,5.521985061321671,4.8119449399778444,10.346106111633993,4.128795535061249,4.116141687120077,4.107554370686667,4.123257782473384,17.221223694653908,11.878509535741745,10.336266756877091,17.57139032431746,3.608158753298253,5.181401800104053,6.007396619220868,3.5529369293873385,0.2733527570579985,0.18854777040859907,0.16406772629963634,0.27891095752884854,0.2526988607658087,0.16332394206942652,0.13673193874926964,0.25393049278772695
sub-11161,11.0,m,ASD,6,0.24254765003697112,0.1894811840267923,0.2302629770045903,0.248683812031162,0.11846522266638586,0.1812062719002592,0.2565940065684181,0.13656568828572854,0.32529302976069,0.26548754584459444,0.2914380811634374,0.33346336417715966,11.381350561270537,7.716798904472836,7.153781939357169,11.877142462022322,4.132731460280128,4.120995810705138,4.103953421266029,4.130287703505291,17.57948135044457,14.062532993863847,16.503336173614855,18.043781405016645,3.4957587819744624,4.56141722891959,4.400562062748569,3.4208884418374095,0.2790393865149932,0.22321480942641025,0.26195771704150556,0.2864092286510578,0.25813553348028595,0.17203913582373143,0.19571981218500148,0.26519441627685775
sub-11181,8.5,m,ASD,5,0.22322406914273976,0.17807580271549842,0.15921731892646926,0.2533075988087359,0.15581804424486845,0.21084447487356783,0.2623432173336179,0.1510726979386235,0.30204548623687255,0.2525544717673109,0.2291155964816821,0.34034734281738344,10.471964302604604,5.6601351470331895,4.602177245109248,12.048486444686295,4.1273267357547585,4.115232962416224,4.10159510312859,4.128402654885979,16.251420093261807,13.2391322314563,11.889431114628994,18.448123934673042,3.810321635762441,4.710056084254372,5.336961844300708,3.362977282202388,0.25795904909939366,0.21014495605486183,0.18872112880363476,0.2928273640424292,0.2311520893611086,0.1798777396593279,0.1530968983296656,0.26719333323116223
sub-11204,11.3,m,ASD,6,0.25255064529861976,0.19887230514154952,0.1472702732908466,0.2584523018301267,0.09623295429644392,0.1626290998278461,0.20399397337577066,0.11740572202997318,0.3398752507901592,0.2783790245866647,0.21964729646930084,0.34737913010438337,12.971677478140762,6.863826898321516,4.883017284877854,12.714553954711583,4.13531811119563,4.124955175333682,4.11556633050711,4.133100751260277,18.3815917931056,14.664272191788198,11.102364761052629,18.786120116351437,3.328648847649387,4.171973156164806,5.426140779348866,3.263066158557407,0.2917712983032635,0.2327662252664793,0.17622801208020045,0.29819238279922916,0.27236791260417104,0.20821735368903457,0.14385176889659737,0.2760566386212088
sub-11215,11.4,f,ASD,3,0.3334228475235466,0.22521408176172544,0.20086170802292855,0.29388956878953376,0.16835789244328558,0.1795054108795144,0.1995948068731301,0.14727425217137213,0.41069846388709447,0.30925608614049804,0.27403839556402376,0.3861803151931788,14.479069401673913,7.098738064694433,6.036066493101026,13.543717323035999,4.126101264737166,4.122693615245347,4.118263655562229,4.129187350985855,23.36922659211524,16.66581836131739,14.790502238554197,21.25597085969468,2.7728728250590726,3.7238703907554602,4.221988899088957,2.9438898652737833,0.37094010463674976,0.26453679938599023,0.23476987680244754,0.33739636285229646,0.36847951769451065,0.25043149861592884,0.21754162286697923,0.32461940162602837
sub-11227,10.8,m,ASD,6,0.3400673191548847,0.24696907102296892,0.23893132059436037,0.27471262202643204,0.18749536223251428,0.09897684802879027,0.1288828219769074,0.1439143875682465,0.4257809467716657,0.3348507666965725,0.3177872267255733,0.36502435313906934,12.404301815041428,12.048574666590824,10.422450894018723,12.974655781248922,4.12177086991724,4.1348025440786484,4.131366687340342,4.129556946807945,24.08521168951224,18.09741033512729,17.359008667702888,19.934503850125633,2.6985384866898836,3.3972843608355934,3.5951203203965587,3.1235439585186824,0.3823049474525752,0.287260481509957,0.275539820122268,0.3164206960337402,0.37963460233410945,0.2705972558076933,0.2597183330478901,0.2971516006615991
sub-11229,11.2,m,ASD,6,0.2773320178152927,0.2105297278519108,0.16643141100679185,0.28173532236113935,0.13702634551563375,0.16030808151054182,0.21195738630213343,0.1863998620006693,0.35590822674988826,0.29175423792922056,0.23805475464871986,0.36914381694007287,12.277246896725549,8.994452126026014,5.8967705238944275,11.820243298384538,4.1306232866520425,4.1262975126465085,4.115107152665963,4.121917001785779,19.744324107654762,15.494056561132043,12.394530997848912,20.267732322009543,3.198874602285293,3.9483365946428783,4.957185550729758,3.125016081448742,0.313401969962774,0.24593740573225462,0.19673858726744306,0.32171003685729427,0.291314746281468,0.22305587921468176,0.1728186142948319,0.29775091422881217
sub-11235,11.3,m,ASD,6,0.2425077587182168,0.1979516479954717,0.17368522711122766,0.2587062532743974,0.13117740562555352,0.1715726440097368,0.20457446899994383,0.17730764963615656,0.3217812624298692,0.2781944448778899,0.2509468961882875,0.34500640275596955,11.573187373548093,7.970662612013048,5.847718355155315,11.348926713435281,4.131241960233612,4.123960045201184,4.116621929448418,4.123816176415326,17.53040260672292,14.701979268910561,13.03640257403336,18.77324212090419,3.546852428061969,4.188493234214014,4.741658649959574,3.331525271203845,0.2782603588368717,0.2333647503001676,0.20692702498465645,0.2979879701730824,0.26067605370771957,0.20797068105179187,0.17553463419634463,0.2807070673195337
sub-11242,12.7,m,ASD,6,0.33183385319760833,0.22390963883254691,0.2118472238412976,0.27923344206578066,0.1876281555458862,0.11628853750726996,0.20437403061777618,0.1624842530960912,0.40348851095500654,0.31193437377395644,0.281697622862781,0.36872766386869893,13.48180209500211,10.389985102141686,7.69642396221587,12.438258451395784,4.122486434064258,4.132210100181748,4.117208359500928,4.126724149717471,23.04384822121014,16.57829313807374,15.306927093010854,20.144892931597386,2.8220552714417804,3.680983216553438,4.251752746311149,3.087145774427999,0.36577536859063714,0.26314751012815457,0.24296709671445793,0.3197602052634505,0.3556944354460981,0.24333123393505082,0.21284437375119572,0.29719040846012895
sub-11243,8.6,f,ASD,6,0.2718916481985107,0.2036305912686536,0.18846448932880558,0.2941678321973947,0.1566736209075369,0.16813413042775874,0.19968069496364085,0.14249756348988607,0.3626345261225981,0.2955467279710234,0.281834537091329,0.37809279511028443,10.603013727486458,6.932600972200355,5.574926018513724,12.357183384347394,4.126875293389467,4.122653607673669,4.11545941429755,4.129567567740664,19.817853552818473,15.503729082889926,14.650640001170762,21.06054344927792,3.2089093434923583,4.098339550136066,4.4914554533040905,3.05960131802744,0.31456910401299165,0.24609093782364963,0.2325498412884248,0.3342943404647289,0.2862470840886802,0.1998353758041758,0.1690756221763949,0.3115273046661517
sub-11244,12.0,f,ASD,2,0.23978407367105864,0.15855838507245965,0.1289004028132663,0.23491711919810182,0.1677241867173895,0.23706880766520178,0.3105921410124036,0.12402868959019894,0.336000886974204,0.24789652261506626,0.2076713951190467,0.33854499725704523,10.494699828352044,5.819199032058821,4.25885628359689,10.647353619363987,4.124901148316958,4.107356402257959,4.084772901019986,4.130984795129936,17.947632593034157,12.354009496762007,10.120284777149347,17.893881711620484,3.5373509512671135,4.897457895073321,6.0368205313546675,3.51336021292442,0.2848830570322882,0.19609538883749214,0.16063944090713245,0.2840298684384204,0.24544913534485405,0.15518884322823895,0.11344815944170615,0.24238881086579522
sub-11256,12.4,m,ASD,6,0.2703806807437805,0.19782460805543786,0.15677772542014543,0.24299966703402873,0.15598907021750544,0.1429010590167331,0.19739059583704824,0.11763807831645902,0.3528073524478539,0.27344141004557243,0.2167685322794822,0.3233029572001911,12.094543998434647,8.564779792180492,6.018664183886261,12.120180439439238,4.127635449460439,4.129101223404021,4.11834072616096,4.13318818905152,19.451299991830805,14.531517440234685,11.461244069267323,17.559234294860268,3.2309996652489232,4.177487533103589,5.397815282140211,3.5010541590512556,0.30875079352112395,0.2306590069878521,0.18192450903598922,0.27871800468032165,0.2919275122068203,0.2128470507143976,0.1607120255747357,0.2595202501758651
sub-11265,12.1,f,ASD,2,0.25552541948833063,0.14952326814627204,0.13933637043637376,0.23537529317603267,0.15488283702404199,0.2488407943757921,0.30532474327483916,0.182712629645654,0.3353524240302237,0.22583513488351448,0.2125649215075647,0.3152433815658343,8.664364574187198,5.124830768447923,4.193014272577138,9.104620250301476,4.127107055778149,4.105324129547007,4.087969330574747,4.1229505230276065,18.45000515831338,11.383959963837258,10.684663294814213,17.074206920150374,3.429016679855569,5.439728239771211,6.045007910682157,3.6477726233497583,0.292857224735133,0.18069777720376595,0.16959783007641605,0.27101915746270433,0.27747554998777274,0.14068129947024294,0.11513944246251784,0.24876441150800704
sub-11274,11.3,m,ASD,6,0.30057845581610393,0.2225764743105598,0.20871250610478895,0.2956167892954897,0.16728043763907482,0.1480487999738493,0.17794353507694263,0.1331024262648404,0.3807725160738084,0.3087162305343426,0.28147491501241073,0.3709964291788846,11.840472766046146,8.443662843655302,6.841901548615543,12.939614069915306,4.125648260328174,4.127085200283019,4.121908870560851,4.13072219940162,21.376387274299304,16.505473041201455,15.236299828431653,20.85321477408456,3.0462128334487346,3.790901840388431,4.21042943510479,3.171103945480127,0.33930773451268736,0.2619916355746263,0.24184602902272465,0.33100340911245324,0.31891118232018684,0.23332068909054307,0.21454973683530457,0.3018829115969528
sub-11321,10.4,m,ASD,4,0.2994130151312836,0.22430758196193779,0.17833856893355376,0.2663725286034498,0.14488331178203856,0.12649280015540074,0.17673337381547427,0.14067996029222518,0.38462460664040093,0.3057778924271181,0.24688892547520228,0.355746594849621,12.091974638047919,10.615369396183478,7.188555732154766,12.343331998365427,4.129513628397395,4.131671162180103,4.123150105323365,4.130068713948744,21.371012548888963,16.43977623348317,13.074363253353205,19.334274149953306,2.9619815054439482,3.7224498148335137,4.669150769504599,3.189927607147647,0.3392224214109359,0.26094882910290745,0.20752957545005082,0.30689324047544925,0.3200786815971971,0.24430169657611397,0.18888096442585112,0.2866827991139158
sub-11323,10.0,m,ASD,6,0.24532627743469435,0.21831598215088222,0.13950878093698263,0.22922572296655827,0.14749679310844357,0.14471385331197242,0.20349411219706814,0.12088046984309549,0.3247705168384858,0.2944075968084732,0.20593177043009447,0.31225598851106207,10.542358418839045,10.170388298245355,5.784801902003198,10.872184795393038,4.128637525879856,4.12905873494786,4.116559121510023,4.1323129738063065,17.71659195960559,15.912146790918626,10.47637848487246,16.74107051388556,3.5246739041674164,3.917485110306911,5.82435870078123,3.6490383437640457,0.2812157453905649,0.2525737585860099,0.16629172198210249,0.26573127799818347,0.2628158680721696,0.2290603184307849,0.13444565191815336,0.2416951398422551
sub-11325,14.5,f,ASD,6,0.22658074829311028,0.20056345291348646,0.1714981716620124,0.24315044066580874,0.11154370408690684,0.1458446898732109,0.2084523941163187,0.13006133974426817,0.3055922802356514,0.276437496318017,0.2410232519824579,0.3236883524537984,11.017358036087842,8.709445887884538,5.977093128643522,11.499328877208418,4.133653546327529,4.128458994139083,4.116550385468258,4.13125080134663,16.522444114619372,14.750752519929128,12.700281971225365,17.62508340116895,3.708563826544417,4.140663467215673,4.839901150530076,3.5109029137012615,0.2622610176923709,0.23413892888776386,0.20159177732103747,0.2797632285899833,0.24801560957686397,0.21757245265519987,0.17880543076999234,0.26420324517700366
sub-11335,10.7,m,ASD,5,0.24093820719457631,0.19947791980447752,0.16483077760795964,0.20969676469563106,0.14645576188880255,0.15076389558540643,0.19861405022407325,0.1365409998089553,0.3232431128786103,0.27704371436959196,0.22786712666390457,0.29210781108971007,10.757284568462515,8.486514722322983,6.821597116310423,8.899804961529409,4.1287146948074085,4.127430259665857,4.1186727657763464,4.1294135193549,17.560837948082426,14.779317009214896,12.105255007327598,15.50935216407973,3.563255243200813,4.1885668123662745,5.123575722753473,3.979134646112315,0.2787434594933718,0.23459233347960146,0.1921469048782158,0.24618019308063058,0.2548612446465098,0.21131529350093406,0.17081627782018619,0.21521557161511184
sub-11386,12.4,f,ASD,6,0.3205093716756619,0.23442434524471878,0.18844771065953236,0.28838635223388215,0.16573152572548064,0.1370293594701452,0.22925194322269368,0.1536910589638608,0.41051044112936647,0.3191693668783377,0.2572338910097554,0.3792546326761124,14.54975366644465,10.663362533814693,5.491178218690901,13.453248982113365,4.126361811676027,4.130152931886332,4.111187537296424,4.128240994754906,22.911461223599584,17.25557013863361,13.816228984941324,20.830311979015864,2.77232590520247,3.5751488259931796,4.567390653608951,2.992940128317841,0.36367398767618386,0.27389793870846996,0.21930522198319558,0.33063987268279144,0.35340775130110025,0.25907102079867306,0.1966296886099861,0.3167343599198862
sub-11391,12.8,f,ASD,6,0.2524113078120747,0.1535073493888917,0.12938724278355998,0.2409493244839984,0.12631484525997153,0.2486337754432839,0.2896892728902183,0.12864735331346397,0.33332527416271346,0.22844303147745784,0.20129819780549618,0.34042826260961373,10.59352922209281,5.602328557458056,4.241406518070928,9.910465683020348,4.131434551955582,4.1058217322012505,4.093940841330961,4.130288346042144,18.26985958385016,11.657718109457187,9.96936191850813,18.02950987499166,3.4624477941163803,5.348706729343024,6.238459520017044,3.4298405184159435,0.28999777117222475,0.1850431445945585,0.15824383997631944,0.286182696428439,0.26550239375946755,0.14543204489963388,0.11611358434396091,0.2441989640187667
sub-11405,9.0,m,ASD,2,0.2916242524078561,0.1508186485939771,0.1327974569203804,0.2551448692614801,0.2209512346949859,0.1983256315910206,0.24885841089113794,0.17610595777212779,0.3644188471428212,0.22788745013945466,0.21058102717405264,0.3335479490275814,9.536404760437858,5.310683979948752,4.397262441188506,10.73959787863776,4.1144693916258435,4.117232951390108,4.103823162332178,4.12413467082461,20.50411032253873,11.473854016103049,10.288657482339978,18.28531510636353,3.157102612268652,5.240600497395433,5.866607024697657,3.4529909384292825,0.32546206861172583,0.18212466692227058,0.16331202352920599,0.29024309692640515,0.3176033229611046,0.1481157467777805,0.11660353373100085,0.2692627989130843
sub-11423,10.6,f,ASD,6,0.3470299717192351,0.20543159567277067,0.17771122759703237,0.2604475503445905,0.1546857045176255,0.15132405026463422,0.1641203025527117,0.1370142342424103,0.41583943471392,0.280442221875939,0.2487628694435684,0.3395548794975101,14.763318647576547,8.867837281844528,7.2523754923533374,12.234113172775887,4.128571528991611,4.127818079437169,4.125292656244256,4.130710173068432,24.08183893058997,15.020018569667313,13.104573897098843,18.668705974818025,2.7500840453884012,4.069222105400641,4.630310808967738,3.352807923056879,0.3822514115966662,0.2384129931693224,0.20800910947775939,0.2963286662669527,0.36786426124505717,0.2202630928753285,0.18633618017765918,0.2754436775250367
sub-11453,10.1,m,ASD,6,0.26981094488092927,0.12675985539094484,0.11763541918411946,0.23967834297834698,0.19266438591011137,0.27009336289639846,0.35985649266556674,0.1222103799089555,0.3475134806916884,0.19885152268282383,0.1951161298252727,0.3299751586263773,10.97679508210264,4.563026184213401,3.4201049654034867,11.198835649880069,4.121089991851595,4.099608998734138,4.070431273531504,4.131856301565073,19.22453000926464,9.750283641164076,9.280578746156737,17.671179103183604,3.333275708396304,6.214457947573028,6.63324047662989,3.4948022437795907,0.3051512699883276,0.15476640700260438,0.14731077374851956,0.28049490639973973,0.2803632014741393,0.11591056210730384,0.09843756375295393,0.25060035812435
sub-11497,10.7,m,ASD,6,0.28901268392605556,0.19533371914734343,0.1474293827613607,0.2540892727318887,0.1883124964833264,0.18349124657178653,0.24370942022497846,0.1423448069400298,0.3752418547524477,0.2747143000226339,0.2142632566267388,0.342851110712451,11.976143258541732,8.477853767920877,5.448994015419058,11.975168431665324,4.121996840690083,4.12202243456228,4.107853758316913,4.129419499212601,20.727180054793905,14.470874704767823,11.007681579347983,18.507085865548593,3.0506358146388917,4.240884473306283,5.613836769577376,3.333691694190254,0.32900285801260165,0.22969642388520353,0.17472510443409492,0.29376326770712047,0.3112405198447818,0.20245355019574726,0.1413704254355519,0.268812119054705
sub-11510,11.8,m,ASD,6,0.2670175355519264,0.19051872752896357,0.15313628828576473,0.25878127983914406,0.1280382622625923,0.17715794479603156,0.27333723648251723,0.12627984893069946,0.35364834337351386,0.2697605639713519,0.22232715569568715,0.346410208388164,12.348115149371983,6.464534579681042,4.271402836263996,12.360578804616688,4.131685477618863,4.122041069941379,4.098571012236184,4.131923481949254,19.29984651380979,14.174856081271216,11.43007483988112,18.796790015079363,3.2110561365317665,4.344052328190331,5.5447678185688885,3.2805861909429432,0.30634677006047284,0.22499771557573356,0.1814297593631923,0.298361746271101,0.2865755693864982,0.19753908234834686,0.1452521133712937,0.27622718251863454
sub-11535,9.3,m,ASD,6,0.23932373608531346,0.19240263051510398,0.15217147045150703,0.2581256130084564,0.1592953831571674,0.2087470813064012,0.24638188778360423,0.1595162054787015,0.3186323631154209,0.267766773522306,0.22109718314935858,0.3411196367872007,10.197262066859741,6.000624209128648,4.627332618257911,11.464334614824109,4.126904686109953,4.115845303851633,4.1062553381578395,4.1270987545479025,17.319107527056627,14.197633466760989,11.38197020557007,18.620419029758313,3.6019648870951824,4.413117605673338,5.528514676023819,3.351375656539002,0.27490646868343843,0.22535926137715848,0.18066619373920745,0.2955622068215605,0.2524823312966144,0.1988983930699947,0.14831592562595217,0.2716548563745387
sub-11547,13.0,m,ASD,6,0.2591892928317015,0.23641736422440718,0.19104348352689562,0.2835715841893099,0.12107492361469586,0.14436871638867846,0.17728681189788922,0.13374267533314085,0.3413186559040378,0.3188636544535857,0.2597556961440526,0.3689669457364381,12.078356382192553,10.248413338468518,7.63216898370963,13.456299044755104,4.132662624033048,4.129175203718293,4.123331463537705,4.131226569209972,18.73882817847979,17.306258816806565,14.03711474623365,20.40987629333219,3.3297515653461853,3.5899441184489063,4.452021317079285,3.0847839548647507,0.29744171711872675,0.2747025209016915,0.22281134517831191,0.32396629037035213,0.283173063775751,0.2581076086290795,0.2043776540566665,0.3079432189387959
sub-11548,12.4,m,ASD,6,0.2563448640876427,0.16989997941906188,0.14190417586842127,0.22560029665004722,0.16851103336153983,0.21609240795915255,0.21339060336316987,0.1140689745473989,0.3399687806139489,0.24503140888175937,0.21315570703159728,0.30552526041274897,11.272128190414074,6.509550082543206,5.478746651469083,10.724355952701435,4.125667715819119,4.114270983841031,4.11370301733885,4.133054023016336,18.4960901973547,12.701457662149823,10.79176010399532,16.43489355768263,3.3564641392967736,4.9357214446066076,5.709922535439407,3.7392742126316425,0.2935887332913444,0.20161043908174317,0.17129777942849714,0.26087132631242266,0.2722278088817453,0.1606741906376019,0.13088279734396555,0.23527129021819917
sub-11551,11.7,m,ASD,6,0.24651684833875756,0.17923273215578064,0.16292374886169753,0.22847567176648473,0.11815870593261991,0.14196966481597895,0.20206689157298782,0.0928445326242031,0.3223981508605038,0.25562073954222336,0.23337593853766728,0.31293862400689376,11.46842303955774,7.823776108099193,5.38752540129171,11.51378942395405,4.132893047278322,4.128650142083326,4.117248606464062,4.135372935655579,17.652739192611012,13.336606483882617,12.139102785637297,16.73978115359164,3.5370855912882746,4.539341724500276,5.06700672236008,3.6338742506390935,0.280202209406524,0.2116921664108352,0.19268417120059197,0.2657108119617721,0.25735516680587195,0.1895620554521568,0.16666763905706236,0.2432347015319345
sub-11562,12.0,m,ASD,1,0.2097630826830347,0.1623858056077149,0.1316364060285766,0.1867954542519636,0.172326480810037,0.2084567103262224,0.2952347186806172,0.1432078854759536,0.2906882178146038,0.2418760540341092,0.2053251131418125,0.2767139758806762,7.755386417843349,6.513461534632529,3.2333064260131703,8.755667969902364,4.123786249496479,4.115626374326478,4.090357091628457,4.127926138788209,15.436942401005894,12.324833984554209,10.17187095267318,14.12693409885318,4.021953497947936,4.912711349977138,6.126164173044163,4.242813711549814,0.2450308317619982,0.1956322854691144,0.1614582690900505,0.2242370491881457,0.2096923001035781,0.1626293944555425,0.1186196772974183,0.1773293452606464
sub-11576,10.8,m,ASD,3,0.2759898535736386,0.19491421715591592,0.15721480568651505,0.3707005360893065,0.11696353032091351,0.17651811300450385,0.2139872131060729,0.11224123756430127,0.3553372629751353,0.29638703579743125,0.24904047319712164,0.43835754920788145,12.174025519770476,7.097079302092648,5.868866365854456,18.355473145412336,4.132669661468737,4.121829852915415,4.112074715675958,4.133383184093514,19.78253785534485,15.21343233768597,12.44185714222703,25.408597025661113,3.3587580596004067,4.069069339440098,4.977060703944329,2.794762153743688,0.31400853738642615,0.24148305297914238,0.19748979590836557,0.4033110638993827,0.27780876721337083,0.1998895832247574,0.144882084346798,0.37372305344106693
sub-11593,9.5,m,ASD,2,0.2293931982882793,0.18453114525482794,0.16168249361929055,0.26577219088125015,0.148621598784353,0.17234522140286462,0.1837203782703348,0.19378787995908497,0.3125818878977264,0.26409201606579835,0.23451403945180244,0.3503066891431392,10.99556205734632,7.863514383254542,7.339505343891746,10.374630198093044,4.12872249165124,4.123656664767948,4.121285447607072,4.1206028406607125,16.795214657668645,13.826393442628957,12.17296222595804,19.179140678534488,3.6494238239013157,4.411641405294751,5.057418097448654,3.2974764115269135,0.2665907088518832,0.219466562581412,0.1932216226342546,0.3044308044211824,0.24708773837300854,0.1939356157724716,0.1610034088839687,0.2839096036683144
sub-11601,12.9,m,ASD,6,0.29010654064408126,0.21980337892449944,0.18916795075070694,0.2640364348963368,0.15061605938054026,0.14410907231710607,0.18493102961102445,0.12806452874928206,0.37549056853345286,0.3056673762963303,0.2621387092958534,0.3539253986542099,13.54812222677046,9.510653453228963,7.55198261546746,12.833819572637239,4.128752181709946,4.128573599776886,4.121277556898211,4.1317161891200955,20.77609110989086,16.293623143340245,13.943037387602933,19.19882361542452,3.0305004362240466,3.77990069970665,4.492033074370184,3.211474846540581,0.3297792239665216,0.2586289387831785,0.22131805377147507,0.3047432319908654,0.3137675368077922,0.23453874320183063,0.19142184717390806,0.284767714886097
sub-11613,10.2,m,ASD,6,0.318515603245051,0.19400777378022838,0.13145947034045943,0.26369219460224386,0.16064703549447956,0.16450717071166224,0.23515591437889274,0.13011719848955913,0.401151825035718,0.2711863317451462,0.1951322642703468,0.35022531772854965,13.979990890965276,8.425583780920084,4.695632242305825,11.11476336682208,4.127159849128746,4.1254820102129095,4.109100146311658,4.131017108058533,22.53696224607022,14.335498392181568,9.894322746182658,19.1010349049166,2.8351894612541315,4.266147556037532,6.1691592717936645,3.259084547200345,0.3577295594614321,0.22754759352669152,0.1570527420028993,0.30319103023677135,0.3424658070557957,0.20418878370352875,0.12701825602732045,0.28120531626917106
sub-11636,10.7,m,ASD,6,0.32102711081693686,0.21532839720667254,0.1874987329232609,0.2698173169504616,0.20163566086021698,0.12723478033464933,0.15649020023387358,0.12134423759355177,0.3966815741303791,0.29202513458258883,0.2537672525420634,0.35431769113213957,12.535129894926369,9.906201984686332,7.853416717948438,13.043132494708681,4.119729908016797,4.131626317140808,4.127129416517654,4.132787848217753,22.488983349469436,15.772212705629613,13.707698536194735,19.444417808901253,2.879445305052952,3.9002804692108444,4.51901231872606,3.2008954820128186,0.356967989674118,0.2503525826290414,0.21758251644753543,0.30864155252224207,0.34739136349659483,0.23643057008454602,0.2039951219863605,0.2893454312292441
sub-11638,10.9,m,ASD,6,0.20912912240341172,0.15451591801205775,0.12009179944197233,0.21201597413564457,0.14446336839083354,0.24645341314337513,0.25461049937008884,0.14649472291240914,0.2904492052371511,0.23185311618017554,0.18776636052773732,0.2972795621005707,7.276121088270749,5.021820568599515,4.095534015360276,7.478197371980919,4.128069450751494,4.106229284415044,4.103606181693624,4.127177136332601,15.439193502950324,11.777178615042502,9.186996526132797,15.72324886966296,4.032899301562443,5.193573397559436,6.457654331023435,3.9323989285933876,0.245066563538894,0.18693934309591273,0.14582534168464753,0.249575378883539,0.21203919971618537,0.14958376758663375,0.10825607493488758,0.21403255468238724
sub-11674,11.7,m,ASD,3,0.2624368488988195,0.19479812819749384,0.17340684143806062,0.24596629941757545,0.15792816671990553,0.15208887188843878,0.2628028541352573,0.15225980554382576,0.345808651934943,0.27486460734887147,0.24032537056103975,0.3299221709382973,11.60215151177777,8.424925348809287,4.770960390298421,11.144904322398807,4.127405879102713,4.127503194697451,4.10307562885392,4.128124754877892,18.914613442163077,14.45481465484697,12.72953949353805,17.847172889241705,3.3141818693439196,4.189608036873783,4.968744427256547,3.447996250874412,0.3002319593994139,0.22944150245788839,0.20205618243711188,0.28328845855939205,0.27594879481137347,0.2104210167070152,0.17558288337018976,0.2644132711693808
sub-11731,11.5,m,ASD,6,0.18873911465762708,0.14963219846545417,0.1232835422870401,0.21931721375847824,0.17348296925480708,0.20905565713291355,0.2533665703511365,0.1763808287727547,0.2618983522268325,0.21971840934252743,0.18766441077849982,0.292858205744914,7.923417894752869,5.776027639148256,4.613719659732154,8.610035821121466,4.123744906213332,4.1160334291364045,4.105329943491938,4.123759053894266,13.8706014196394,11.226072581619357,9.330981667415756,15.86655521494427,4.401193721360041,5.372187035211462,6.395377358823925,3.950171998599975,0.22016827650221263,0.1781916282796723,0.1481108201177104,0.2518500827768932,0.19648038750457095,0.15171838047216865,0.11987751794279344,0.2243685494960822
sub-11755,8.1,m,ASD,6,0.23680619415566703,0.18878168662476755,0.20416137455161829,0.24882249951308688,0.135963124141201,0.125420741702115,0.15596159644095361,0.15678538779722792,0.3206107010802134,0.2649283219279093,0.27547437790314916,0.330815162054607,11.499943550241346,9.278449446135275,8.563668603588058,11.416108355174034,4.130364875750218,4.131274286325827,4.127063435780708,4.12772566780652,17.290050276762653,13.989629417651768,14.852036143172619,17.959839927021832,3.572625769281791,4.354377453486989,4.210528635232005,3.4665522308599805,0.27444524248829605,0.22205760980399628,0.2357466054471844,0.2850768242384417,0.250322748703987,0.20041578801426332,0.20867040987520713,0.25822608980323886
sub-11759,11.6,m,ASD,1,0.2524815386029096,0.1967663115011333,0.1642196154057878,0.275960439666796,0.1513935553668162,0.2385854112185881,0.2510745862440103,0.2023954048838978,0.3363962038503912,0.277951242840265,0.2424743628569339,0.3565728674457906,9.06693257523992,4.7532352207112565,4.890185432957895,4.595625684154457,4.127785176102467,4.1074831918202985,4.103626805469874,4.116995067334193,18.312663372554194,14.667154340554587,12.448428651175163,19.77227274173156,3.424499392065337,4.407010432031475,5.079506326346304,3.37472709857438,0.290677196389749,0.2328119736595966,0.1975941055742089,0.3138455990751041,0.2676892202523764,0.1940238732761612,0.1546109233111192,0.2919572819241156
sub-11776,11.1,m,ASD,6,0.2823172455445337,0.20197132477581356,0.1602314584963486,0.25040156988671886,0.14444868895541466,0.09741971251367347,0.16399014817761756,0.111923322211142,0.37327794011140725,0.28402289507994544,0.22764396871589987,0.34558731192851755,12.14471517966102,10.405503067127029,5.651423287467306,12.405188503368208,4.129325008525548,4.134710819516281,4.124949307660614,4.133401502745292,20.43954542875262,15.010741349562167,11.936643784955047,18.480755914287382,3.054138753060275,4.00581997051845,5.08074082801464,3.291632471864934,0.3244372290278193,0.23826573570733597,0.1894705362691277,0.2933453319728156,0.30285769898667675,0.22339783055788195,0.17221363239973234,0.27096184397968526
sub-11777,12.5,m,ASD,6,0.34594298896218195,0.21934655115654833,0.17596829778333054,0.26338620331142903,0.17823810211234067,0.15765175203615778,0.25684702909695095,0.1304838354302453,0.4207885697776397,0.3008010145543558,0.24757248044853172,0.3533747522462592,13.850131198631702,7.9964594488963465,5.490799469194236,12.602177421537577,4.124279092796731,4.125897777606271,4.103917333173622,4.1313712168103995,24.149252979114976,16.08907868657605,12.972970430951504,19.159258552040644,2.7166046395321715,3.8543397052266406,4.894381153467331,3.2141292209780326,0.3833214758589678,0.25538220137422296,0.20592016557065873,0.3041152151117562,0.37401169141974355,0.23059378783677076,0.1720444346617931,0.284324643187246
sub-11791,9.3,m,ASD,6,0.2688967382571989,0.19059737049748812,0.16198738601477045,0.26354451192866796,0.16978999916857063,0.17545675280238646,0.23121286462996896,0.15547669402544642,0.3539522900249152,0.2715938851244997,0.23866884660475207,0.3496620297001156,11.326024635535331,6.677299517537111,5.049448149005903,12.280206992308578,4.125444265343012,4.12323316902697,4.110696587083491,4.127783452569891,19.409718824074037,14.210977976350895,12.186379032402408,19.06036543802797,3.237888974487776,4.2949347126190505,4.993850335164713,3.2689523594339467,0.3080907749853021,0.22557107898969667,0.19343458781591125,0.3025454831433011,0.28884490652469214,0.1997291154613078,0.15879791016373435,0.27924320847208967
sub-11831,8.0,f,ASD,6,0.3245761813811218,0.23302186559996949,0.1564479430823172,0.29284032789991554,0.17872601072045816,0.22754786203688118,0.2857643444956379,0.2027565991691269,0.4013294365204887,0.31717377373792116,0.23198404626539773,0.38691465258148433,13.504495397414148,8.91835619328502,5.168120282392148,12.40885184784178,4.124152835013913,4.113543730591155,4.097177966111151,4.119202594552591,22.846619134009075,17.112069637334034,11.901175922586845,21.26884226097169,2.8719649419551163,3.697842257787933,5.282934886609081,2.9893290291487937,0.36264474815887415,0.271620152973556,0.18890755432677528,0.3376006708090744,0.3390554081817485,0.2455828038583554,0.1492231384928387,0.3141487087408147
sub-11847,8.3,m,ASD,6,0.2268427614822782,0.18215565922863944,0.16734288441954973,0.2653132723556744,0.1762622790636594,0.22943016801627092,0.2356705215636127,0.1941550509617219,0.306768304087218,0.26018725500078976,0.24277254943226834,0.34897216477236676,9.14818188878799,5.782459161708515,5.035609868902319,10.569760065338118,4.123934839648917,4.110571819658156,4.108435326390755,4.1208228049449795,16.523511415946814,13.587359519404023,12.562116675934972,19.11017174751449,3.7472679490822958,4.5747817193756894,4.96467869226865,3.297376590299034,0.2622779589832827,0.21567237332387335,0.19939867739579317,0.303336059484357,0.2409125762734059,0.18642349498660685,0.1680865244550339,0.28197865185659415
sub-11868,10.1,m,ASD,6,0.2979498498904447,0.17359565503150207,0.1558857675995747,0.22311561393112764,0.17560082262483248,0.13628635357055166,0.2045692275467685,0.1359984179121915,0.37017147879462914,0.24728138317193574,0.22404068849523917,0.30428677043088853,11.999612489911206,8.2795598594349,6.211647919769185,10.42527750952726,4.124474721507183,4.129195820975807,4.115455583962129,4.1303798462187755,20.89833996015083,12.905332783600407,11.645923302676417,16.266739588795943,3.0898852593522115,4.718360559337549,5.3585762489270925,3.749674706156373,0.331719681907156,0.20484655212064137,0.18485592543930818,0.2582022156951737,0.31797082551648775,0.178978638120291,0.15295591713058768,0.23328645447581522
sub-11876,10.6,m,ASD,6,0.33302741959039595,0.18323279237030718,0.17550586742836286,0.26602346694115453,0.1583362737968714,0.20150496623614067,0.2763955706399655,0.1816222118760273,0.40218829488973634,0.2621473343852247,0.24392473492615532,0.350042274354267,13.787959595515963,7.055945274079643,3.5930453886154505,11.023616579666852,4.127929781824896,4.117629148046345,4.0969798130207185,4.123044119539695,23.139397748395538,13.723909707009435,12.97049434238778,19.152778566959903,2.831950232428612,4.571725662918215,5.21390344368924,3.281290397591533,0.3672920277523101,0.21783983661919737,0.20588086257758376,0.30401235820571265,0.3527443189179569,0.18323860066899936,0.15959918353167898,0.27898896221646813
sub-11883,10.8,m,ASD,2,0.2841787342233364,0.18261691823760595,0.14696920770876348,0.22725267204614685,0.1287906481717708,0.14193973435245988,0.19070503717465695,0.1399048130704192,0.35971674468366605,0.2549777914235951,0.20837924543979536,0.30891061024997896,13.201660490256975,8.193531414663122,5.1885529242736705,10.355532673246392,4.131999111137874,4.12902442288262,4.120039856574996,4.129866770682633,20.16004800234318,13.486007109625072,10.870957405245639,16.545236371478705,3.1712445129141047,4.501688238072452,5.5618071142610574,3.711352164985157,0.3200007619419553,0.21406360491468365,0.1725548794483434,0.262622799547281,0.3005929308220703,0.19815679542633818,0.1533198173825182,0.23274639890860022
sub-11936,12.0,f,ASD,5,0.44239551136080546,0.2861706087361019,0.2009521168421539,0.692523146973668,0.17405082618006704,0.22868358993452786,0.3299559755950027,0.13537748452744183,0.5004031841921156,0.35655331476619007,0.2713605396421933,0.7025448696753988,11.896960536271436,7.463111554834438,4.772977154400857,22.116016099822854,4.122919709348481,4.108327148453749,4.076325479100474,4.130948122765821,29.97346966356455,20.27089874235204,14.873204699575933,44.2276879696372,2.6180605376844452,3.9130147663198067,5.145785985753806,1.63260389544075,0.4757693597391198,0.32176029749765134,0.23608261427898308,0.7020267931688444,0.46943035946899647,0.27889695344719123,0.18441908931511924,0.7262795763360302
sub-11955,8.5,m,ASD,6,0.28177415979310766,0.1902511133666439,0.16267219184976753,0.2506913838571138,0.12710706338113242,0.18607934591424283,0.22309695982687716,0.15658478312160462,0.35589227217565195,0.2683297107564738,0.2329260621147995,0.3365636243253864,13.035802329281507,8.161156890907975,5.858235987020154,11.2651393245704,4.132209175581448,4.1213490213768855,4.112245361969528,4.127566047876665,19.947366859760994,14.117887916468113,12.111960582716739,18.215512402425038,3.1984432517152435,4.370628545494206,5.174474723436345,3.3960991918196437,0.31662487078985707,0.2240934589915573,0.19225334258280535,0.28913511749881005,0.2982486760570456,0.1958697839778579,0.1570234558893315,0.2653066651189187
sub-11976,8.3,f,ASD,6,0.24913438249803996,0.18133627660451854,0.16194430345279257,0.25971738524042837,0.11188006742228625,0.19965441064434034,0.26138053235070935,0.11222242632510837,0.33192507293941953,0.258441362551876,0.23588594969103518,0.3508100663524578,12.311419719395575,6.928676404605607,5.145575372914302,12.864931418265284,4.13375909037957,4.117515429655194,4.1017480534679125,4.133395948379209,18.056691795576757,13.51996704405092,12.199781902580817,18.939912353298194,3.4207499376991226,4.600264533259883,5.213350373068535,3.233250942373996,0.2866141554853453,0.21460265149287172,0.19364733178699708,0.30063352941743154,0.27029698736921115,0.185314409640168,0.15675930722198195,0.27871078016366835
sub-11990,11.7,m,ASD,6,0.2990412433220349,0.19874717857858057,0.15163440405912293,0.29824295098825,0.18539118255506803,0.1496785611661387,0.21469215416384135,0.1546935948054279,0.3825222439150106,0.28093883321622126,0.2183785527400035,0.3720244571912866,11.635426785543915,7.85437495309224,5.336655783196949,13.143684747248122,4.122357808408258,4.127121119440955,4.114861062169204,4.127032749882961,21.430692903608094,14.82963059638539,11.333483613956433,20.94592536266416,3.060966270353415,4.1530779630543355,5.36630941438045,3.180584097422923,0.3401697286286998,0.2353909618473871,0.17989656530089573,0.332475005756574,0.3104446120246887,0.21144297561418293,0.15482266083621954,0.30915722579554017
sub-11993,8.6,m,ASD,6,0.2267730013361271,0.16376769338920874,0.1431738988493653,0.2720646252798507,0.11340173197358211,0.1966642580193371,0.2465409596497334,0.09977173553944725,0.30167226950315035,0.24119711852799777,0.20848418009082834,0.3470131497158088,10.408803057822483,6.3241445914084595,4.804993272821422,12.076672856598037,4.133174090408036,4.116731078607757,4.104222015680187,4.135079553063893,16.41662237032433,12.428052842525082,10.7448112175991,19.330495325066554,3.8074517837589945,5.032377729726168,6.016552204471883,3.307292201008908,0.2605813074654655,0.19727068004008064,0.17055255900950947,0.30683325912804055,0.23913599215752138,0.1618548578328692,0.1303846111997344,0.28426485158910664
sub-2713,9.9,m,ASD,6,0.47657831256511723,0.4352828205162488,0.343604516308477,0.5147973270847777,0.0961721094287075,0.0840312573395293,0.11922855231982665,0.07813991388623176,0.5305039674046343,0.4843992460463791,0.3907890661240189,0.566697531952363,25.2289471290997,23.063505648730175,16.58816152959496,28.72384370881786,4.134346816000393,4.135240930595511,4.130891679235722,4.135857239201118,31.624908770256614,28.83442388028039,23.041815159751188,33.91900239919952,2.488567278200653,2.970550502497864,3.5506481871959963,2.4960116190343338,0.5019826788929621,0.4576892679409586,0.3657430977738283,0.5383968634793574,0.4781144243761059,0.43048714247824554,0.3361256940671356,0.5156697652999219
