participant_id,age,sex,group,n_runs,cv_delta_alpha,cv_delta_beta,cv_delta_gamma,cv_delta_theta,mean_degree_cv_alpha,mean_degree_cv_beta,mean_degree_cv_gamma,mean_degree_cv_theta,mean_delta_alpha,mean_delta_beta,mean_delta_gamma,mean_delta_theta,temporal_cv_degree_cv_alpha,temporal_cv_degree_cv_beta,temporal_cv_degree_cv_gamma,temporal_cv_degree_cv_theta
sub-10003,12.9,m,TD,6,0.26668414741066887,0.10328920430716765,0.0881921044186275,0.13883124881406253,0.21852912374734546,0.14221337291776756,0.1453587020335324,0.16131228776033577,0.1930327780032923,0.1421461087747776,0.1642404337572271,0.21169152209362485,0.08076618535578196,0.1080101826526495,0.10638029857606025,0.18555820672870268
sub-10025,8.3,m,TD,6,0.15648167812589495,0.12454440436457741,0.09710803473056119,0.12304783429335327,0.14607317314278734,0.19228189161090495,0.20953527331508026,0.12537561158923602,0.2675532799104184,0.18085554773892668,0.2128125930457195,0.24661750876741792,0.16472253493517294,0.07399680095297544,0.05432315778305725,0.18541682057765665
sub-10036,11.0,m,TD,6,0.14140846235400253,0.10359118258914457,0.10035310043746977,0.12388731070231396,0.16521002519942501,0.13333365860439952,0.1527633805201785,0.13198091942540638,0.23127518877581052,0.14838067866981008,0.17585377162115037,0.23308022531480022,0.17364197155375427,0.09822405202710256,0.08883203439868372,0.20618961469678118
sub-10124,12.0,f,TD,2,0.20054417214205636,0.12734413296924263,0.0609558199901558,0.15822527332667957,0.19787602945785093,0.2124236483713321,0.2803122796346881,0.1778680898782044,0.20360549221099083,0.14858651114172375,0.1584016405841995,0.18773918107744159,0.10252583481411225,0.0806860944924016,0.05389115397014155,0.1119064391155439
sub-10129,12.7,f,TD,6,0.12103471994710312,0.09928969405098109,0.14369599024821975,0.06779620199157298,0.1575139290938802,0.19521896760724797,0.21233694699186578,0.12955388352202743,0.24194932418220816,0.1890359233228888,0.21235016387408026,0.24813540735373762,0.11817719259107355,0.07031567618027781,0.10635005913482769,0.16123465959268884
sub-10170,8.3,f,TD,6,0.13100019159425855,0.0982512317795425,0.0976584123559195,0.09698969050422716,0.14470199549601942,0.18265185212617466,0.20997989830335792,0.14673123891009818,0.21937616216944864,0.16628787326439406,0.19111470569851083,0.22977728385185472,0.15737893584900234,0.07319953393906575,0.06040768055317463,0.20942865591717527
sub-10177,8.1,m,TD,6,0.14681920284558395,0.11219183151220063,0.1268184343316558,0.09907095661333724,0.17087809872311333,0.18199036624533318,0.1887807161539505,0.15399385098623608,0.26569134585033,0.1733956231823164,0.2144124787261812,0.2532106004372736,0.16688575189883062,0.07910535106640369,0.06272420188551812,0.17737616038249251
sub-10182,10.6,f,TD,6,0.2799089145212019,0.14601636274227514,0.10657220909181538,0.14972771777663715,0.21539815305112076,0.221000232146927,0.26542390443435065,0.13858158391418504,0.20194530450988257,0.18755230298143202,0.21263426491781204,0.2577627873165377,0.11527039361670921,0.06046918196561853,0.04819843239144727,0.14988409640772513
sub-10212,9.5,m,TD,3,0.25634004977473074,0.32212443917321937,0.25938360974882296,0.27186101137191027,0.15276851573807704,0.1715918935061315,0.1867671815137398,0.14415692335221975,0.29467046302161065,0.22948781123950399,0.2490613029265274,0.2947783711831628,0.1704041118338375,0.1279861086347205,0.1228570290237271,0.17297976774058074
sub-10213,8.2,f,TD,6,0.12555649807950245,0.09943794343109953,0.15048598568239954,0.10218903418129939,0.17419859944741745,0.17990525050578096,0.20375940570893128,0.13855628295271424,0.24590138633133043,0.21542001343512762,0.25279849178431907,0.2509360968753185,0.09983936350338996,0.08018521699116855,0.09592524094387772,0.14523616674081213
sub-10214,12.6,f,TD,6,0.2806464752182261,0.12282958091280359,0.12798202714217685,0.1197306908596758,0.20905253998772502,0.17395119547957583,0.19994551408932795,0.16105638186481894,0.19470014102827063,0.1529344948632484,0.20792385080680842,0.21895044525530638,0.11789616147082532,0.08263185076154221,0.0767647584408871,0.13674312530065397
sub-10258,12.7,m,TD,6,0.08239519980435545,0.0848892495667543,0.11093790195934095,0.08567243418853017,0.1446830916979025,0.1752642428446074,0.21992360699730526,0.15074432263566925,0.2690845663497962,0.1919472737801391,0.2025018492376357,0.2579830104158047,0.113723809841708,0.0763266275146887,0.10873634475888126,0.15893744290745973
sub-10260,8.3,f,TD,3,0.11281871668507047,0.09908752758445387,0.130008081525545,0.10596874283014174,0.13766957619409062,0.16181878049714227,0.17598134053419437,0.1653817537498048,0.23949834038865148,0.17042166428272806,0.2077881123503147,0.24069718777075721,0.15736351151090608,0.11303174125820337,0.08961681474692502,0.14935129998342633
sub-10310,11.8,m,TD,6,0.22400736130054436,0.1065854292761093,0.0987430674961533,0.09495062445636991,0.1703656986545767,0.1634993033400417,0.1695563984492082,0.1494691258708806,0.22385906524957858,0.13854855480050265,0.15648107464879232,0.20432695786186753,0.18230911317359552,0.09283582765995678,0.07136262224493489,0.14201426516492865
sub-10314,9.0,m,TD,3,0.1721224508802572,0.09260847651082764,0.0924164549967722,0.104489621170407,0.15928767497941093,0.21554787046242466,0.23446388688983757,0.14604923488385557,0.24295301043222728,0.17647401412833688,0.22593042902551733,0.25070382050049994,0.16110457347043053,0.0914294200153839,0.057819833519825205,0.1591704168329304
sub-10354,12.5,f,TD,5,0.1488636888496865,0.11317090209476044,0.1101988393666049,0.10841730779905108,0.13536902895763672,0.1354329679999158,0.18941859209709894,0.13926660354228582,0.21443944892117073,0.1551008925725626,0.18359088467894366,0.23483600477361427,0.19423167980772704,0.08332701145713896,0.08101431859789257,0.15099203050222773
sub-10400,12.6,f,TD,6,0.1633194282635482,0.14911900244988419,0.20104814966162596,0.12348878979876739,0.15872886330585825,0.15365445301951558,0.20092389998517837,0.14721582718588663,0.22699151269217888,0.17305264214192698,0.21939169715058113,0.22410394828835645,0.14148237234781502,0.0972012061376127,0.09934081424789576,0.17675818631342355
sub-10434,8.7,m,TD,6,0.18235939102771184,0.07842804645269201,0.09540587149040997,0.09060038773986123,0.17088460135522077,0.2222253145234494,0.24307828142542745,0.13384559475340574,0.26228434425262986,0.19330312107414005,0.23280571870702052,0.2610900865784339,0.1698300543525453,0.05580479785334988,0.0570296660957336,0.1594126165851361
sub-10520,11.0,m,TD,3,0.23252261770164004,0.09697484562754627,0.04968534241398417,0.11552935197546736,0.21301748005978186,0.1908120669453256,0.22483547229991743,0.14651377877093277,0.22351983607491852,0.19404667229950667,0.23998405378525148,0.24206277565822876,0.13429226785624002,0.08788593463962292,0.0728382871105927,0.20315676115011808
sub-10593,9.4,f,TD,2,0.11405422544157315,0.05913925910671485,0.0882398414987198,0.0881583398323399,0.14802211284076075,0.16097953900120954,0.20486552661167173,0.148086689092249,0.26138661553225456,0.17614946437160417,0.20491957813635991,0.2435569185567876,0.15042698737430896,0.0768222850974994,0.0894647352302861,0.19352421739777695
sub-10741,11.7,f,TD,6,0.15662414113727238,0.08887273432657478,0.08194978041423583,0.10479431374458568,0.16220943677575628,0.15893054087450942,0.16577537007923937,0.18658109960236738,0.19923241128071656,0.13322549274176135,0.18617983641775757,0.21618500592779863,0.15479265601262174,0.07655542287071036,0.08643701730474995,0.14103569851895295
sub-10747,9.2,m,TD,6,0.23417800389742857,0.07833004585335047,0.10462883756430479,0.1188130497480528,0.18866612092937207,0.2085150103121615,0.2525366716473207,0.1706986425271231,0.24561390720474055,0.20410658873274798,0.23564183053479706,0.24448840914099024,0.14985590613855237,0.06608647639480615,0.059454940868870744,0.14592262856943228
sub-10752,11.9,m,TD,6,0.1995181513400769,0.1260417569696311,0.16266151478945254,0.12373759933159502,0.14744132547238997,0.155667894215436,0.2014086718849989,0.1337177974310192,0.239527911105195,0.17233093751285966,0.22439800321003386,0.23784928612886913,0.22215247082469,0.08541291591174525,0.0763068847265598,0.20046213851450156
sub-10764,12.9,f,TD,6,0.23099396977204414,0.08789359144318237,0.12160571814887049,0.10254335168596852,0.17046876875940886,0.1536859592190102,0.17649202036674483,0.1569882222348119,0.21736603212285496,0.1802410803208917,0.21335245443758413,0.23828106165418006,0.13411359379846363,0.11498958152368505,0.057242420418008234,0.18260826479251435
sub-10769,12.0,m,TD,3,0.24238503351577312,0.1368296233306014,0.13459117641162843,0.20540474023869773,0.18315020548325486,0.21558105265146407,0.23866462461433124,0.17204183451091196,0.2682826188483017,0.2307249872544894,0.2974849607443891,0.27777515356458465,0.16536292757782264,0.09494460817894267,0.07330209362035063,0.18816041335474054
sub-10777,9.0,m,TD,5,0.22195167463882942,0.2987378606109757,0.29632940661815743,0.3675008220497208,0.1319146585815823,0.16761057133120763,0.19679987354946493,0.13690688057008113,0.2811418578814805,0.2284332647436779,0.2564937950766083,0.27367726483728805,0.16880838071463317,0.13501979383935056,0.1126103240491749,0.18202706654051648
sub-10787,12.9,f,TD,6,0.2843592791841958,0.09076366134644599,0.12475963490593729,0.08629455196547353,0.17968108068595737,0.16510787809645588,0.20328559276843008,0.1460566953192313,0.23137810260826727,0.18602076597809095,0.21680273228675606,0.2459590955680845,0.11989172564742621,0.0902897353450081,0.07061712823742501,0.1409310575800879
sub-10788,8.6,m,TD,6,0.15520804445245,0.09806957237788522,0.1426725635286005,0.1090314861176304,0.16207974524401536,0.1764254377075526,0.2171221590217556,0.14772922081926884,0.26587671013927666,0.1911251878019993,0.23182447708965,0.24549742080559236,0.14505287309498893,0.11241190313473066,0.10478023085313977,0.17463519911841138
sub-10790,11.1,m,TD,6,0.22240257158635515,0.21798295057884387,0.1729521919904254,0.15037388930982143,0.16285439235125065,0.16643599007449703,0.19855820183581954,0.15019447589410775,0.26722550147167007,0.22489644735159944,0.26917881454092485,0.26198255019116323,0.22749622357444318,0.12749862612649412,0.1322473196943241,0.19523110494459903
sub-10809,11.6,f,TD,6,0.12995769113804947,0.10808310889477006,0.11077314643465275,0.16152759669379493,0.13880997295055206,0.16404174542640934,0.221072482230768,0.1333405303191292,0.23143773137874213,0.15788365215750577,0.1997549396581498,0.266702636045884,0.16828346533677543,0.11390738024969332,0.07095015945993255,0.15781757732959598
sub-10825,8.5,m,TD,6,0.14039118001244497,0.054628631466030315,0.03636559173531762,0.12755606514666748,0.17313565479341583,0.19604923101151814,0.23315933297692418,0.18687458596385367,0.2524921552615131,0.2069048997058819,0.26457534500758656,0.24789765844999656,0.17400292527292946,0.07976307043931881,0.05558517465923598,0.15048085174041692
sub-10842,8.2,f,TD,6,0.13391888188854137,0.09933752512640225,0.10088875584511837,0.10699253538134164,0.16603867628578564,0.1381757935960405,0.19340311806617005,0.14871962318833964,0.25319549884224357,0.16337633387551806,0.1853481776644861,0.2436333994617347,0.14212092668545398,0.1142501431751855,0.060433242376839356,0.170979909774941
sub-10846,8.3,m,TD,3,0.1808796445917632,0.12485553168921397,0.10964313185419712,0.1609490871257501,0.1691190850950689,0.1823510607971334,0.20209147101349803,0.15660285250786424,0.25500550046639864,0.18889418873174157,0.2365078575707399,0.2726965433494411,0.1432749462946996,0.1260524218262039,0.09399932502753865,0.19115949153229636
sub-10862,12.6,f,TD,6,0.177886123005216,0.07685271689987168,0.089588774021513,0.1196786359754594,0.18689433647397755,0.19175029078438777,0.2469999084817119,0.149651742676205,0.20975750157610293,0.16426538461214626,0.2083793713145912,0.2388829809132029,0.11867683672381031,0.0687397305959333,0.05790868537811635,0.14407861462515284
sub-10876,11.5,m,TD,3,0.09885465325058547,0.15966716721666388,0.23276722068652422,0.1049616014128225,0.16445953582789788,0.18906650717575693,0.1995336309918756,0.14363375162822337,0.25322239496192905,0.19168743200125427,0.21631114584416147,0.27071478214741734,0.14037446312298463,0.08338241960211534,0.10409230782826934,0.18045290635384048
sub-10883,10.7,f,TD,6,0.14902858797455235,0.1666836480674211,0.05352388220529449,0.12799896465989807,0.13943668598631362,0.20388830130847016,0.22719088968650872,0.15259036610147522,0.21751897461375372,0.165004227709352,0.18434401464498196,0.2117581480493659,0.16267531386539813,0.10516213621537383,0.04947542935499343,0.15194667708551785
sub-10918,12.4,m,TD,6,0.11453784144815354,0.09141670507746975,0.08407185772230108,0.1332121453345063,0.1265637995039162,0.1452716559217786,0.18102511228741566,0.14548522846799902,0.23224127167875155,0.16492411385231318,0.20943444476039166,0.24168615655038886,0.13490622362104573,0.110652984971666,0.09579579957848867,0.15361678845376298
sub-10950,,,,4,0.15071005637639373,0.08325219233579642,0.07852885511208152,0.12822645583025494,0.1553963738585056,0.18543604205082503,0.21054620484759068,0.12252883037629952,0.2435056708825312,0.21497948682685356,0.2616859435626658,0.24330318679908663,0.1737137926547799,0.06337847491183425,0.07107213378994655,0.1774388741535352
sub-10959,8.0,f,TD,6,0.14545453350678014,0.08798979764780808,0.06069314455000427,0.1179880834012949,0.16731312854937028,0.20846119809172203,0.22838682608797967,0.17417958607567519,0.24554994106589623,0.17786222006039645,0.2272468862304012,0.2289537375944517,0.15433806383480034,0.07840311069741318,0.05946442676713348,0.13616868413781788
sub-10970,9.0,f,TD,6,0.10580399412998405,0.1310149999263451,0.1491023030745351,0.11220522397403705,0.14067834645451693,0.21682612670326354,0.2538715769580661,0.13746828361530491,0.25281915090429313,0.21254738111754676,0.26420625981313484,0.243138537207799,0.17467417006510896,0.07834450167836177,0.07070245829005693,0.16513345446228375
sub-10990,10.1,f,TD,6,0.26162502317752206,0.12418648889367229,0.06609768855301563,0.08782699972282092,0.16985660424085267,0.145418942573843,0.20048146985580548,0.1352843969339149,0.2342311300901109,0.18064277899171832,0.21577805766332037,0.25051797751324517,0.14940592864570465,0.10413514825463172,0.06866244050279523,0.1992433771889759
sub-11025,9.3,m,ASD,2,0.100145310706032,0.1804280412533942,0.21712632371177104,0.09434553402589471,0.15034421812162274,0.1691173263187824,0.24043155983382852,0.1528351460155182,0.2716788720301292,0.19011746009286434,0.230598557465131,0.2911202386507764,0.12982328865050546,0.10339452151327455,0.0943449969965903,0.14542017722402928
sub-11038,10.7,m,ASD,6,0.11669562177272846,0.10679198439032082,0.11522052103891982,0.10455251393578648,0.15685119281196988,0.17263160291512006,0.22135160519218836,0.16582217679951092,0.23660793546684858,0.176502027857826,0.21471674219811068,0.24238542409739983,0.1669652482859405,0.09581464079327119,0.08745372571646938,0.16325423188968366
sub-11049,11.9,m,ASD,6,0.07175847941050385,0.07226694998875617,0.08379155787959698,0.09440818239234545,0.16706817801209647,0.21086582089994513,0.24324842457596743,0.1728189443777486,0.27535734866312495,0.19549066278835062,0.22495192565016373,0.27953754762565247,0.11715487491484984,0.0665470558830721,0.06485760306620435,0.14492798526197578
sub-11053,9.3,m,ASD,5,0.10891188500904687,0.14817442151880836,0.2052808762219418,0.07914616643281977,0.13012864191562198,0.14391899810293446,0.1867743037677005,0.12843099803385533,0.24286612784710102,0.17671254756301427,0.22344847019295672,0.2450591832798663,0.1236903930263562,0.10092026478945008,0.12748771008137813,0.13884965227078644
sub-11055,9.9,m,ASD,2,0.1089014433197005,0.1489749785349309,0.1176876163142413,0.14485494674453755,0.1402971181375148,0.1610351263083073,0.20635853136793436,0.1541527326943482,0.2418381155114466,0.16477919253738493,0.19497471809556685,0.24924655849679725,0.10147360963226565,0.11870734886502575,0.08835774088073231,0.18300052948553885
sub-11057,9.7,f,ASD,6,0.15106400892603936,0.10128856547695252,0.0687110626009997,0.11611755658824761,0.1620230631574955,0.15616825083690675,0.22000556430250331,0.170898307495137,0.24794663095762592,0.16902878366066829,0.21854067464483792,0.22379501510454183,0.11545803274068034,0.10950660061775387,0.053220811085205544,0.11430239975562072
sub-11062,12.9,f,ASD,7,0.1396551028316122,0.15063551388681945,0.12968788177592253,0.12646403312297635,0.1373238515478231,0.14284807023499918,0.1760917987488341,0.1771812366677891,0.20523480696475876,0.14412705854129676,0.17844130228668398,0.19791807038781126,0.17708711530557147,0.09892431869038829,0.08294165193660494,0.13667554285744443
sub-11074,10.7,m,ASD,3,0.1385220307325755,0.10594736062798164,0.12259308025549172,0.09754648445206417,0.14211924886379476,0.1585288019108247,0.1784574947858628,0.15022754142838748,0.24826605972912463,0.17496291089646973,0.22455901550047996,0.2451254411344321,0.17200547141949818,0.13163693280673558,0.14610663286733724,0.19992466176928528
sub-11078,10.5,m,ASD,3,0.11105413315354086,0.21360351425973437,0.21295795245039773,0.14616813961815542,0.17509711837213437,0.24311075688583486,0.2641465298616481,0.18310412871374251,0.27773644193803015,0.21168573854256945,0.2344907152825677,0.3062024342211953,0.12497184876998867,0.08535534843514181,0.09803139585456548,0.16543853859219937
sub-11152,8.1,m,ASD,5,0.11157280703210674,0.08249207514185866,0.13873297076495156,0.11787168827350622,0.14394251954129172,0.19184992830502695,0.22408270929265134,0.16712983824619312,0.26501789811594856,0.20290196456922485,0.25471091106362787,0.25722551716573655,0.14148064262028998,0.07899895347135195,0.0799079229256644,0.17061482163894165
sub-11161,11.0,m,ASD,6,0.10820868934077028,0.1343191741249237,0.23065671522551492,0.10165499232391069,0.12912076691903018,0.18432386008997206,0.24445640689618023,0.13819469261998324,0.2606212032605818,0.17648039803149565,0.18850953908677626,0.2526108500209542,0.1649314895318378,0.12631305744155874,0.110017538878252,0.20270420627651267
sub-11181,8.5,m,ASD,5,0.07569108267862816,0.0650755010361366,0.07153847399616667,0.08709694079139721,0.14962964684470953,0.196117287488454,0.2352568889835346,0.14795235064074425,0.2545874781639266,0.17311347305377434,0.20220775818103656,0.25363330784526283,0.10593318402912992,0.055326426476096466,0.07822627540597733,0.20367025659257026
sub-11204,11.3,m,ASD,6,0.0959683715504918,0.08044051452459623,0.07888496348349293,0.10384214379549399,0.11294386194158663,0.16036700620066519,0.19061217767637287,0.12456308152451569,0.230860729568416,0.17840736850066632,0.21458815445328341,0.23416403568158192,0.17227978711652112,0.10084939791619796,0.079559168059281,0.1998267071889753
sub-11215,11.4,f,ASD,3,0.18760875675808605,0.110205397567562,0.0890474548644839,0.1261887274120106,0.161933080378377,0.17301363669566705,0.19060447280124107,0.14441349338883494,0.20893761531939625,0.15410094083727435,0.1817150097240553,0.21524140016462634,0.14343137834652522,0.10001526485064327,0.0930817215803922,0.1998723022259857
sub-11227,10.8,m,ASD,6,0.225424995038763,0.13132630634375853,0.12856785990525046,0.10387563919089053,0.17571857661544651,0.10614970053966527,0.13488468449345695,0.14183091719552163,0.21267122118050663,0.15063981282980377,0.1616428824703314,0.2165169331094505,0.17168360053448983,0.07920634379594597,0.10501651126000504,0.14760148754611446
sub-11229,11.2,m,ASD,6,0.10800992500679989,0.1077733249385064,0.1545137067720891,0.12643569436771454,0.1423332958249904,0.1585653492713465,0.20089054379853874,0.16927523357779464,0.22707184518878476,0.18092062251778862,0.22784115200653257,0.2248624686024081,0.164077797628183,0.10394672956657043,0.08443506960671608,0.16527995124222636
sub-11235,11.3,m,ASD,6,0.09853838595846194,0.09966152536446432,0.13467779906297858,0.13053366804356567,0.1369869976496352,0.17020704812216644,0.1950718531849102,0.16296320961965133,0.24778448098158792,0.17850807634515606,0.21606192789789966,0.2538093337116397,0.159837514886667,0.09642358223753265,0.07718276267676305,0.17449525339193972
sub-11242,12.7,m,ASD,6,0.13913363699637657,0.10920831472310104,0.1196877746330564,0.10895383960461137,0.17782004365748957,0.12126658550002534,0.2006855238876898,0.15444735202701015,0.20837470507115108,0.1667503057065268,0.19520510392948442,0.22355616809228754,0.11463144775289913,0.13104082345874554,0.06471615078695268,0.16689604088941265
sub-11243,8.6,f,ASD,6,0.14690041944452156,0.1934620449807708,0.30127040689628265,0.15451272919919304,0.15645996155883146,0.16688247027009728,0.19861291851032556,0.13804663274770523,0.24159747540440576,0.1894100206776781,0.2261647030185531,0.22911490949500768,0.16508766462765834,0.0911534704913687,0.10305203356815938,0.16509249214893157
sub-11244,12.0,f,ASD,2,0.2799119369814166,0.31743152824726406,0.24625450258463125,0.32371750713817826,0.14709187216598815,0.20040768995535385,0.23953545776539334,0.12697068828347446,0.2638455081650624,0.2290399090072503,0.25082165141985924,0.27192559608034683,0.2956024159164105,0.2702523672595525,0.15094206892633932,0.3741857015111518
sub-11256,12.4,m,ASD,6,0.15360849119021439,0.09932273991050476,0.11219591368348762,0.0929303469825609,0.15261953056683544,0.14369957216094334,0.18937232741121643,0.12573721354882392,0.24290895770014045,0.1867825504458304,0.24517061478639426,0.2562369188719908,0.190775473328938,0.09496605950210103,0.08257654925238626,0.1803186145223602
sub-11265,12.1,f,ASD,2,0.12129124696536608,0.0711842133386475,0.054193890265252245,0.1295258647235944,0.15738704617781105,0.2271122029523966,0.27268070849892456,0.17206327144303074,0.24706504716810804,0.1918362546176487,0.1994949713534256,0.26786223480880267,0.07816163876725046,0.06118455065329785,0.05597455911959255,0.1631872306102273
sub-11274,11.3,m,ASD,6,0.30123225842544316,0.23076083463674932,0.20471098208743388,0.2259816855043335,0.1527601239583711,0.14720605667193537,0.17151038851240819,0.13082986614843026,0.29068890444641077,0.213020383592739,0.21966942387210145,0.27691331100081396,0.2413564655367131,0.14527676502777465,0.14195084749923267,0.23994858044676795
sub-11321,10.4,m,ASD,4,0.15482645356338437,0.10094048712223866,0.07191016679453897,0.10767481091572972,0.14589978337349566,0.12919391129822383,0.1694885136276081,0.13727824717805337,0.2623607491277518,0.1627858157629534,0.19608224009240158,0.2380081238378976,0.2078512919560623,0.11008292389276611,0.08418582855343408,0.1783938272345598
sub-11323,10.0,m,ASD,6,0.11619024763112508,0.10857849626428519,0.20863696927047168,0.08379835642924038,0.14683338416752573,0.14711690481730222,0.19391232729388666,0.12710051078590132,0.2543366468004861,0.18108069210135816,0.26223733422543094,0.2629954795789818,0.1439069412740295,0.10542686976717452,0.08625696475407278,0.1725003002676593
sub-11325,14.5,f,ASD,6,0.09045715292476357,0.1084510735007505,0.11773916836046185,0.08487947783725967,0.12452757424315396,0.14832059779376888,0.19564474774258314,0.13528469988974562,0.2588912698765262,0.18392621963213954,0.21470373149638103,0.2658178023256512,0.16594480002220854,0.11573667146195983,0.10659198954942391,0.16920390676647792
sub-11335,10.7,m,ASD,5,0.17764702294955254,0.19920051109345557,0.09251868670225606,0.2615514228060345,0.1467484862099841,0.14992280286569143,0.1931041207060421,0.1387130061741807,0.27045584767953246,0.18308611139767197,0.21382416905385906,0.3180210134249553,0.12505696428322932,0.06909376000465224,0.07594074763532585,0.20335548510801713
sub-11386,12.4,f,ASD,6,0.1595811611527245,0.10117460904241632,0.10144244842256477,0.09764375552677838,0.15466829868788673,0.13681557850750237,0.21387439569982192,0.14951570464798022,0.22208237687747032,0.1483356333759428,0.1901826473920403,0.2118996439582113,0.1884430932854303,0.09941772045659242,0.06473046979177634,0.1457050104722248
sub-11391,12.8,f,ASD,6,0.16217143411607285,0.09401466829950111,0.08160507771770818,0.1581812081311534,0.13794666689337853,0.22950625380107206,0.25418952172198245,0.12876206454487868,0.253570125917618,0.19823302125859324,0.22805587121715057,0.25884712457051007,0.12621675459246331,0.045727638210530885,0.0364387414759916,0.16906938595262785
sub-11405,9.0,m,ASD,2,0.2666369807716938,0.10011035883805569,0.13721725807368604,0.15582268911906388,0.20507093941619248,0.19178397045672624,0.22591774605146953,0.16435210777357873,0.26524130266893303,0.2120428111908496,0.2621269161742011,0.25781574767493187,0.142016490161348,0.09758368011350596,0.1307490271373702,0.1746627757903664
sub-11423,10.6,f,ASD,6,0.17884705040489088,0.08427403193886877,0.0671391806045779,0.092827214858334,0.15531012339382164,0.14835358406567953,0.1618855165781688,0.1358261852271971,0.23234977749669372,0.17159890545368153,0.19720520925905793,0.24486531853500645,0.1775612491919355,0.09485760436338868,0.0703036405350257,0.18233081257371797
sub-11453,10.1,m,ASD,6,0.18909678424884077,0.11184546887996503,0.16733731369044622,0.11004442804904474,0.17840312719951737,0.24021939281275473,0.3048960544269815,0.12325320763765557,0.2594726491775069,0.2398883469141152,0.2621266207620531,0.25237428415873653,0.13259074243687657,0.052480797509776585,0.06656732971119124,0.21208246666157116
sub-11497,10.7,m,ASD,6,0.1392251969597318,0.1070399558845152,0.14199388126932785,0.1848278945587364,0.17670565459835127,0.17819260437486095,0.2299245584244475,0.13586127628786723,0.22810743187495733,0.1813203634998538,0.23398988010291336,0.26834428627733914,0.16256104461219814,0.07524910244375375,0.07258420236784756,0.23911734055230527
sub-11510,11.8,m,ASD,6,0.12467717357758042,0.15348778290345344,0.17813458656902068,0.12340614120540983,0.13246153651195477,0.17728308926689373,0.2513291708150365,0.13053978886413184,0.2437764000211775,0.19944969221113298,0.26523674910226064,0.24872453373311246,0.16532535093822887,0.1191279142883388,0.09835668907776919,0.22197561558996157
sub-11535,9.3,m,ASD,6,0.09836604004313954,0.10673994817483413,0.1148849742102459,0.09579746202488093,0.15798527699333467,0.19838865563330876,0.22477585286197263,0.15106044709453256,0.26082494758269065,0.19184927351229605,0.23454985029753392,0.2639902356551916,0.15125845490804907,0.08097284944409132,0.07594271278553803,0.16883354605654557
sub-11547,13.0,m,ASD,6,0.10912580176919517,0.08879962348809929,0.06113928103014588,0.11665374591535911,0.12941360024699664,0.14580775299658835,0.17068908696212823,0.13533942675758606,0.2212545727712354,0.15572310968816921,0.17929836285530917,0.22593124344176174,0.11669555859744081,0.10958539993710399,0.0750913418040202,0.14277288806878904
sub-11548,12.4,m,ASD,6,0.12325742598347737,0.11646619181765348,0.16206417954807936,0.12648410298485155,0.16211513708260145,0.20179906483252008,0.20256766747906071,0.11707242733089086,0.25996909287032144,0.20762299276480226,0.2599820014569662,0.2804049916929142,0.1686775666653658,0.08787509725215518,0.09690993662705756,0.15196577918900356
sub-11551,11.7,m,ASD,6,0.11092302614141225,0.11357740776458171,0.1850468149483195,0.08995447298127462,0.13222087768625768,0.14321233944202452,0.19391729265370186,0.10980782814833956,0.26273732978390285,0.18642089599718759,0.2242707655850167,0.26167331933752824,0.13954874975924472,0.09434053450882747,0.10472406583853326,0.12776078380605937
sub-11562,12.0,m,ASD,1,0.2405902648822962,0.2971931191564937,0.2878201007097638,0.2867610284055374,0.160763929594025,0.2031439800765725,0.2472932866617471,0.1426490536219248,0.3090284358919305,0.2441921680939622,0.2996708831306067,0.3517364686883384,0.2511202307418412,0.1604704570416744,0.1026014473426479,0.116693017572101
sub-11576,10.8,m,ASD,3,0.26532688193916104,0.26952929091478534,0.19836659657293634,0.3007396768691422,0.12218503224776138,0.16940638898335317,0.19628901562331105,0.11913738813047586,0.257557527124823,0.2122000907200524,0.23229851342346633,0.22520851833446268,0.23473895041195622,0.1314001257540226,0.09740968552561367,0.26007211578589895
sub-11593,9.5,m,ASD,2,0.1238985624086737,0.1856211360092106,0.19165411383124656,0.1492501107089217,0.1447145996766222,0.16083341280913954,0.1859233949454563,0.1791772994816874,0.2530473397264443,0.1998307592640166,0.2440566440180957,0.25674012870982216,0.14250079142424654,0.08927527802356346,0.1388359991917821,0.12246871130682255
sub-11601,12.9,m,ASD,6,0.14266502041528675,0.10011251491035678,0.12655841962436276,0.09682118349217235,0.1523120477025862,0.14389438679817343,0.178460887146361,0.1302640798044791,0.2304295890238045,0.15983993691901985,0.19289756076502132,0.23919109591718501,0.18436759680137546,0.11929697947352165,0.07860554827740644,0.18554400337007795
sub-11613,10.2,m,ASD,6,0.1685434640811216,0.13517480715637648,0.12021405054474969,0.09477055633326557,0.15755899046657393,0.1634910459174466,0.21467608385702067,0.13646016299962996,0.25355227983523415,0.20524662302904595,0.26911757968110844,0.23876772317195502,0.2041469942302635,0.15220358314412546,0.078924056129488,0.170781740662072
sub-11636,10.7,m,ASD,6,0.16565040029338743,0.0859709577607592,0.07721082788908921,0.12742244921198922,0.1872645793257062,0.128332406371727,0.1551954558361733,0.1273918169660833,0.21272810653269128,0.1610469186506541,0.19027225162583586,0.23553582636505543,0.1102934231513677,0.08413771072500927,0.06593160815463128,0.1896117185924389
sub-11638,10.9,m,ASD,6,0.1922355912001177,0.2192630766915832,0.15781881821866794,0.20572338168064175,0.14390371298935273,0.2265604958143088,0.22028512809025594,0.1369960312050099,0.3069114713710173,0.232875103495113,0.27796419182432947,0.322073349822461,0.17259499381839952,0.08020923547245246,0.06470910324042446,0.15547454152226645
sub-11674,11.7,m,ASD,3,0.1132286600014671,0.06893521722857593,0.0977647210069369,0.09324147348050077,0.16169246916142685,0.1482044954353924,0.2410891372066921,0.14889418411820943,0.2634081337860105,0.17436591065518656,0.2007412030738602,0.24566487789345817,0.23110924432057348,0.0832852782512737,0.07920431750824165,0.1511407847921307
sub-11731,11.5,m,ASD,6,0.06978677571806434,0.08356684655119813,0.11327678547418728,0.10773297594256732,0.15992212496151598,0.1930808254162796,0.23241853013568084,0.16119277845974847,0.2751806007666116,0.21790409787441298,0.28072798211307176,0.2810198643628511,0.11186660677677412,0.10438206599420989,0.0758237099599388,0.14860007986807433
sub-11755,8.1,m,ASD,6,0.09065957259844541,0.12283733137309623,0.16166916142559948,0.08664348885002791,0.13578570952562047,0.12846844162897367,0.1560678372833543,0.14879638835464493,0.24741885936745642,0.17914360880126587,0.19680429703475202,0.24987835842652498,0.1538455173790676,0.10590968022934509,0.12306828612611266,0.16888739792233162
sub-11759,11.6,m,ASD,1,0.113481956195834,0.180049961988115,0.2607888030461671,0.0999892835331091,0.1483211939085762,0.2202842796773448,0.2283395797070243,0.1815226134500217,0.2434913420109423,0.1854653958883823,0.2314356614354139,0.2205956423549909,0.0783817967580501,0.0684579598064534,0.0523275275656006,0.1207232115841387
sub-11776,11.1,m,ASD,6,0.16511625545315958,0.08564885612479113,0.07320552240783502,0.09879533879806067,0.1468554873956481,0.1071579632704736,0.15907283758907576,0.11716436374054635,0.26561893139706316,0.1668116936778923,0.21411288951538962,0.24598749615147888,0.24689913772718616,0.10458195744134108,0.1092098841271943,0.23271577106753952
sub-11777,12.5,m,ASD,6,0.20154532152612262,0.13855475168458567,0.10807669712382993,0.09930612015504985,0.1701449173956814,0.1578035292256358,0.24045996871998765,0.12954668068309294,0.21208414018551114,0.17013164073831502,0.2103247460716937,0.2362378972940314,0.14237108685791425,0.10779429980741362,0.07074727076928287,0.1869533249777652
sub-11791,9.3,m,ASD,6,0.13223270548951785,0.1677664133273745,0.1897472055657874,0.11440604502523584,0.16273787445898583,0.17355725489510232,0.21759901813209595,0.1495564523640897,0.23613427777548543,0.18626890017436662,0.23177914885266415,0.24326521360483655,0.184010741592707,0.08749080173429973,0.10323914408442936,0.18453836262381682
sub-11831,8.0,f,ASD,6,0.14850675147795642,0.15244359024397625,0.12517954824481783,0.1074667082047261,0.17590802670437963,0.2183992165557673,0.2593400228335298,0.18628977830394652,0.25489887075588874,0.1742699369956837,0.21343968443605796,0.2044233593785321,0.14855155365366682,0.09903528950295071,0.0874031134884428,0.141055504172464
sub-11847,8.3,m,ASD,6,0.08385666426001043,0.16460042142068718,0.20185478431804324,0.11356577160707738,0.16710247653601154,0.21232340132390903,0.2188077961208409,0.1771630175325032,0.24456332858018823,0.19520473045516973,0.24263096190398134,0.24015258758410282,0.14982471653737292,0.08306943700587227,0.118346107535392,0.1083103561745788
sub-11868,10.1,m,ASD,6,0.14931895510247212,0.20889474832467614,0.2907970886827736,0.07225645678019517,0.17570864805932407,0.1487731894419639,0.20613814101077135,0.13570773696258523,0.2633025745039053,0.2238670852605019,0.27660590149173,0.2692397384303616,0.13456014362267144,0.11935639068651227,0.18237520744227906,0.15435094689982085
sub-11876,10.6,m,ASD,6,0.17485721078656766,0.24984505293119771,0.2532904851385583,0.11299803518269212,0.16211522253014612,0.2004834424060018,0.2634342627872721,0.16852625794774287,0.24807067711045275,0.21004910285198866,0.23976401526462335,0.23762918134478359,0.1721030827662029,0.11615118303556292,0.09711190072737154,0.15577610992813126
sub-11883,10.8,m,ASD,2,0.1544813130508758,0.07086949611257809,0.07498303961272755,0.08314764455065621,0.1395238803403454,0.14279883282760944,0.17603130291509678,0.13972141906404656,0.259802607139734,0.18350517458251941,0.2299512587203966,0.2623163572706966,0.1186965912629824,0.09614632623865525,0.06267645339927444,0.1550756873900201
sub-11936,12.0,f,ASD,5,0.39494719767837677,0.4180800634146265,0.36491323084020466,0.4077586848071203,0.16854967291970535,0.2198830780050654,0.2961826631388661,0.13503083759054338,0.2517603328641768,0.2487998359826813,0.28046644299953294,0.1632643930852727,0.1720289562453048,0.18029434181614964,0.12454542267977656,0.2464616826269082
sub-11955,8.5,m,ASD,6,0.1703982155430754,0.1649941004212818,0.2172057990579671,0.085834558441847,0.1416380298329656,0.1832392228325296,0.2094357579236784,0.14856220584059426,0.26913579216091066,0.19658328617784526,0.24296059107535317,0.2432334448054091,0.18601751385966345,0.08471320645787911,0.07811903350552048,0.14916360068384452
sub-11976,8.3,f,ASD,6,0.10484848001765085,0.19301358872052696,0.2794106301373643,0.10010931821210516,0.12391808358847702,0.19057910134165115,0.2395253815612127,0.12046434303119685,0.23950140927138666,0.20448611709992423,0.25145537389404105,0.24335724383283977,0.1439305842643327,0.07582834754413069,0.08747198173088817,0.1992304494339904
sub-11990,11.7,m,ASD,6,0.17867328866158458,0.142817962062828,0.11936422359870501,0.14822209690966545,0.17673092214580355,0.1456812112401589,0.1975503903711923,0.14694186985609733,0.2525131286279032,0.19866342940416049,0.2253638467925225,0.24902086293157508,0.14995251883728697,0.12185922974688873,0.06168355458346581,0.24765212154278085
sub-11993,8.6,m,ASD,6,0.10482070723679122,0.16056798624941007,0.1851680097814982,0.12201022711694531,0.1256504572847322,0.18566873043321988,0.2321328494588155,0.11673787761223402,0.2662260775880006,0.2225131065822126,0.2718270149480874,0.2638784564203714,0.13755650334052155,0.12671524458432698,0.11169700829055108,0.18131083748227841
sub-2713,9.9,m,ASD,6,0.31522975432871175,0.2740670943348974,0.3330914188320002,0.31014494577746865,0.10988213619275593,0.09909875900073428,0.1265684962203174,0.09127745969858665,0.23057611037493117,0.1778329693947699,0.22039125816353236,0.20160576102616248,0.31239545258084733,0.2419495816962476,0.16906172098981667,0.370077441171067
