participant_id,age,sex,group,qc_flag,alpha_rel,beta_rel,theta_rel,spectral_entropy_mean,log_theta_alpha,log_theta_beta,plv_mean_theta,plv_mean_alpha,plv_mean_beta,plv_mean_gamma,plv_median_theta,plv_median_alpha,plv_median_beta,plv_median_gamma,mean_degree_theta,mean_degree_alpha,mean_degree_beta,mean_degree_gamma,degree_cv_theta,degree_cv_alpha,degree_cv_beta,degree_cv_gamma,clustering_theta,clustering_alpha,clustering_beta,clustering_gamma,global_efficiency_theta,global_efficiency_alpha,global_efficiency_beta,global_efficiency_gamma,mean_path_length_theta,mean_path_length_alpha,mean_path_length_beta,mean_path_length_gamma,laplacian_entropy_theta,laplacian_entropy_alpha,laplacian_entropy_beta,laplacian_entropy_gamma,mean_delta_theta,mean_delta_alpha,mean_delta_beta,mean_delta_gamma,cv_delta_theta,cv_delta_alpha,cv_delta_beta,cv_delta_gamma,mean_degree_cv_theta,mean_degree_cv_alpha,mean_degree_cv_beta,mean_degree_cv_gamma,temporal_cv_degree_cv_theta,temporal_cv_degree_cv_alpha,temporal_cv_degree_cv_beta,temporal_cv_degree_cv_gamma
sub-10003,12.9,m,TD,ok,0.1779020279163175,0.0439660479595868,0.1173857474243345,0.6786039933270333,-0.4157674956119367,0.9820477994161226,0.3412487400356449,0.448666800963842,0.2961802267073963,0.2504172532430612,0.3278255005063178,0.4601377185691528,0.2839480135578504,0.2403168259037976,21.49867062224563,28.266008460722045,18.65935428256597,15.77628695431286,0.1675390986038307,0.2353773798312747,0.1438185918203223,0.1454987304890427,0.298455698328135,0.4145965859075495,0.2549283586400965,0.2173044835265654,0.3904541818790123,0.4796374920501156,0.3428183631880836,0.2885706503742138,2.9119799417211625,2.421015146535176,3.314838507676075,3.9476617357228654,4.1261942264620375,4.111049734943914,4.129638436901816,4.129253509495806,0.2116915220936248,0.1930327780032923,0.1421461087747776,0.1642404337572271,0.1388312488140625,0.2666841474106688,0.1032892043071676,0.0881921044186275,0.1613122877603357,0.2185291237473454,0.1422133729177675,0.1453587020335324,0.1855582067287026,0.0807661853557819,0.1080101826526495,0.1063802985760602
sub-10025,8.3,m,TD,ok,0.0783875522558608,0.0775174740145172,0.2132463079244205,0.7272994640669089,1.0007827303505308,1.01194449075501,0.2845691638609999,0.3125649075650841,0.2251540559836033,0.18045536925021,0.2587386516904449,0.2880749033871104,0.1964862735990318,0.1498887907297987,17.927857323242996,19.6915891766003,14.18470552696701,11.368688262763234,0.1249536728980186,0.1357274158776112,0.2015797216919979,0.2318405841965366,0.245715140394088,0.2766744544875945,0.1918408429061417,0.1509514366359876,0.3316172982141117,0.3523709440356601,0.2685450324230236,0.2232154623517579,3.463961080053544,3.2811530872553605,4.391016036554609,5.344475938746171,4.131768698621836,4.130517389069981,4.117303498742438,4.109701606610182,0.2466175087674179,0.2675532799104184,0.1808555477389266,0.2128125930457195,0.1230478342933532,0.1564816781258949,0.1245444043645774,0.0971080347305611,0.125375611589236,0.1460731731427873,0.1922818916109049,0.2095352733150802,0.1854168205776566,0.1647225349351729,0.0739968009529754,0.0543231577830572
sub-10036,11.0,m,TD,ok,0.1582931410493817,0.145100304167329,0.2021848499595005,0.7882136724805068,0.2447337406246629,0.3317571216149655,0.3164509702243048,0.3532883905219342,0.2790061440189082,0.2403040456309358,0.2968333653966336,0.3413985268321524,0.258347248352067,0.2179693759819785,19.936411124131205,22.257168602881865,17.577387073191222,15.13915487474896,0.1229353842342475,0.1716190524030461,0.1322357656579989,0.1513038075659184,0.2741975501977827,0.3150682184237864,0.239762888942781,0.2079495195852832,0.3661585774438969,0.3943518649197055,0.3253376684565787,0.2803972414889384,3.099715776066484,2.894055793972953,3.520155033173562,4.146503702447974,4.132461960527193,4.125372953581248,4.130630716289449,4.126924031774959,0.2330802253148002,0.2312751887758105,0.14838067866981,0.1758537716211503,0.1238873107023139,0.1414084623540025,0.1035911825891445,0.1003531004374697,0.1319809194254063,0.165210025199425,0.1333336586043995,0.1527633805201785,0.2061896146967811,0.1736419715537542,0.0982240520271025,0.0888320343986837
sub-10124,12.0,f,TD,ok,0.295280140056441,0.1331577173112325,0.1151426167877328,0.7823531072240623,-0.9417530270413076,-0.145362764111256,0.3514254420571466,0.4239497936004452,0.3245235280070752,0.2346219015175733,0.3206856809525079,0.4075554830207043,0.2919698884459415,0.1938349849686726,22.139802849600244,26.708836996828047,20.444982264445738,14.781179795607123,0.1851732016327046,0.209404975555956,0.2160915517277,0.2996935505837934,0.3051778858423727,0.3817337788157143,0.282916346701565,0.1955871558681816,0.3970930938541225,0.463259627110208,0.3637630808800294,0.2759126606474297,2.9489429360043804,2.51733431358936,3.29936402144829,4.59509688449083,4.122757620123192,4.118071357982174,4.1157465357920575,4.091203006335991,0.1877391810774415,0.2036054922109908,0.1485865111417237,0.1584016405841995,0.1582252733266795,0.2005441721420563,0.1273441329692426,0.0609558199901558,0.1778680898782044,0.1978760294578509,0.2124236483713321,0.2803122796346881,0.1119064391155439,0.1025258348141122,0.0806860944924016,0.0538911539701415
sub-10129,12.7,f,TD,ok,0.1894711642199945,0.253533532837388,0.090110410653418,0.8314687463071363,-0.7432011417568576,-1.0344603902380656,0.2809582384626977,0.3257615375158476,0.1991174317581217,0.1931946245425688,0.2593971256241525,0.3052770871497351,0.1576449872631962,0.1427004880712137,17.700369023149957,20.522976863498403,12.544398200761671,12.171261346181838,0.1278429095405014,0.1560142625440431,0.2086482878188728,0.229042262795742,0.2426762589093543,0.2894227743681743,0.1651379872954055,0.1587129210150085,0.3287430535276507,0.3666186035367247,0.2458722792053288,0.2391098412461915,3.4577258956483905,3.132240590722978,4.936431402142625,5.23163202378301,4.13161718563663,4.127638550953406,4.114798546784561,4.109175058422923,0.2481354073537376,0.2419493241822081,0.1890359233228888,0.2123501638740802,0.0677962019915729,0.1210347199471031,0.099289694050981,0.1436959902482197,0.1295538835220274,0.1575139290938802,0.1952189676072479,0.2123369469918657,0.1612346595926888,0.1181771925910735,0.0703156761802778,0.1063500591348276
sub-10170,8.3,f,TD,ok,0.1016249968207473,0.093624595542667,0.1366234472511185,0.739869190724716,0.2959390448061524,0.3779354595334221,0.3162813452094326,0.3163541847868691,0.2281281537502773,0.2020076438050144,0.2936665905907558,0.2991728487080304,0.1908836762769032,0.157375997021465,19.925724748194256,19.93031364157276,14.372073686267475,12.726481559715909,0.1459278507606442,0.1468268181346194,0.1898762559528652,0.2279113250958414,0.277444587018746,0.274104567888089,0.1906155170899365,0.1655569202929505,0.3603785354764803,0.3631416803765623,0.2711257602527007,0.2456240820343642,3.1861058903745465,3.1575306764217266,4.500364211646175,5.113483038464307,4.129039403153153,4.128785107465763,4.118397459600563,4.108273314181829,0.2297772838518547,0.2193761621694486,0.166287873264394,0.1911147056985108,0.0969896905042271,0.1310001915942585,0.0982512317795425,0.0976584123559195,0.1467312389100981,0.1447019954960194,0.1826518521261746,0.2099798983033579,0.2094286559171752,0.1573789358490023,0.0731995339390657,0.0604076805531746
sub-10177,8.1,m,TD,ok,0.148846267530013,0.0894368510221303,0.1517014034475559,0.7283736985065913,0.0190001260091868,0.528381336704964,0.2856835813708251,0.3080221096732626,0.2432132055411966,0.1988228494980439,0.2596289896168813,0.2860290207596941,0.2211486864709025,0.1742571802518176,17.99806562636198,19.405392909415543,15.322431949095389,12.525839518376776,0.1655447122057501,0.1799226106185402,0.1874500842214113,0.1974108273098374,0.2490308541943602,0.2711749886572451,0.2095574928669176,0.1696091378141685,0.3318334143552517,0.3511904354163377,0.2855477999789976,0.2379628312731018,3.449178100647712,3.2709185250266994,4.060807157566591,4.990935789734044,4.1262881290799625,4.123688253603312,4.121407138521571,4.11796705521816,0.2532106004372736,0.26569134585033,0.1733956231823164,0.2144124787261812,0.0990709566133372,0.1468192028455839,0.1121918315122006,0.1268184343316558,0.153993850986236,0.1708780987231133,0.1819903662453331,0.1887807161539505,0.1773761603824925,0.1668857518988306,0.0791053510664036,0.0627242018855181
sub-10182,10.6,f,TD,ok,0.0732664788285087,0.0488554314686765,0.1158460697953019,0.7593363123731356,0.4581591358214641,0.8633967663845856,0.270840367729334,0.4002335416651532,0.2133513278981265,0.1709992806619776,0.234590358713437,0.3918162872531521,0.1775409593977623,0.1259993453785523,17.06294316694805,25.214713124904648,13.441133657581972,10.772954681704595,0.1392588764936745,0.2323407169067125,0.2350074178938865,0.3029129106557475,0.2300808656980726,0.3637122085669598,0.1778029023317382,0.1395821272256515,0.3204486938143494,0.4361776011535768,0.2587527054635236,0.213527975328327,3.659163417708428,2.67019144363827,4.692717877044784,6.028043016914552,4.1289519022278816,4.111704073592617,4.109065934039342,4.087439518896908,0.2577627873165377,0.2019453045098825,0.187552302981432,0.212634264917812,0.1497277177766371,0.2799089145212019,0.1460163627422751,0.1065722090918153,0.138581583914185,0.2153981530511207,0.221000232146927,0.2654239044343506,0.1498840964077251,0.1152703936167092,0.0604691819656185,0.0481984323914472
sub-10212,9.5,m,TD,ok,0.0472647601354244,0.0350026342879501,0.1195386089088457,0.6574592984861466,0.9278744173168844,1.228216082266353,0.2540780696082488,0.2297040280314039,0.2044166927151921,0.1834985232332888,0.199337403335051,0.1747706408421334,0.1607472517507497,0.1432898155836294,16.00691838531968,14.47135376597845,12.878251641057112,11.560406963697206,0.1483096321454056,0.1699418574373481,0.1829439933650571,0.1956567600000419,0.2108582163461291,0.1845306456023346,0.1652825727104089,0.1489025783825418,0.3074069596550589,0.2849203912313605,0.2543975962193494,0.2280783224654771,3.912052273529666,4.280465116380923,4.77947962907193,5.42013169347815,4.1266707913008185,4.122824644725843,4.119891069460827,4.1159405769519815,0.2947783711831628,0.2946704630216106,0.2294878112395039,0.2490613029265274,0.2718610113719102,0.2563400497747307,0.3221244391732193,0.2593836097488229,0.1441569233522197,0.152768515738077,0.1715918935061315,0.1867671815137398,0.1729797677405807,0.1704041118338375,0.1279861086347205,0.1228570290237271
sub-10213,8.2,f,TD,ok,0.0279046502649001,0.0188377715996096,0.039561065076206,0.6576446763450435,0.349052078351192,0.7419814475738055,0.2812581471192124,0.3136549381703451,0.1893126947139047,0.1681478258924148,0.2599043509319132,0.3008458203967043,0.1612309760324424,0.1315469953058907,17.71926326851038,19.760261104731743,11.926699766976,10.593313031222133,0.1438017733453298,0.1823127340911292,0.1872995110375445,0.2199799277471631,0.2443480737201201,0.2778719305527506,0.1586456029022812,0.1401264895166422,0.3274618638127181,0.3550534318420271,0.2324567828191656,0.2084759287627189,3.4844305263897657,3.2088473328398632,5.099727497146984,5.85173937011777,4.129539241436181,4.123218186469444,4.119750157049663,4.111658706701442,0.2509360968753185,0.2459013863313304,0.2154200134351276,0.252798491784319,0.1021890341812993,0.1255564980795024,0.0994379434310995,0.1504859856823995,0.1385562829527142,0.1741985994474174,0.1799052505057809,0.2037594057089312,0.1452361667408121,0.0998393635033899,0.0801852169911685,0.0959252409438777
sub-10214,12.6,f,TD,ok,0.3684097071211959,0.0755750273683069,0.1418936332859457,0.7543066185549842,-0.9541179378919996,0.6299518127481267,0.3295903803662822,0.4612110780004301,0.2795407808467668,0.2072091572445788,0.3149846617061814,0.4726908392157831,0.2597876141035374,0.1852288002083817,20.764193963075783,29.05629791402709,17.611069193346314,13.054176906408468,0.1714620444307328,0.2230393384336636,0.1804499827831872,0.2062430549729245,0.2880665010826097,0.4282719025822062,0.2408248787553074,0.1785479428001573,0.3773909456718995,0.4904089057982809,0.3243205765298373,0.2435022878732746,3.0180449807019314,2.3572910856536997,3.554223573965686,4.7826423660364,4.1251171403754165,4.114547948736769,4.123297946610845,4.117638439122221,0.2189504452553063,0.1947001410282706,0.1529344948632484,0.2079238508068084,0.1197306908596758,0.2806464752182261,0.1228295809128035,0.1279820271421768,0.1610563818648189,0.209052539987725,0.1739511954795758,0.1999455140893279,0.1367431253006539,0.1178961614708253,0.0826318507615422,0.0767647584408871
sub-10258,12.7,m,TD,ok,0.0268922968040806,0.0532920682874851,0.0879817886490776,0.6702342538416235,1.185289964454884,0.5013423384115352,0.2802934162873355,0.2356465820051959,0.193086949460409,0.2022456418743331,0.2557081306941905,0.2084815864406299,0.1490037050374559,0.1426478631424632,17.65848522610214,14.845734666327346,12.164477816005771,12.741475438082984,0.1605907254349688,0.1517205253133917,0.1812709251351522,0.2338622629963398,0.2431864735698334,0.2016059147115005,0.1600831422611901,0.1693860848956382,0.3263668966048267,0.2816304247398339,0.2391856311653416,0.2403247077168103,3.515832941363388,4.098738390944684,5.080950929194169,5.33554308067099,4.12678837277804,4.127612957147488,4.120236990855335,4.10786924063651,0.2579830104158047,0.2690845663497962,0.1919472737801391,0.2025018492376357,0.0856724341885301,0.0823951998043554,0.0848892495667543,0.1109379019593409,0.1507443226356692,0.1446830916979025,0.1752642428446074,0.2199236069973052,0.1589374429074597,0.113723809841708,0.0763266275146887,0.1087363447588812
sub-10260,8.3,f,TD,ok,0.0945947395267359,0.0520310633897969,0.1681881822343006,0.7111161480584975,0.575481617898221,1.1732425717640802,0.3008354762288541,0.3051156417944093,0.2504971620559781,0.1968768336064533,0.280201175495134,0.2853697308474925,0.23095913592943,0.1730826428468708,18.95263500241781,19.22228543304779,15.781321209526624,12.403240517206562,0.1759934879639559,0.1261167605828322,0.1677598181813051,0.1831368638110009,0.260137510124715,0.2658176706013037,0.2134036907327373,0.1670457240620634,0.350007697380482,0.3514289711486844,0.2965667665061035,0.2365052692376557,3.269785260258889,3.232403225166096,3.8877464813679383,4.9680223998404,4.124125593451235,4.132000287174681,4.125093948445401,4.121563924403516,0.2406971877707572,0.2394983403886514,0.170421664282728,0.2077881123503147,0.1059687428301417,0.1128187166850704,0.0990875275844538,0.130008081525545,0.1653817537498048,0.1376695761940906,0.1618187804971422,0.1759813405341943,0.1493512999834263,0.157363511510906,0.1130317412582033,0.089616814746925
sub-10310,11.8,m,TD,ok,0.3196529435811815,0.0939162782590224,0.1306441653504262,0.7638995482776035,-0.8947585235908003,0.330073603762036,0.3359944669204148,0.3897807360024262,0.2942690345316745,0.2595814994965478,0.3133349048742898,0.3809830211315887,0.2760117542315451,0.2361115467486631,21.16765141598614,24.55618636815285,18.53894917549549,16.353634468282515,0.1519387372277787,0.1770282805127686,0.1685579813913328,0.1748120685965812,0.299345727415497,0.3486799987017439,0.2538991752838264,0.2218949347897958,0.3780405110531382,0.4313167366403299,0.3396489554081215,0.3040212746060091,3.00871409649397,2.654991952943963,3.403475464085361,3.821012972197428,4.128746763777351,4.124422850517958,4.124989063483123,4.123142475033078,0.2043269578618675,0.2238590652495785,0.1385485548005026,0.1564810746487923,0.0949506244563699,0.2240073613005443,0.1065854292761093,0.0987430674961533,0.1494691258708806,0.1703656986545767,0.1634993033400417,0.1695563984492082,0.1420142651649286,0.1823091131735955,0.0928358276599567,0.0713626222449348
sub-10314,9.0,m,TD,ok,0.1187935206317007,0.0885473084690492,0.0722779480225585,0.7448085097628464,-0.4968677892668252,-0.2030178921233013,0.2786424091262362,0.3275500847701059,0.2127546606500091,0.1607279193566119,0.2551005283720804,0.3103968891932939,0.1726840980666693,0.1152631577959138,17.554471774952884,20.63565534051668,13.40354362095058,10.12585891946655,0.1530785286363173,0.16431145445281,0.2291822892435334,0.2692084927625179,0.2403009931009431,0.2915819474101951,0.1826921208507876,0.1316459148154275,0.3261444117076443,0.3694185579411679,0.2528977583903248,0.2034995412941156,3.508396614599727,3.0756307865300183,4.778121445507366,6.1929301067627245,4.127940379068015,4.126685907423014,4.111192731668736,4.097630190930267,0.2507038205004999,0.2429530104322272,0.1764740141283368,0.2259304290255173,0.104489621170407,0.1721224508802572,0.0926084765108276,0.0924164549967722,0.1460492348838555,0.1592876749794109,0.2155478704624246,0.2344638868898375,0.1591704168329304,0.1611045734704305,0.0914294200153839,0.0578198335198252
sub-10354,12.5,f,TD,ok,0.142285234685412,0.1434510004963842,0.1495174243942659,0.766767079369902,0.0495791993326407,0.0414194202379511,0.3120662329313965,0.3141942941133482,0.2754200937199461,0.2220609094213811,0.2952788820643137,0.3006820316058986,0.2614147455217325,0.2016090405011624,19.660172674677987,19.79424052914094,17.35146590435661,13.989837293547016,0.1395509358469612,0.1362309551722847,0.1349466610287544,0.1968212415799262,0.2726953190121838,0.272671418378656,0.2359885640528693,0.1904407435763753,0.3576155689061026,0.360965547214647,0.3208135916862217,0.2619673944761234,3.1758749137821662,3.1528307782680027,3.5689555975727485,4.444912320566543,4.130314858973367,4.130471746857788,4.130340717295193,4.11903903865859,0.2348360047736142,0.2144394489211707,0.1551008925725626,0.1835908846789436,0.108417307799051,0.1488636888496865,0.1131709020947604,0.1101988393666049,0.1392666035422858,0.1353690289576367,0.1354329679999158,0.1894185920970989,0.1509920305022277,0.194231679807727,0.0833270114571389,0.0810143185978925
sub-10400,12.6,f,TD,ok,0.0943818653596184,0.0942540587279706,0.1442380638007756,0.7659733424885492,0.4241162048936683,0.4254712665217482,0.3144000885768657,0.33696016065172,0.2536688664288135,0.2344010042415241,0.295364428118566,0.319928191369681,0.2350910832273165,0.211001215889569,19.807205580342544,21.22849012105836,15.98113858501525,14.767263267216018,0.1526735089323927,0.1649872495826817,0.154701314591344,0.2038190369598658,0.2735781686357453,0.3003964891192681,0.2156497588806131,0.2002434812547137,0.3624080182646534,0.3784476344415873,0.3002113506675096,0.2753330216966405,3.153650262020912,3.0179885257081795,3.851718790899454,4.307748496518745,4.127538530299719,4.126624188239133,4.126806873378729,4.117741667939445,0.2241039482883564,0.2269915126921788,0.1730526421419269,0.2193916971505811,0.1234887897987673,0.1633194282635482,0.1491190024498841,0.2010481496616259,0.1472158271858866,0.1587288633058582,0.1536544530195155,0.2009238999851783,0.1767581863134235,0.141482372347815,0.0972012061376127,0.0993408142478957
sub-10434,8.7,m,TD,ok,0.1961452055422212,0.0981161835787858,0.1796447472757074,0.7578891662087605,-0.0878739550662774,0.604828951290162,0.2762284742913994,0.3124216307441755,0.1909512181577077,0.1667865426935144,0.2501429014296419,0.2886449977255831,0.1607202940479168,0.1312985641907392,17.40239388035816,19.68256273688306,12.029926743935588,10.507552189691411,0.1355382533377755,0.1785841010322529,0.2410604860957104,0.2739685947955236,0.2394425416812674,0.2750717410452691,0.1597323110689429,0.1380503537768517,0.3240008530335514,0.3561354397818172,0.2350452921986276,0.2102209465303531,3.518149830132478,3.239912971729287,5.1336686577768935,5.863500512776657,4.13059953801586,4.123776555404638,4.107389420487692,4.097814942341888,0.2610900865784339,0.2622843442526298,0.19330312107414,0.2328057187070205,0.0906003877398612,0.1823593910277118,0.078428046452692,0.0954058714904099,0.1338455947534057,0.1708846013552207,0.2222253145234494,0.2430782814254274,0.1594126165851361,0.1698300543525453,0.0558047978533498,0.0570296660957336
sub-10520,11.0,m,TD,ok,0.4103559213522955,0.0732689580590097,0.1742693675497639,0.7588370698952988,-0.8564226924500465,0.8664651640227417,0.2886156641947303,0.4166393902831065,0.2066818436248254,0.1466746077347062,0.2663582700798014,0.4200307519088109,0.1812508756751679,0.1155260406079183,18.18278684426801,26.24828158783572,13.020956148364007,9.240500287286492,0.1481816969024632,0.2322107475813501,0.2009604463754017,0.2650298160168548,0.2491807763755491,0.3827592165478959,0.1742311326140367,0.1196073706648521,0.3374849422920885,0.4482818396571166,0.2517168217350835,0.1902326926175049,3.3738289514724262,2.605222130322934,4.641186752612707,6.3899986025207065,4.1289262342628446,4.111592316947281,4.118096781263522,4.100705165136923,0.2420627756582287,0.2235198360749185,0.1940466722995066,0.2399840537852514,0.1155293519754673,0.23252261770164,0.0969748456275462,0.0496853424139841,0.1465137787709327,0.2130174800597818,0.1908120669453256,0.2248354722999174,0.203156761150118,0.13429226785624,0.0878859346396229,0.0728382871105927
sub-10593,9.4,f,TD,ok,0.0662355998835838,0.0584862007594301,0.2096903702822987,0.6748514355478726,1.152413934460378,1.276841173494221,0.2993020015658145,0.2705881158126758,0.2235468512704607,0.1929197635435768,0.2814797675162612,0.2466544405911748,0.2026496786814158,0.1638135918283307,18.856026098646318,17.047051296198575,14.083451630039027,12.153945103245343,0.1554292523955558,0.1454742248311844,0.1658087069055022,0.2184400564574569,0.2597210755187982,0.2342637847015468,0.1898280608044858,0.1635967338973088,0.3470858234612294,0.3161163972495944,0.2667532316382162,0.232199706170371,3.283133785774285,3.607204648423524,4.341200453745698,5.094562747331494,4.127701173556755,4.129263644001771,4.125446871819179,4.11452496063238,0.2435569185567876,0.2613866155322545,0.1761494643716041,0.2049195781363599,0.0881583398323399,0.1140542254415731,0.0591392591067148,0.0882398414987198,0.148086689092249,0.1480221128407607,0.1609795390012095,0.2048655266116717,0.1935242173977769,0.1504269873743089,0.0768222850974994,0.0894647352302861
sub-10741,11.7,f,TD,ok,0.1149826599279654,0.0654761559889443,0.1638898503669277,0.735004580122704,0.3544132243068633,0.9175085124031448,0.3343773869971467,0.3828729630449052,0.3006682324907113,0.2236594647883253,0.3184804226536551,0.3789091953494224,0.291998232815895,0.2106270544914152,21.065775380820245,24.120996671829037,18.94209864691482,14.0905462816645,0.2017017659264376,0.1642815943506478,0.1609622328684091,0.1703288348466018,0.2951250976605923,0.3443012235302546,0.2701422463551715,0.1934339457558092,0.3781937200643443,0.4211535293183819,0.3348698540887944,0.2590061667193025,3.0313552227221323,2.7075861082033312,3.399443479575235,4.424986649525183,4.119758396331161,4.127103940312746,4.127265883827932,4.124829780145672,0.2161850059277986,0.1992324112807165,0.1332254927417613,0.1861798364177575,0.1047943137445856,0.1566241411372723,0.0888727343265747,0.0819497804142358,0.1865810996023673,0.1622094367757562,0.1589305408745094,0.1657753700792393,0.1410356985189529,0.1547926560126217,0.0765554228707103,0.0864370173047499
sub-10747,9.2,m,TD,ok,0.0676126610068235,0.0766783723812374,0.10508599736246,0.725165419784373,0.4409837789290947,0.3151593456075038,0.2997855327578989,0.3505308871649659,0.1860443334358022,0.1663960228372614,0.2733627251087199,0.345871610862766,0.1512143045974607,0.1242303830338538,18.886488563747637,22.083445891392856,11.720793006455546,10.482949438747474,0.1929909485854998,0.2067619550465314,0.22249151407421,0.2798676132815159,0.2606775726272335,0.3192760442352932,0.1549508804162868,0.1367691314468169,0.3481049777092971,0.3840399155619049,0.229804190204262,0.2092070374093246,3.3170896769726244,3.000829894019215,5.232931777040571,5.924125743159464,4.120632213049241,4.118016543322171,4.111707023405737,4.096072338490098,0.2444884091409902,0.2456139072047405,0.2041065887327479,0.235641830534797,0.1188130497480528,0.2341780038974285,0.0783300458533504,0.1046288375643047,0.1706986425271231,0.188666120929372,0.2085150103121615,0.2525366716473207,0.1459226285694322,0.1498559061385523,0.0660864763948061,0.0594549408688707
sub-10752,11.9,m,TD,ok,0.0816426043060694,0.1078013725760214,0.0912174251983334,0.7655796785490859,0.1108947072895145,-0.1670444464092251,0.3087477267569591,0.3146086039607865,0.2334137199686301,0.2132926792046109,0.2917339937127983,0.2990397300209296,0.2104774160664587,0.1838092774229974,19.451106785688427,19.82034204952955,14.7050643580237,13.437438789890487,0.1333921460383304,0.1492573416554123,0.1554173002980412,0.2028558547604212,0.2681347099176289,0.2747949723648865,0.1983192545056528,0.1831964525170415,0.3570997483467326,0.360566726465622,0.277765077278692,0.2529109034210912,3.1780524668185435,3.158769855405554,4.183091160859058,4.674947225178938,4.131239151442297,4.128837920033948,4.126744993227599,4.117712691045671,0.2378492861288691,0.239527911105195,0.1723309375128596,0.2243980032100338,0.123737599331595,0.1995181513400769,0.1260417569696311,0.1626615147894525,0.1337177974310192,0.1474413254723899,0.155667894215436,0.2014086718849989,0.2004621385145015,0.22215247082469,0.0854129159117452,0.0763068847265598
sub-10764,12.9,f,TD,ok,0.1484737767309949,0.0804407964018494,0.1326726507486879,0.7389828627816973,-0.112523533234277,0.5003633563195045,0.3087529608929867,0.3739094958105339,0.2264487682479843,0.1859222450817226,0.2836790200899549,0.3615093313177409,0.1933308745754935,0.1484640920124646,19.451436536258164,23.556298236063643,14.266272399623018,11.713101440148533,0.1655977602120799,0.1765033724065734,0.1529514421780956,0.1833788590143838,0.2712478480124544,0.3435795159089385,0.191136643420766,0.1539959416818267,0.3532821083792373,0.4052402702769641,0.2728328340290316,0.2297628487602707,3.246688336775655,2.8213755874786823,4.311838367124887,5.245864422984255,4.1259738682769145,4.124593897952699,4.126492570858118,4.12026807327464,0.23828106165418,0.2173660321228549,0.1802410803208917,0.2133524544375841,0.1025433516859685,0.2309939697720441,0.0878935914431823,0.1216057181488704,0.1569882222348119,0.1704687687594088,0.1536859592190102,0.1764920203667448,0.1826082647925143,0.1341135937984636,0.114989581523685,0.0572424204180082
sub-10769,12.0,m,TD,ok,0.1384748728098706,0.0477290387471002,0.2356944476679825,0.741866881504054,0.531847367476305,1.5969962614600337,0.2880235591938669,0.3442687506937634,0.1760721520161815,0.1185288187125772,0.2648807311113687,0.3368401652166686,0.1514170466419535,0.0905641316869099,18.14548422921362,21.688931293707096,11.092545577019436,7.467315578892367,0.1915074099981517,0.1863008776791511,0.2388705910270607,0.307829369689971,0.2510799532781395,0.3104633766467143,0.1479714239455348,0.0979453395623713,0.331792610672344,0.3811930258330081,0.2152259019624871,0.1503160455379881,3.4697338893052767,3.012714848451239,5.517979490989611,8.293506484996252,4.12133722632927,4.122496791832611,4.109140105933274,4.088982953800902,0.2777751535645846,0.2682826188483017,0.2307249872544894,0.2974849607443891,0.2054047402386977,0.2423850335157731,0.1368296233306014,0.1345911764116284,0.1720418345109119,0.1831502054832548,0.215581052651464,0.2386646246143312,0.1881604133547405,0.1653629275778226,0.0949446081789426,0.0733020936203506
sub-10787,12.9,f,TD,ok,0.2976639435319269,0.1493426647204094,0.1406612805128447,0.7892024441714974,-0.7496104094557272,-0.0598886943199018,0.2821940219774634,0.3874095370202584,0.2309710104682047,0.1930684501883911,0.2564554947284365,0.3803747962818766,0.20423767263986,0.1629283449890712,17.778223384580194,24.406800832276275,14.551173659496898,12.163312361868645,0.1526664917602191,0.1896812888501688,0.1671954063637743,0.2191486776436795,0.2441406989800479,0.357164762059159,0.1959848537751812,0.1615433907296601,0.3298481954334109,0.417280626988343,0.2765127401862917,0.2344596053479171,3.469187803813256,2.735314287857237,4.227567793241829,5.156392004567235,4.127873029854372,4.122282313487832,4.124328345763867,4.11177871700103,0.2459590955680845,0.2313781026082672,0.1860207659780909,0.216802732286756,0.0862945519654735,0.2843592791841958,0.0907636613464459,0.1247596349059372,0.1460566953192313,0.1796810806859573,0.1651078780964558,0.20328559276843,0.1409310575800879,0.1198917256474262,0.0902897353450081,0.070617128237425
sub-10788,8.6,m,TD,ok,0.1666169660791964,0.0581489875006441,0.1548526562436231,0.7277691470873454,-0.0732235018297107,0.9794655929696856,0.2941463839178264,0.3406673013431274,0.2303608420534947,0.1883777975227017,0.270099922505325,0.322898362259816,0.2037248129689221,0.1537625037867792,18.53122218682306,21.462039984617032,14.512733049370173,11.86780124393021,0.1548841609996356,0.1624383838408236,0.183325510430931,0.2400099244471597,0.2550292746428968,0.3069257142626007,0.1960054708134256,0.1589576004095677,0.3418096105689372,0.3771550005073825,0.2752414603256722,0.2290279127217651,3.3553070687175377,3.0348716781361915,4.241856335777571,5.285382960716536,4.127673527351129,4.126968175315955,4.122040710290926,4.108930502815085,0.2454974208055923,0.2658767101392766,0.1911251878019993,0.23182447708965,0.1090314861176304,0.15520804445245,0.0980695723778852,0.1426725635286005,0.1477292208192688,0.1620797452440153,0.1764254377075526,0.2171221590217556,0.1746351991184113,0.1450528730949889,0.1124119031347306,0.1047802308531397
sub-10790,11.1,m,TD,ok,0.0631465074464615,0.0468784846356645,0.1237220077899067,0.7210299973863875,0.672579634594749,0.9704783557625069,0.2895443878033172,0.3361821079146394,0.2269677081389205,0.1674294486462551,0.2732038505582234,0.3296091997131689,0.2098324653601234,0.1428425437358831,18.241296431608987,21.179472798622285,14.298965612752,10.548055264714074,0.1679561854103619,0.1938564861522307,0.1758884956577954,0.2202815622281938,0.2541582059600232,0.3006136155417645,0.1957707068674544,0.1417323656104031,0.3310175057212228,0.3739783117045461,0.2650689251930903,0.2035157351035508,3.914595363095797,3.501771090964864,4.96287331746202,6.469651984431358,4.125976957923126,4.121066293515497,4.123656404241452,4.113530644170152,0.2619825501911632,0.26722550147167,0.2248964473515994,0.2691788145409248,0.1503738893098214,0.2224025715863551,0.2179829505788438,0.1729521919904254,0.1501944758941077,0.1628543923512506,0.166435990074497,0.1985582018358195,0.195231104944599,0.2274962235744431,0.1274986261264941,0.1322473196943241
sub-10809,11.6,f,TD,ok,0.0121454349012243,0.0126452629519334,0.060751698169755,0.6689290919942558,1.6098416643527569,1.5695123604023054,0.2944923549982676,0.2924722201489991,0.2661059254851551,0.2154816901855074,0.2693850608084265,0.2744862322549085,0.2424362349448188,0.1900787767634755,18.55301836489086,18.425749869386948,16.764673305564774,13.575346481686973,0.1322767595145415,0.1419872732984202,0.1657046373052683,0.2346461200052545,0.2554753580974756,0.2522302209350737,0.2278350625215763,0.1839968272000079,0.3409872911680459,0.3395931987033098,0.3108361794706922,0.2543901664473597,3.358935270224046,3.362953253943038,3.727742607154226,4.6506723738180655,4.131022234824629,4.129751715833405,4.125495857940948,4.111357786435971,0.266702636045884,0.2314377313787421,0.1578836521575057,0.1997549396581498,0.1615275966937949,0.1299576911380494,0.10808310889477,0.1107731464346527,0.1333405303191292,0.138809972950552,0.1640417454264093,0.221072482230768,0.1578175773295959,0.1682834653367754,0.1139073802496933,0.0709501594599325
sub-10825,8.5,m,TD,ok,0.1836238278050884,0.0655830485204168,0.2202041696283163,0.736679611468218,0.1816659089120398,1.2112379038946912,0.2957310490640908,0.3088502463091635,0.1911905155301335,0.1311760339646085,0.2719923971531342,0.2881141966406051,0.1651348615185674,0.1014282058539245,18.631056091037724,19.457565517477303,12.045002478398416,8.264090139770337,0.2095610111146467,0.1863130870871321,0.2059961032557676,0.2791601127315316,0.261985331296271,0.2741358930931354,0.1624501752809605,0.1092555492120472,0.3366494155790304,0.3499008124709035,0.231346003912782,0.1666017013397203,3.4368476036737667,3.2812179408375663,5.120574485414281,7.4295738820504065,4.117711474609713,4.12237452785412,4.116943517904388,4.096394483713262,0.2478976584499965,0.2524921552615131,0.2069048997058819,0.2645753450075865,0.1275560651466674,0.1403911800124449,0.0546286314660303,0.0363655917353176,0.1868745859638536,0.1731356547934158,0.1960492310115181,0.2331593329769241,0.1504808517404169,0.1740029252729294,0.0797630704393188,0.0555851746592359
sub-10842,8.2,f,TD,ok,0.1405789515311787,0.0681626225562033,0.1274301355739902,0.7221734020234338,-0.0982010054219028,0.6256718998821269,0.2935972441876751,0.3398908418122448,0.2543702552965091,0.2207938813061368,0.2690991058931729,0.3210992579706589,0.2333256430106712,0.1960652870009474,18.496626383823536,21.413123034171424,16.025326083680074,13.910014522286623,0.152972311994239,0.1688671695946482,0.1362327170690292,0.2038883562880433,0.256015830387186,0.3087790401188306,0.2190077470658426,0.1881610676895346,0.339444691209448,0.3724510926447144,0.2971081167336107,0.2616936776786114,3.3691760937159696,3.0643671187656394,3.868796868906661,4.492503873900209,4.128060464625445,4.126142846633402,4.130142011966968,4.116832535079394,0.2436333994617347,0.2531954988422435,0.163376333875518,0.1853481776644861,0.1069925353813416,0.1339188818885413,0.0993375251264022,0.1008887558451183,0.1487196231883396,0.1660386762857856,0.1381757935960405,0.19340311806617,0.170979909774941,0.1421209266854539,0.1142501431751855,0.0604332423768393
sub-10846,8.3,m,TD,ok,0.0672448491117624,0.0445857993842471,0.1858006584044952,0.7485585269317322,1.0163339475780075,1.4272589611230928,0.2609228777094316,0.2917729475716311,0.2345405197020262,0.1687556511491762,0.2277995653573372,0.2716112631192168,0.2073641856683216,0.1397163091894031,16.438141295694198,18.381695697012763,14.776052741227652,10.631606022398104,0.1663524691127418,0.1812565486451947,0.1902159580525493,0.2230490279112046,0.2247591744905041,0.2533678819323907,0.1994934249646812,0.1416103796532979,0.3069395354845158,0.3352555620686453,0.2789934190632079,0.2065608579480884,3.7953025263635625,3.468843202169152,4.182857633847788,5.815421867496693,4.125680222915818,4.122982409051307,4.120741111662368,4.112107955168319,0.2726965433494411,0.2550055004663986,0.1888941887317415,0.2365078575707399,0.1609490871257501,0.1808796445917632,0.1248555316892139,0.1096431318541971,0.1566028525078642,0.1691190850950689,0.1823510607971334,0.202091471013498,0.1911594915322963,0.1432749462946996,0.1260524218262039,0.0939993250275386
sub-10862,12.6,f,TD,ok,0.2280856099931244,0.0890194678401408,0.1772181810019122,0.7756819678687102,-0.252339406405801,0.688526548909712,0.297406171032225,0.3807919507800487,0.2414460144452742,0.1900235455971604,0.2763159063505101,0.3666611481905996,0.2169423301846322,0.1582119517210248,18.73658877503018,23.98989289914307,15.21109891005228,11.971483372621108,0.1581800336339243,0.1965887390103516,0.2002870997330556,0.2704747590701846,0.2582982525031128,0.3487130956454758,0.2058415037451997,0.1601906969205207,0.3447123712926818,0.4136016790904958,0.2856627030946004,0.2294521708646974,3.316129190584965,2.761016537120072,4.096534562288301,5.291362704088312,4.127156289837005,4.1209373744967,4.118630688113505,4.1005178910592015,0.2388829809132029,0.2097575015761029,0.1642653846121462,0.2083793713145912,0.1196786359754594,0.177886123005216,0.0768527168998716,0.089588774021513,0.149651742676205,0.1868943364739775,0.1917502907843877,0.2469999084817119,0.1440786146251528,0.1186768367238103,0.0687397305959333,0.0579086853781163
sub-10876,11.5,m,TD,ok,0.0546884799090692,0.1118247502877594,0.0790177455215677,0.7399195126576424,0.3680193718028777,-0.3472604621561879,0.2627216087300697,0.2621238681391818,0.218788354075484,0.2183418608152136,0.2378838609784721,0.2375230622599794,0.1898589049179811,0.1812426112569428,16.551461349994398,16.51380369276845,13.783666306755498,13.75553723135846,0.1535013869752277,0.1796140512426026,0.2080349809433737,0.2163181299285004,0.2264365746455467,0.2241030955661983,0.1832305070751898,0.1814392867607672,0.3087903396699085,0.3094387519230917,0.2644642541980191,0.2651514742652798,3.722623466221056,3.743982465309802,4.5456792371746895,4.530964141081422,4.12736434077438,4.122613928611434,4.114248587269015,4.11318558957888,0.2707147821474173,0.253222394961929,0.1916874320012542,0.2163111458441614,0.1049616014128225,0.0988546532505854,0.1596671672166638,0.2327672206865242,0.1436337516282233,0.1644595358278978,0.1890665071757569,0.1995336309918756,0.1804529063538404,0.1403744631229846,0.0833824196021153,0.1040923078282693
sub-10883,10.7,f,TD,ok,0.1266729182403781,0.1818038940879148,0.2124687605013218,0.823690962088451,0.5171866507882239,0.1558663670125014,0.341499177058266,0.3376893944739774,0.2608489830166102,0.1977799769009882,0.319919711637788,0.3186292020634436,0.2288792966543554,0.1455928862367302,21.514448154670763,21.274431851860584,16.433485930046444,12.46013854476226,0.1553892077967841,0.1371117258270877,0.2127461944181378,0.2424765608586508,0.2994456165917824,0.301734086553076,0.2222971910479212,0.1634920021113807,0.389401392089282,0.3782843080148101,0.3055685650618924,0.243343724099674,2.9373011996951206,3.0070318388484787,3.8946966408847294,5.154949485371805,4.127485295947875,4.130821813268579,4.115689158283938,4.1057801700744045,0.2117581480493659,0.2175189746137537,0.165004227709352,0.1843440146449819,0.127998964659898,0.1490285879745523,0.1666836480674211,0.0535238822052944,0.1525903661014752,0.1394366859863136,0.2038883013084701,0.2271908896865087,0.1519466770855178,0.1626753138653981,0.1051621362153738,0.0494754293549934
sub-10918,12.4,m,TD,ok,0.0654072318938066,0.0669264059915766,0.1257533060365926,0.6833609280383235,0.6536892674179345,0.6307285015320543,0.3018831179440328,0.2898093982802742,0.2515367696093291,0.1987349500026513,0.2838270584710792,0.2753005519473359,0.2332932414244498,0.177476616440981,19.01863643047407,18.257992091657275,15.84681648538774,12.520301850167032,0.1488832347734705,0.1260674213244328,0.1468537532392609,0.1917047058148373,0.2641446510204299,0.2527158012539186,0.2149753345999649,0.170003206097139,0.3462249900555709,0.3336707184549197,0.2961358340691657,0.2356273852760672,3.294019301339629,3.401574095017392,3.866676661274553,4.957819613921292,4.1286960325576745,4.132072603910047,4.128754369006291,4.119726452436826,0.2416861565503888,0.2322412716787515,0.1649241138523131,0.2094344447603916,0.1332121453345063,0.1145378414481535,0.0914167050774697,0.084071857722301,0.145485228467999,0.1265637995039162,0.1452716559217786,0.1810251122874156,0.1536167884537629,0.1349062236210457,0.110652984971666,0.0957957995784886
sub-10959,8.0,f,TD,ok,0.1595068364239824,0.0760583666551036,0.165832074038803,0.7383778153533611,0.0388888912671086,0.7794746463229707,0.321786366795959,0.3317671599619844,0.224836909611581,0.1647070929690778,0.3056016499641552,0.3085728138847183,0.1964576954419798,0.1298563623206772,20.27254110814542,20.90133107760502,14.16472530552961,10.376546857051904,0.19063587480575,0.1696240323257103,0.219337160154662,0.2567363025332377,0.2829427321192387,0.2937431553476358,0.1909418203881158,0.1366378810931081,0.3676442865539596,0.3737244225820317,0.2685063216559251,0.207242563157507,3.116778583669229,3.0878242559219533,4.440284923072618,5.921477870710418,4.12157774525491,4.125300774038998,4.113821472299587,4.102742819334549,0.2289537375944517,0.2455499410658962,0.1778622200603964,0.2272468862304012,0.1179880834012949,0.1454545335067801,0.087989797647808,0.0606931445500042,0.1741795860756751,0.1673131285493702,0.208461198091722,0.2283868260879796,0.1361686841378178,0.1543380638348003,0.0784031106974131,0.0594644267671334
sub-10970,9.0,f,TD,ok,0.0462933793884077,0.0791588242220743,0.1616573940211653,0.7079112598338012,1.2504802869574962,0.7140229766126998,0.31427816330132,0.266560895899201,0.190214362250244,0.1471228849763061,0.2902817802821769,0.2420086821540419,0.1571427515231722,0.1051601498404509,19.799524287983164,16.793336441649668,11.98350482176538,9.26874175350729,0.1443721584174921,0.139096799170435,0.2323783260264088,0.2979893997371991,0.2744459295026866,0.2325285843693131,0.1587201562699767,0.118670239381549,0.3620400967990063,0.3105087319265083,0.235499413056545,0.1933278510104803,3.1501160991953063,3.680850204953071,5.104429800804855,6.486628283831334,4.129478830594423,4.130077943822905,4.1102075710537695,4.090524148503515,0.243138537207799,0.2528191509042931,0.2125473811175467,0.2642062598131348,0.112205223974037,0.105803994129984,0.1310149999263451,0.1491023030745351,0.1374682836153049,0.1406783464545169,0.2168261267032635,0.2538715769580661,0.1651334544622837,0.1746741700651089,0.0783445016783617,0.0707024582900569
sub-10990,10.1,f,TD,ok,0.2850785639341693,0.1256191063652889,0.149793759235721,0.7888036149714134,-0.6435053956349095,0.1760050463649021,0.2850408024454359,0.38117282000621,0.2349218308985522,0.1800139181063672,0.2634840472707291,0.3624380212883013,0.2119800755225199,0.1528774785482634,17.957570554062467,24.01388766039124,14.800075346608793,11.34087684070114,0.1374710256990001,0.1762813230287665,0.146687281268893,0.2223442484771978,0.2467243334014052,0.350994775887203,0.2003089671250756,0.1517987102512565,0.3328906247226453,0.4089560987629848,0.2814646287069293,0.2208775051359708,3.417361380640076,2.806604180988248,4.085574718247887,5.372984691841963,4.130408815398119,4.124910588155898,4.127957242174778,4.112172063712691,0.2505179775132451,0.2342311300901109,0.1806427789917183,0.2157780576633203,0.0878269997228209,0.261625023177522,0.1241864888936722,0.0660976885530156,0.1352843969339149,0.1698566042408526,0.145418942573843,0.2004814698558054,0.1992433771889759,0.1494059286457046,0.1041351482546317,0.0686624405027952
sub-11025,9.3,m,ASD,very_low_alpha,0.0030645269686363,0.0051785749474312,0.0184634762025187,0.460894867461735,1.795901297099061,1.2712646095930795,0.2638824711801026,0.2661118357405964,0.2221173968650264,0.2320080585274124,0.2391933966564705,0.2437694639692204,0.1902665936827417,0.192601705324494,16.624595684346467,16.765045651657577,13.993396002496665,14.616507687226983,0.1624238085112184,0.1332330948837287,0.1733984285592922,0.2585725585547006,0.2271332687472587,0.2328578487902427,0.1897394358534539,0.2007699149308016,0.3089800308769289,0.3082918065439027,0.2617067409184631,0.269865298807796,3.732345136687252,3.6986242173245767,4.522017872174141,4.528116690821442,4.126138428005923,4.131000043716341,4.122830606474382,4.103563471029677,0.2911202386507764,0.2716788720301292,0.1901174600928643,0.230598557465131,0.0943455340258947,0.100145310706032,0.1804280412533942,0.217126323711771,0.1528351460155182,0.1503442181216227,0.1691173263187824,0.2404315598338285,0.1454201772240292,0.1298232886505054,0.1033945215132745,0.0943449969965903
sub-11038,10.7,m,ASD,ok,0.1314019496090128,0.0685383248066692,0.1399061398006552,0.7238120941436421,0.0627108246277546,0.7135786927323882,0.3038423561590477,0.3147504392998688,0.2405597729177422,0.1947885556137083,0.2841787217065724,0.2956712667414439,0.2184152114078469,0.1686318680626996,19.142068438020008,19.82927767589174,15.155265693817762,12.271679003663628,0.17862675634931,0.1596824602996649,0.1743227246513575,0.2355554377973662,0.2674341408105332,0.276925434563935,0.2056558429703691,0.165244016979926,0.3479156080672915,0.3586995074925228,0.2848346607486465,0.2342042916105457,3.285502873730147,3.1777475938554507,4.059267668549193,5.06717759386444,4.123983635194491,4.127357096896238,4.123691072885236,4.109791988672105,0.2423854240973998,0.2366079354668485,0.176502027857826,0.2147167421981106,0.1045525139357864,0.1166956217727284,0.1067919843903208,0.1152205210389198,0.1658221767995109,0.1568511928119698,0.17263160291512,0.2213516051921883,0.1632542318896836,0.1669652482859405,0.0958146407932711,0.0874537257164693
