participant_id,run,band,density_regime,mean_degree,degree_cv,clustering,global_efficiency,mean_path_length,lambda2,laplacian_entropy,n_edges,density
sub-10003,01,theta,dense,21.849562543069048,0.16649237795455737,0.3027443773759364,0.39743991653251876,2.8606387069510366,13.997468057814203,4.126383377211878,2016,1.0
sub-10003,01,theta,top10,4.542912033546817,0.47501303657377647,0.27470224137912386,0.2895802802948555,4.221196528050706,0.3669921627596544,3.9545042760636586,201,0.09970238095238096
sub-10003,01,theta,top20,8.213586343768597,0.48800208596010863,0.3589754148463594,0.34854184660051385,3.3957016745251107,0.9917545040559234,3.9862516288905345,403,0.19990079365079366
sub-10003,01,theta,top30,11.363859894100436,0.4027627587649336,0.35924238568990957,0.37787961128176545,3.0645326643361255,2.423091819254842,4.037435778520019,604,0.2996031746031746
sub-10003,01,alpha,dense,27.693811150318666,0.22988578682004945,0.4037677145787533,0.4724010451977195,2.438080256744109,12.961432379027809,4.1126896121082765,2016,1.0
sub-10003,01,alpha,top10,4.984013350387513,0.8151127003688795,0.4179225798250337,0.26376382548857186,3.91785597312671,-2.594386993519556e-16,3.729470685214394,201,0.09970238095238096
sub-10003,01,alpha,top20,9.263381022024515,0.693318647705032,0.4112812392126081,0.36490655773163216,3.6871231450052706,0.07185414672390938,3.8494124388758633,403,0.19990079365079366
sub-10003,01,alpha,top30,13.147547268605908,0.6152593242391491,0.4311013869220648,0.4092368526560379,3.08235170710567,0.25255577911066296,3.900570931582024,604,0.2996031746031746
sub-10003,01,beta,dense,18.71822114715159,0.1376496324760965,0.2547883979784541,0.34519671840418154,3.284491589125931,12.366598048982071,4.130570590053679,2016,1.0
sub-10003,01,beta,top10,4.1215438665915345,0.3232878456501583,0.3172620402600139,0.24428434496253332,5.2853755157863995,0.22027437661860066,4.002651596548063,201,0.09970238095238096
sub-10003,01,beta,top20,7.169852497876989,0.41877679755554303,0.30859454415106957,0.30756686730566807,3.8314553966439924,1.0129046711726422,4.016968304117072,403,0.19990079365079366
sub-10003,01,beta,top30,9.789146575068237,0.36760692934699096,0.30289240368971937,0.3295284516383039,3.501012302621131,2.1710936188730616,4.051815711654057,604,0.2996031746031746
sub-10003,01,gamma,dense,15.861974321525212,0.11912523027434145,0.2174353301744532,0.2908612134981948,3.889775702218198,10.811083893009515,4.132959506738849,2016,1.0
sub-10003,01,gamma,top10,3.49041935703136,0.3419839648202677,0.2547611680118205,0.2099171334674906,6.065449165236478,0.2310911922182695,3.9956089375198878,201,0.09970238095238096
sub-10003,01,gamma,top20,6.048761161568762,0.38100334029692406,0.25558768741968085,0.26069863378050695,4.496003763452753,1.189741068244559,4.029878309679617,403,0.19990079365079366
sub-10003,01,gamma,top30,8.224535160055908,0.334831630099701,0.2611268866403055,0.2776214160520809,4.1476313319679825,2.049612803215342,4.060923307051772,604,0.2996031746031746
sub-10003,02,theta,dense,21.761582087163212,0.18628080302119826,0.30191161709369196,0.3946579142494847,2.887913616111151,13.162350444746194,4.122875863538758,2016,1.0
sub-10003,02,theta,top10,4.522628913326416,0.5570160923060696,0.3021479151124397,0.27954287476807066,4.529372579543532,0.21044811983355607,3.9141618232923636,201,0.09970238095238096
sub-10003,02,theta,top20,8.16094055395279,0.5332377819831053,0.36412299081799404,0.34314102375841876,3.4889518271157804,0.9198177439362414,3.96351427257881,403,0.19990079365079366
sub-10003,02,theta,top30,11.270194152515632,0.4776244088742164,0.3666433638301285,0.37211590980532144,3.140191127428924,1.8027583552177424,4.003580076929268,604,0.2996031746031746
sub-10003,02,alpha,dense,24.929204703194564,0.2231654599441198,0.3607199474479998,0.43182951091400446,2.6620034415325002,13.376389866113268,4.114819801750109,2016,1.0
sub-10003,02,alpha,top10,4.731710991233285,0.6296286823366588,0.3278990152697424,0.2751319959042667,5.006210063938394,0.08597684474991285,3.871471721923716,201,0.09970238095238096
sub-10003,02,alpha,top20,8.651931706382282,0.6691337922879926,0.3754351948930551,0.3482006940335064,3.6463829527779072,0.2793081958781507,3.8723870717068603,403,0.19990079365079366
sub-10003,02,alpha,top30,12.170781304384844,0.5773578901728581,0.39838397794520347,0.39075899125337893,3.07534133969993,0.9003352166943979,3.937676179031854,604,0.2996031746031746
sub-10003,02,beta,dense,17.912828715886892,0.15415766153184116,0.247239641784194,0.3281216406597121,3.4674540812562156,11.209586794844272,4.12815321630067,2016,1.0
sub-10003,02,beta,top10,3.953789414588212,0.4528842382462959,0.31507878290733726,0.2374049118927673,5.166522447594375,7.987297924321421e-16,3.9458014511913495,201,0.09970238095238096
sub-10003,02,beta,top20,6.86370190807784,0.4877264388585984,0.29253967062465397,0.29206475602454995,4.074521767393076,0.6941072646468016,3.9839681883408957,403,0.19990079365079366
sub-10003,02,beta,top30,9.32092383851192,0.4159490325737469,0.29366294263804804,0.312723992264327,3.71529760370533,1.0064095528057067,4.027832932655089,604,0.2996031746031746
sub-10003,02,gamma,dense,14.329302609145508,0.18756335124494058,0.19599781341591224,0.2654684420244704,4.320270723442963,9.086103882845554,4.122450795010189,2016,1.0
sub-10003,02,gamma,top10,3.327855126636626,0.65643097401114,0.27038650521885327,0.18182966389117663,5.7476624054312,-6.807380573306565e-16,3.8206565971960957,201,0.09970238095238096
sub-10003,02,gamma,top20,5.700849149463394,0.6046323815897416,0.2603251404862354,0.23898251932560913,5.082372476165191,0.30916263214073686,3.9112638484228657,403,0.19990079365079366
sub-10003,02,gamma,top30,7.63752534173367,0.48667296550972133,0.2473830430596704,0.25428540221702656,4.628252658806269,0.8927919331841654,3.9934983253933964,604,0.2996031746031746
sub-10003,03,theta,dense,20.77719349785615,0.16989375516499197,0.2858523553745476,0.38110174512439154,2.978002943685262,13.094455285344745,4.1257093859908,2016,1.0
sub-10003,03,theta,top10,4.4076000214558935,0.43646058018628475,0.28182820338670544,0.27606845801030855,4.493102469359482,0.3063236426403845,3.969959854351697,201,0.09970238095238096
sub-10003,03,theta,top20,7.864040342326556,0.4679988298342859,0.34289429417162287,0.3352277248368016,3.528742915384501,1.0397028436007196,3.9974766762095304,403,0.19990079365079366
sub-10003,03,theta,top30,10.851798684958224,0.41386810043553585,0.34602176726822254,0.3622941065328881,3.1937331838061933,2.153511785975878,4.033331165838249,604,0.2996031746031746
sub-10003,03,alpha,dense,30.69780799615477,0.25010511113709355,0.4543108649199602,0.5150097387987279,2.2610314638169524,12.202251959999835,4.106375133993052,2016,1.0
sub-10003,03,alpha,top10,5.230461418076506,0.8921898448047059,0.46958361375118285,0.26220019552071033,3.4539251874193178,-1.2798511658445319e-15,3.6544712138636752,201,0.09970238095238096
sub-10003,03,alpha,top20,9.857852003766114,0.7813805050421776,0.5046443244444676,0.33718606203162327,2.876207647300445,-2.562569042099669e-15,3.761964387840183,403,0.19990079365079366
sub-10003,03,alpha,top30,14.105100988286946,0.6595020858466507,0.48704446671509083,0.38927055425611495,2.735106838029781,4.969001958102067e-15,3.862129205180565,604,0.2996031746031746
sub-10003,03,beta,dense,18.687980982411993,0.14197952088702906,0.2555844354557337,0.34299454117106154,3.3115499698898865,11.84623941337709,4.129890262999644,2016,1.0
sub-10003,03,beta,top10,4.092930550156312,0.31927029101080306,0.3217378479937809,0.24210465738260578,5.328875500059646,0.22886510453676284,4.000504805834786,201,0.09970238095238096
sub-10003,03,beta,top20,7.133761654130704,0.4347961921211704,0.31504170639330153,0.30524249981810797,3.8728464974800434,0.9278266283289944,4.009588552925883,403,0.19990079365079366
sub-10003,03,beta,top30,9.737409404152512,0.38274634808764263,0.309308161840788,0.3264332316183907,3.5508444389513847,1.3602685005347368,4.043718197323775,604,0.2996031746031746
sub-10003,03,gamma,dense,15.839356960230058,0.12182331809362928,0.218290997646391,0.28993787184611525,3.90234228800791,10.385086804341674,4.132655165637576,2016,1.0
sub-10003,03,gamma,top10,3.472574415899434,0.31289404374498553,0.2753527928415933,0.20520728378716233,6.283442721032094,0.20189446657179666,4.002405809487865,201,0.09970238095238096
sub-10003,03,gamma,top20,5.997105957486804,0.3861348692345267,0.25986618698129177,0.2603046595499101,4.480960823738347,1.1999157013675545,4.029551093171684,403,0.19990079365079366
sub-10003,03,gamma,top30,8.180428534493439,0.33604503207773745,0.2658198337991837,0.2764549441574323,4.1658631313097505,1.9581495378558467,4.060648665213328,604,0.2996031746031746
sub-10003,04,theta,dense,21.800478765010713,0.1618100063587732,0.30257076227866986,0.39570208667300993,2.868773612419961,14.269721769715336,4.127250240410924,2016,1.0
sub-10003,04,theta,top10,4.515828900323086,0.5209383333421106,0.2817514620540449,0.28308706645938575,4.377894916518859,0.31464381215875303,3.93599345112321,201,0.09970238095238096
sub-10003,04,theta,top20,8.1357794668257,0.4790346097030366,0.3530508757502882,0.3459266809493436,3.415701995086384,1.125187959664142,3.9892960419453622,403,0.19990079365079366
sub-10003,04,theta,top30,11.24693952718247,0.4084805841845644,0.35557551172598323,0.37444436181602175,3.091938093542217,2.417974326314333,4.035583808594064,604,0.2996031746031746
sub-10003,04,alpha,dense,31.937416781847418,0.23006135651577816,0.4802492599484727,0.5266227317644582,2.1975922421227367,13.711993116755242,4.1122876605370555,2016,1.0
sub-10003,04,alpha,top10,5.229884008019335,0.8732489998121348,0.45564638727071777,0.24929071062328906,3.381765219455691,-8.683247488773739e-17,3.655188389188402,201,0.09970238095238096
sub-10003,04,alpha,top20,9.923755702668839,0.8040849263617178,0.5015041165080203,0.33077750495168073,2.8243589134500118,-1.0293428865078742e-15,3.737181036117252,403,0.19990079365079366
sub-10003,04,alpha,top30,14.249749853559738,0.6640903535320366,0.457687296329107,0.42222238572627835,3.3744557299850815,0.08953048860146484,3.8567641199157663,604,0.2996031746031746
sub-10003,04,beta,dense,18.499658261506,0.15013650864423866,0.25232897757310724,0.34067253005929476,3.337143906001113,11.978196079277836,4.128725755551853,2016,1.0
sub-10003,04,beta,top10,4.060733424270576,0.40510514593719177,0.3125108077861972,0.24650234311583474,5.181973443383444,0.23328793055249747,3.974108122801703,201,0.09970238095238096
sub-10003,04,beta,top20,7.103957240595619,0.4687850765137013,0.302653050387232,0.3026172867047487,3.9183699840483035,0.9170309244401407,3.9953077916896262,403,0.19990079365079366
sub-10003,04,beta,top30,9.699081696530186,0.39510278190946063,0.3028397902835752,0.3251384880446678,3.5606091854806095,1.7393413955510517,4.039270083367581,604,0.2996031746031746
sub-10003,04,gamma,dense,14.75472644852454,0.14677967037966305,0.2030010269309082,0.2712930949883473,4.182864790491824,9.652514998073526,4.129231370495167,2016,1.0
sub-10003,04,gamma,top10,3.2887857625162207,0.4268254842718431,0.235861956437606,0.19679451006426948,6.2398171677057235,1.9414561836089003e-15,3.9556216495903915,201,0.09970238095238096
sub-10003,04,gamma,top20,5.665891822997416,0.4598977051263674,0.2468155492069559,0.24451784916959543,4.827437708073649,0.3672191392530085,3.993250260284984,403,0.19990079365079366
sub-10003,04,gamma,top30,7.684782814975347,0.40470085059236216,0.24508071306103663,0.259498700909575,4.457431882017505,1.0994699122881633,4.032444031582655,604,0.2996031746031746
sub-10003,05,theta,dense,20.651683550515436,0.16476554918685204,0.28641338395251414,0.37610924022993336,3.026176146464873,13.141259528005666,4.126650351436411,2016,1.0
sub-10003,05,theta,top10,4.433078225415615,0.3853766312915386,0.3205941259885507,0.27251312227113095,4.585253582789563,0.2857176977110961,3.9857171149143324,201,0.09970238095238096
sub-10003,05,theta,top20,7.846788053189854,0.48428532713089867,0.3521194300697173,0.3319549486390215,3.5888222214255667,0.8873852426248809,3.989182525404244,403,0.19990079365079366
sub-10003,05,theta,top30,10.75652346645769,0.41601903861584244,0.3388007940256681,0.3581939686287913,3.2406138638451236,1.9631447867849916,4.032299074503804,604,0.2996031746031746
sub-10003,05,alpha,dense,25.76158561063829,0.24635306903630816,0.3681016574456615,0.4484188330672135,2.5822084813606203,11.684943642621116,4.1083071351401195,2016,1.0
sub-10003,05,alpha,top10,4.896814066466197,0.8063048117139008,0.3689058849702413,0.2690914235072557,4.423648159546627,3.280989082567215e-16,3.759096174693959,201,0.09970238095238096
sub-10003,05,alpha,top20,9.03558656988079,0.7135980931735542,0.39828591385256606,0.3578104348124465,3.643457480549839,0.14676086656871934,3.8448105659468683,403,0.19990079365079366
sub-10003,05,alpha,top30,12.7126318567126,0.6230001618059176,0.4217767179054215,0.39985849276880314,3.095741165387512,0.3720237303198298,3.901607591893212,604,0.2996031746031746
sub-10003,05,beta,dense,19.128821962836923,0.1448539528227376,0.26185524006365446,0.3500751854098459,3.2418937012186997,12.395130252823588,4.12955316360376,2016,1.0
sub-10003,05,beta,top10,4.185354432600774,0.3436271348516887,0.3320148846879519,0.24888466460186642,5.147953220490093,0.2323705705324894,3.9922409768708773,201,0.09970238095238096
sub-10003,05,beta,top20,7.275482892101439,0.45121186174240074,0.32326534609943647,0.30850329365216844,3.85957319179565,0.8456155148168085,4.00347369808278,403,0.19990079365079366
sub-10003,05,beta,top30,9.928013009956366,0.40950039008072725,0.31828863548347147,0.33187046652312496,3.496180845640753,1.7783992243150895,4.032474417646147,604,0.2996031746031746
sub-10003,05,gamma,dense,16.77236028535123,0.14955740940840434,0.23239513660282754,0.3043542542011859,3.725983584856118,11.004971728035573,4.12902812735892,2016,1.0
sub-10003,05,gamma,top10,3.600603948742992,0.38861290850958,0.2770728165497707,0.21280223883042884,5.783999938991332,7.532055190053216e-16,3.976987335630205,201,0.09970238095238096
sub-10003,05,gamma,top20,6.299302150989306,0.47627115079475213,0.28464112823374776,0.2684141090561566,4.406555121189044,0.9080490858805752,3.9929143027281175,403,0.19990079365079366
sub-10003,05,gamma,top30,8.621253564911694,0.4241857826224772,0.27735349731721165,0.2880587303315575,4.023861507130967,1.8323810935674008,4.027041033707588,604,0.2996031746031746
sub-10003,06,theta,dense,22.151523289859224,0.15599209993661178,0.31124169389345085,0.3977141884647358,2.8503746246946933,14.586535126953295,4.128296140183451,2016,1.0
sub-10003,06,theta,top10,4.54294221858629,0.4583517716648821,0.299841781854946,0.28266070075462213,4.400069368159949,0.2840263369715387,3.960661548508797,201,0.09970238095238096
sub-10003,06,theta,top20,8.163610566903731,0.4775463720415573,0.35607735230734394,0.3476818083376146,3.3953088072089965,1.0337978411211863,3.991463944920762,403,0.19990079365079366
sub-10003,06,theta,top30,11.2961611014074,0.4091585521764621,0.35805411210341087,0.3760577310519517,3.077713131539531,2.104097329511152,4.033965762836489,604,0.2996031746031746
sub-10003,06,alpha,dense,28.576224522178563,0.23269349553429944,0.4204300711044499,0.48354309255857,2.385174993634136,13.032533060674009,4.11181906613487,2016,1.0
sub-10003,06,alpha,top10,5.041120752777761,0.7840606295560885,0.40947617367482686,0.26346983772284965,3.978452250896621,-9.117857459524947e-16,3.7403852917112506,201,0.09970238095238096
sub-10003,06,alpha,top20,9.393490805083431,0.6974752025825534,0.4243377696641442,0.3640101994289676,3.8424993628533013,0.0709839620439388,3.841566674742126,403,0.19990079365079366
sub-10003,06,alpha,top30,13.371195456086793,0.613800444518287,0.42779583500017027,0.41428127650675306,3.089835322181262,0.18837133856539526,3.899180453413145,604,0.2996031746031746
sub-10003,06,beta,dense,19.00861462560244,0.1341342745599913,0.2577734589854358,0.3498495634244058,3.2464977985646013,12.471701991220002,4.130937632901289,2016,1.0
sub-10003,06,beta,top10,4.179845310965433,0.31943574235233685,0.32776590057710236,0.24569943309744208,5.266009813335355,0.2044747639434293,4.000336062103278,201,0.09970238095238096
sub-10003,06,beta,top20,7.282567391678505,0.4139473009107313,0.3168402176168331,0.31127265690146433,3.7858358900793747,1.0476546745967892,4.019795790469433,403,0.19990079365079366
sub-10003,06,beta,top30,9.945341741601057,0.37205164967708027,0.3161186556911095,0.33319856394888936,3.474472679032927,2.1437504847471804,4.0487661177310725,604,0.2996031746031746
sub-10003,06,gamma,dense,17.100001101100602,0.14814340353327765,0.2367065963889007,0.3095090256869697,3.6647333253201775,10.412319663726265,4.1291960917341335,2016,1.0
sub-10003,06,gamma,top10,3.589095650145932,0.4387190975502562,0.25829901669616484,0.22027705425548239,5.474882456016624,3.5697482313555624e-15,3.962323835655785,201,0.09970238095238096
sub-10003,06,gamma,top20,6.364639349443541,0.4839388368914541,0.278368703294204,0.27007861200935995,4.396114882673699,0.856442222302758,3.991016984862193,403,0.19990079365079366
sub-10003,06,gamma,top30,8.754960945913176,0.4136283912114859,0.27926128853411614,0.2919206424973865,3.970999995114354,1.567195091263482,4.03122597064583,604,0.2996031746031746
sub-10025,01,theta,dense,17.943888146876628,0.09198298852190215,0.24729899206997966,0.33121697784773707,3.415486342701094,12.893595585030923,4.1357895182335005,2016,1.0
sub-10025,01,theta,top10,4.135961321783036,0.2352652386798426,0.3296253223524396,0.2440447805676968,5.289596270396761,0.27346603320699,4.025182990919974,201,0.09970238095238096
sub-10025,01,theta,top20,7.015313300776919,0.2742389692674074,0.29269994699947255,0.3043379482400973,3.824009262895902,1.5185091915186082,4.066790374258238,403,0.19990079365079366
sub-10025,01,theta,top30,9.411288900371618,0.2641458126259603,0.2896669133439984,0.3202980108378435,3.5795622639650326,2.560805209603753,4.084128046330731,604,0.2996031746031746
sub-10025,01,alpha,dense,20.87003274846505,0.12569554032684455,0.2967487219693918,0.3691919397983077,3.093543254222183,12.812399041036532,4.13237382560316,2016,1.0
sub-10025,01,alpha,top10,4.491414253281098,0.452164449992522,0.4024010748859224,0.25603971935536396,5.147801955960548,0.11433555518618461,3.944101418462763,201,0.09970238095238096
sub-10025,01,alpha,top20,7.806226078235389,0.33589136448220913,0.35759390183149753,0.32725938915420394,3.6424479408566257,0.8438551393498316,4.0425789461962465,403,0.19990079365079366
sub-10025,01,alpha,top30,10.613877189290626,0.31080954140246725,0.33834944927304367,0.35181491801497716,3.3106684495343117,1.6370583254826678,4.066804720452557,604,0.2996031746031746
sub-10025,01,beta,dense,13.579069125017194,0.23952349684687216,0.1821944021684463,0.2610522486527518,4.547291321554502,4.814765927488883,4.108499679105498,2016,1.0
sub-10025,01,beta,top10,3.5579496236483377,0.5443900379112632,0.2972386912425573,0.2089248594065926,5.719905995705117,1.5198933752685988e-16,3.8920952406707774,201,0.09970238095238096
sub-10025,01,beta,top20,5.879933874817543,0.5769373735825655,0.2598736022556794,0.24472184981945191,5.047811676627993,0.24037267644016402,3.924663512069957,403,0.19990079365079366
sub-10025,01,beta,top30,7.73634234629896,0.5223206351831791,0.2567800359133885,0.25535753320333515,4.7396389903495395,0.30077282029545704,3.9675409616559443,604,0.2996031746031746
sub-10025,01,gamma,dense,10.413231680068762,0.24045791111216816,0.1371133343681868,0.21032770055742875,5.683129823359121,4.500967786278125,4.107498755244642,2016,1.0
sub-10025,01,gamma,top10,3.071134358358651,0.4834701763927236,0.26934284628330984,0.1694221457536408,7.0380158472415815,0.0,3.9092607340670686,201,0.09970238095238096
sub-10025,01,gamma,top20,4.8116479035726805,0.5186303538266591,0.21568611617206127,0.19972197032432357,5.92776030501679,1.812170882394178e-17,3.95335334999119,403,0.19990079365079366
sub-10025,01,gamma,top30,6.16457560672826,0.477136083677341,0.19737177498341646,0.20813809416288906,5.813572163535443,0.4904061261488041,3.9907074085436283,604,0.2996031746031746
sub-10025,02,theta,dense,18.197507043798083,0.11998077748196788,0.24919222913649258,0.3367129423608831,3.382894877700147,12.179576495257908,4.132778403215653,2016,1.0
sub-10025,02,theta,top10,4.1563519871741725,0.2982885453798079,0.3179239991345572,0.25458517701820144,4.894336202906783,0.24024782582980173,4.0096639768120115,201,0.09970238095238096
sub-10025,02,theta,top20,7.167965067354796,0.35991915047913087,0.31300807506310463,0.3069194952326598,3.830127025820506,1.1191699774373858,4.0391095881463785,403,0.19990079365079366
sub-10025,02,theta,top30,9.68254897430517,0.324170252122577,0.3051153956493063,0.32514921251138723,3.551918852510899,2.360736267838691,4.066544249293079,604,0.2996031746031746
sub-10025,02,alpha,dense,18.623321521788817,0.11996024332618811,0.25981448389471923,0.33739057061405997,3.374414951366911,10.90187958998895,4.132779601951323,2016,1.0
sub-10025,02,alpha,top10,4.2142637892934545,0.32969858708685484,0.32969435895531657,0.24290580487484945,5.406168688573493,0.20791292479753848,3.9957792975248165,201,0.09970238095238096
sub-10025,02,alpha,top20,7.1974165172443945,0.33359907075408757,0.3259339283526397,0.3058943998807835,3.8537645275283623,1.2721350054920855,4.04629734718728,403,0.19990079365079366
sub-10025,02,alpha,top30,9.659635593561744,0.2938141636741744,0.30745134958193426,0.32402464644457024,3.5730901048533434,1.9950873257454949,4.073200826654186,604,0.2996031746031746
sub-10025,02,beta,dense,13.496500193439262,0.21033940191167075,0.1802855936020923,0.25839282764382226,4.57020166745128,5.250138725929531,4.115296341968016,2016,1.0
sub-10025,02,beta,top10,3.5428038697796,0.4739073981436919,0.28856788498893005,0.2048643884729299,5.892125102485169,8.121702162070026e-16,3.9206442726273116,201,0.09970238095238096
sub-10025,02,beta,top20,5.792748144122303,0.5261033786851853,0.2674510913604828,0.23727326522861902,5.014958662799284,9.457359218683242e-16,3.9502789144675168,403,0.19990079365079366
sub-10025,02,beta,top30,7.604551704809248,0.4713451483340187,0.252914163123384,0.25229697317551486,4.767622943159947,0.2685992778948601,3.991902372460802,604,0.2996031746031746
sub-10025,02,gamma,dense,11.57909136110063,0.24408630032733897,0.15379245986926426,0.22764118316636706,5.226891636525049,5.31706155314915,4.1072201010503155,2016,1.0
sub-10025,02,gamma,top10,3.1857824010088214,0.5402245733310875,0.25620623496591055,0.18226911913658886,6.3681952181763455,0.0,3.884134143052334,201,0.09970238095238096
sub-10025,02,gamma,top20,5.172852902974226,0.5701176162607253,0.24751975099275092,0.21407796904353052,5.516623636859144,-8.416518083924016e-16,3.9219016153911617,403,0.19990079365079366
sub-10025,02,gamma,top30,6.743515517351982,0.5149284747121576,0.2273259096929991,0.22377209977863435,5.443837514656591,0.1924314050922157,3.969284300473249,604,0.2996031746031746
sub-10025,03,theta,dense,19.360422441970456,0.15615505319264505,0.26912458352960494,0.3507891887857387,3.263765898770992,12.786088034350918,4.128043719922195,2016,1.0
sub-10025,03,theta,top10,4.279023845414164,0.40089421236545564,0.32955608305759154,0.2568980648943456,4.929054521602597,0.25265299461038004,3.976759831678771,201,0.09970238095238096
sub-10025,03,theta,top20,7.438169662779052,0.43575611157773886,0.32572957543493103,0.31517862346035175,3.7646675204294633,1.0640715187479834,4.009709592512685,403,0.19990079365079366
sub-10025,03,theta,top30,10.125392352512648,0.4057751654609527,0.3341698070609349,0.33560671916485885,3.4785256690876123,2.0940308769272047,4.0352022289530565,604,0.2996031746031746
sub-10025,03,alpha,dense,22.331275895129988,0.1706184152208035,0.3143270618585126,0.3943196501931126,2.933966372433795,11.15656584639962,4.125039863072497,2016,1.0
sub-10025,03,alpha,top10,4.711106228641988,0.5231640266021008,0.392227138368174,0.2721016140413771,4.837721868559513,0.11910473802105649,3.9086467039306876,201,0.09970238095238096
sub-10025,03,alpha,top20,8.364659789659763,0.46083564913971675,0.4040408702982313,0.3356944672793214,3.727439861357062,0.40572475931635,3.980970946409203,403,0.19990079365079366
sub-10025,03,alpha,top30,11.458345080753556,0.4073322017840943,0.40413821646899073,0.36896040825310905,3.2505426698980617,0.8240074476578373,4.023632452727597,604,0.2996031746031746
sub-10025,03,beta,dense,15.833209893472619,0.17137691474648684,0.21820705614513147,0.2926676875520754,3.958494627384688,6.225040272819246,4.124199123648419,2016,1.0
sub-10025,03,beta,top10,3.807400925967412,0.39665225025816575,0.3007800418219064,0.21787896135772492,5.816285683585612,3.093660280951695e-15,3.9641827889825567,201,0.09970238095238096
sub-10025,03,beta,top20,6.346240519432337,0.4584367846256212,0.28251746720348553,0.26543778999604073,4.334900170941185,1.0834902087477383e-16,3.991040928967326,403,0.19990079365079366
sub-10025,03,beta,top30,8.464064270908061,0.408320401621176,0.27391125403271843,0.2795204078576296,4.038704667065925,1.598721155460231e-14,4.025260650757113,604,0.2996031746031746
sub-10025,03,gamma,dense,12.017534867791188,0.21721805543229344,0.16161949494502215,0.23206144491853006,5.05165605320657,4.873001297596824,4.11408901999196,2016,1.0
sub-10025,03,gamma,top10,3.17759210815876,0.48879496822366264,0.25921086279100597,0.18462402218561613,6.49574420057257,4.4264147875180184e-17,3.9200670891722793,201,0.09970238095238096
sub-10025,03,gamma,top20,5.173022158307901,0.5171223539925757,0.247326902362993,0.2198115978256027,5.490450987914073,0.28968370365031126,3.9607380254424993,403,0.19990079365079366
sub-10025,03,gamma,top30,6.776613488339498,0.47275374462365477,0.2304070317093398,0.22756511092450576,5.225516533434036,0.6271777913881295,3.995399138776989,604,0.2996031746031746
sub-10025,04,theta,dense,18.684817710816937,0.12318974864751958,0.2577563783267637,0.3434840612717565,3.306615798268956,12.765478696475649,4.13245805290444,2016,1.0
sub-10025,04,theta,top10,4.197309994990688,0.29417602540397547,0.29924376083348325,0.25631979911788755,4.861792560839236,0.3330209664256025,4.010807036237641,201,0.09970238095238096
sub-10025,04,theta,top20,7.242551913501445,0.3429013005181862,0.31228355532917823,0.3126307539158931,3.7390254668031537,1.354083300534677,4.0451742035721825,403,0.19990079365079366
sub-10025,04,theta,top30,9.817651996876144,0.3278442608833666,0.30928557557520897,0.3309315586399095,3.4839829670604665,2.342679318463711,4.064163535110264,604,0.2996031746031746
sub-10025,04,alpha,dense,21.166450349018987,0.12058150708597598,0.3008572986693744,0.3722864991744604,3.070057011721105,14.318834382761793,4.133237793439082,2016,1.0
sub-10025,04,alpha,top10,4.505414619261483,0.40902873668801865,0.38728129354393126,0.2624591992503659,4.88165595287914,0.19121242388460627,3.965722905380296,201,0.09970238095238096
sub-10025,04,alpha,top20,7.859550255406795,0.36018518597025057,0.37105374267688007,0.3297326307291307,3.6117131607143507,1.0607727586026554,4.032635530701372,403,0.19990079365079366
sub-10025,04,alpha,top30,10.697862223617935,0.3451929474433939,0.35811579049009734,0.3528654327160548,3.316160364108832,2.099330417845274,4.055425590143853,604,0.2996031746031746
sub-10025,04,beta,dense,15.198620127810173,0.16795248371484692,0.2079545991190575,0.28330994036668367,4.078809051028457,7.689446449363636,4.12494143150691,2016,1.0
sub-10025,04,beta,top10,3.7494496844332286,0.3833783705723617,0.304470849538377,0.20942177861510625,5.8654150291595855,-4.457557492348231e-16,3.9656514998190047,201,0.09970238095238096
sub-10025,04,beta,top20,6.171635550938605,0.4501273357030291,0.2757604235596004,0.26162832597658936,4.5775106736556745,0.35522175023881314,3.996470422080006,403,0.19990079365079366
sub-10025,04,beta,top30,8.189338962050266,0.4269173868210145,0.27271722352459515,0.27411770637561067,4.293055775229057,0.6811654618673408,4.018686926978433,604,0.2996031746031746
sub-10025,04,gamma,dense,12.491833354187005,0.20608898155038327,0.16858420493212606,0.23799182599245092,4.929298286390217,4.741984603943835,4.116147503378481,2016,1.0
sub-10025,04,gamma,top10,3.2180442849743316,0.44130542000938167,0.25740424667315925,0.17949748820893563,6.503888955626673,-1.4292088676108397e-15,3.9349948062970905,201,0.09970238095238096
sub-10025,04,gamma,top20,5.251053577299782,0.5104364581123498,0.245059512773823,0.2167313421654856,5.142653279434645,-2.87241843537199e-17,3.957763270555193,403,0.19990079365079366
sub-10025,04,gamma,top30,6.930856641431348,0.4586684113946456,0.2251156424148916,0.22966534534249233,4.951086530978346,1.5705503748134988e-14,3.9979551414422003,604,0.2996031746031746
sub-10025,05,theta,dense,17.76121908359918,0.12484625303789049,0.24360735562182528,0.32812549335975083,3.479515711853673,12.080489016832539,4.132043200791169,2016,1.0
sub-10025,05,theta,top10,4.1364522706648925,0.3512326147646764,0.32591440811393446,0.2415613819822465,5.113208542337809,1.4585324920363636e-15,3.9831148298700563,201,0.09970238095238096
sub-10025,05,theta,top20,7.031852553224965,0.38543931978248924,0.31061554212914383,0.2993280757547899,3.9466602789526672,0.4125757350934198,4.025223173474408,403,0.19990079365079366
sub-10025,05,theta,top30,9.445807274602686,0.34293802229686987,0.3021180795602013,0.3167766811075079,3.6663724684256715,0.4173662967417398,4.0543006184297345,604,0.2996031746031746
sub-10025,05,alpha,dense,18.548508013298445,0.13930777029151967,0.26227768435559123,0.3315691671020331,3.461414461758909,10.34052931391836,4.130345047084102,2016,1.0
sub-10025,05,alpha,top10,4.2483909357366745,0.4051022569608772,0.3487750184109708,0.22428406932155007,6.018497446570671,2.2875836707262006e-15,3.964156125629893,201,0.09970238095238096
sub-10025,05,alpha,top20,7.18660731066706,0.3729722007446241,0.32603188097002395,0.2963908938663586,3.8703808641347175,8.922039412368623e-15,4.026641919248493,403,0.19990079365079366
sub-10025,05,alpha,top30,9.613876950753951,0.36274266782647013,0.3152234290265646,0.3143909145123703,3.579953905745079,-3.024122449072609e-15,4.045212008093493,604,0.2996031746031746
sub-10025,05,beta,dense,14.092346814373052,0.19668691954579076,0.1916395529851341,0.2653440581905496,4.422942313443726,5.812067115957364,4.11901788533424,2016,1.0
sub-10025,05,beta,top10,3.6115891231811927,0.4778450903017864,0.26912151350619734,0.20495330755527683,5.96066359579877,1.3637418336661622e-15,3.924195293623549,201,0.09970238095238096
sub-10025,05,beta,top20,5.9156190757503735,0.5223492372598851,0.2689570371732557,0.24345993822762482,4.820166367322734,7.542727135568132e-15,3.9550397614607804,403,0.19990079365079366
sub-10025,05,beta,top30,7.781679545294956,0.4651213117885615,0.2533085280214134,0.2545683632529441,4.510039329530865,6.711109037304888e-15,3.9945326170242694,604,0.2996031746031746
sub-10025,05,gamma,dense,11.291868242079634,0.23154743879657133,0.14957030753246514,0.22059158399424025,5.39036571605266,4.141302991821468,4.1099072863166235,2016,1.0
sub-10025,05,gamma,top10,3.1597781749060685,0.5556336106845904,0.28092585517345536,0.15564364004140965,6.942603457587977,-2.890945476116763e-16,3.863465755958305,201,0.09970238095238096
sub-10025,05,gamma,top20,5.019536455525579,0.5403999949427899,0.22464594087886727,0.20175907139873758,5.726524819682006,1.769260414824368e-15,3.9301697222445506,403,0.19990079365079366
sub-10025,05,gamma,top30,6.495745273212234,0.49813808411329746,0.2143645582140073,0.2124966754118683,5.500940162755367,2.719626077360157e-16,3.9716735051569794,604,0.2996031746031746
sub-10025,06,theta,dense,15.619289512396701,0.13356721650618733,0.20731130367986267,0.2993751256588038,3.935487851026404,9.736286391417105,4.129499296664058,2016,1.0
sub-10025,06,theta,top10,4.269253658613437,0.3738111366757468,0.3545993332562453,0.22291215622733537,5.601018166215473,-7.767559789416023e-16,3.964412775550073,201,0.09970238095238096
sub-10025,06,theta,top20,6.999135131500444,0.2863742534171836,0.34053043671636996,0.2704519760651335,4.466913318219884,5.357034944998054e-15,4.046570919045701,403,0.19990079365079366
sub-10025,06,theta,top30,8.995950136179392,0.28554804398410455,0.2808114325610557,0.29252494299198795,4.104780142942953,0.6137167578852801,4.071274319009335,604,0.2996031746031746
sub-10025,06,alpha,dense,16.609946531900512,0.13820101901433604,0.22602147617797771,0.3094678373319871,3.75352247202926,8.023949751828622,4.129328203269722,2016,1.0
sub-10025,06,alpha,top10,4.1782998831768055,0.3589619929562086,0.35822261089969926,0.22879824698994589,5.75032005094881,8.921326525578654e-16,3.9773121198720776,201,0.09970238095238096
sub-10025,06,alpha,top20,6.929551632480537,0.30958920774923854,0.3279846785273931,0.28127861374877744,4.137516187470293,5.3843249936622755e-15,4.045407323881498,403,0.19990079365079366
sub-10025,06,alpha,top30,9.090271760544436,0.3123903078502465,0.2839857042045615,0.296092879946319,3.8388502630451327,3.552717154890318e-15,4.061692043123536,604,0.2996031746031746
sub-10025,06,beta,dense,12.90848700768976,0.2235991133863204,0.17076385341698877,0.2505034321322593,4.768357238464999,4.786062402964967,4.111866530891544,2016,1.0
sub-10025,06,beta,top10,3.6382181149953357,0.5151587459967837,0.3261212077286855,0.1888194349117768,6.336395143459566,-1.0273700746828897e-15,3.8918849006729377,201,0.09970238095238096
sub-10025,06,beta,top20,5.7889117111928154,0.48988615137013203,0.2799010542547434,0.2270454053941195,5.127843149910195,6.415227749032161e-16,3.9628218583466905,403,0.19990079365079366
sub-10025,06,beta,top30,7.474119659435637,0.470856973100974,0.25232111742758373,0.24159825329789825,4.848484600366901,8.327209657255976e-15,3.989199348330165,604,0.2996031746031746
sub-10025,06,gamma,dense,10.418570071352189,0.25164481796046523,0.13502881816886148,0.21067903548153086,5.785514116943405,3.890944528253243,4.103346973679069,2016,1.0
sub-10025,06,gamma,top10,3.255627333543678,0.5570038314378939,0.30301525675875685,0.16902749488657468,7.086131895049185,-7.05948148814587e-17,3.859613223374628,201,0.09970238095238096
sub-10025,06,gamma,top20,5.0088109161668,0.4996630080762415,0.2443141327044712,0.19625975644117613,5.963644832253967,-1.3337182382337032e-15,3.952047083193589,403,0.19990079365079366
sub-10025,06,gamma,top30,6.308597170013005,0.46253409560306974,0.20588603534916558,0.20851647350167624,5.910148297499441,0.3896202476361163,3.994708892580861,604,0.2996031746031746
