participant_id,age,sex,group,duration_s,n_channels,delta_abs,theta_abs,alpha_abs,beta_abs,gamma_abs,delta_rel,theta_rel,alpha_rel,beta_rel,gamma_rel,theta_alpha,theta_beta,alpha_beta,n_runs
sub-10003,12.9,m,TD,62.833333333333336,64.0,45.747106076139325,8.216002067884018,12.451626039041779,3.077248719530409,0.4994960303971254,0.6458392740916356,0.12010532912672729,0.18215529475336867,0.0446009697525768,0.007299132275691583,0.7328569724823102,2.691869598477769,4.014725151916486,12
sub-10025,8.3,m,TD,62.333333333333336,64.0,196.82139338871116,69.41374408512486,25.51590948845948,25.232690571487364,8.52597356389522,0.6156568532076728,0.15082360948926257,0.1398133432186611,0.06697817848853485,0.026728015595868432,1.4713050604911109,2.3239336421175802,2.304050530520002,12
sub-10036,11.0,m,TD,62.666666666666664,64.0,32.67031040561268,14.3023598706661,11.197503021615399,10.264254556955926,2.3046006803283956,0.45845825718852584,0.2030319674571146,0.16072562747341,0.14669659974465074,0.031087548136298684,1.3029449135105515,1.3900493629347492,1.0994424989227458,12
sub-10124,12.0,f,TD,63.0,64.0,65.03620219799183,16.846811774306374,43.20319512446318,19.482647367430943,1.7437100233633547,0.44665626810196213,0.11376731149965855,0.29053142214140604,0.13658405643264204,0.012460941824331152,0.3924258780368147,0.8572393152986875,2.1962634954226257,2
sub-10129,12.7,f,TD,62.833333333333336,64.0,23.734421289526086,6.68128586647525,14.048443486475698,18.798382976403904,10.883015358502677,0.3194761789684,0.09103873637553717,0.19406088260543494,0.2531695468149438,0.14225465523568392,0.5071540038810723,0.37319581070521063,0.8156524964759823,6
sub-10170,8.3,f,TD,62.833333333333336,64.0,78.95827127334694,17.94439982756144,13.347632577842312,12.296843696407228,8.794874719914192,0.5861375454132606,0.1396352018930045,0.10513433849097363,0.09887181050427313,0.07022110369848804,1.3614947252159546,1.5714350516131887,1.1837113843177849,6
sub-10177,8.1,m,TD,63.0,64.0,73.88013290953192,19.302016508849796,18.938737861698247,11.379667792760374,3.7363463017898333,0.5820302309260416,0.15216093786813625,0.14717188627194774,0.08979472881544441,0.028842216118429784,1.0726769252937844,1.7147997558776755,1.6792134214602952,6
sub-10182,10.6,f,TD,62.833333333333336,64.0,879.0052727312718,136.64366460238526,86.41985159557402,57.626341604913,19.832710538342422,0.6588284755674053,0.11174682136350002,0.15446728483997832,0.05710511273431921,0.017852305494796984,1.0843042987608913,2.240191596741804,2.5487341542309285,6
sub-10212,9.5,m,TD,153.0,64.0,6148.157524890874,928.1985027795309,367.0034308780398,271.7899516815493,49.69335690751916,0.750344380008213,0.14505914028746245,0.05429864387730463,0.041132032685123936,0.009165803141895867,2.6798531851316354,3.5351323962722625,1.3210512964148804,3
sub-10213,8.2,f,TD,63.0,64.0,859.4673211702948,37.678545223444246,26.57680284707004,17.941373109079933,10.750791549663708,0.7261746308492185,0.10126832386937569,0.0930124476823427,0.05285639597422087,0.026688201624841982,1.4136172842172519,2.0874134811711325,1.6123090591865867,6
sub-10214,12.6,f,TD,62.833333333333336,64.0,40.619536030822395,14.45602520201956,37.53332610829801,7.699531508069247,1.5708893850612788,0.38696340017293407,0.1433843975621224,0.3773983181948395,0.07751807673246709,0.0147358073376367,0.39339624408070667,1.9002439038527996,4.882950612367732,6
sub-10258,12.7,m,TD,62.5,64.0,390.5758190106923,43.37263812288871,13.257173734316149,26.27154582947432,19.495730410528008,0.7711794599580646,0.08761061360412244,0.025072530310309784,0.06491946568994217,0.051217930437560934,3.50208454369859,1.4630986977095048,0.4215027458637696,6
sub-10260,8.3,f,TD,153.0,64.0,134.8285062954168,33.68075295918516,18.943198094620346,10.419551296381492,2.3843501053625342,0.6708336052877907,0.1695559029966637,0.09457942677650656,0.052588384889113465,0.012442680049925367,1.797176351799789,3.2278697570669976,1.8047081982403295,3
sub-10310,11.8,m,TD,63.0,64.0,24.17897321022171,7.288648312766924,17.833462992048933,5.239596588472773,1.2493979498974523,0.4231046762894441,0.1353618491516919,0.32221504586909416,0.09671958756111605,0.022598841128653766,0.43555296056848786,1.3981369680592437,3.339848682834836,6
sub-10314,9.0,m,TD,153.0,64.0,152.01297090752033,16.191702929658394,26.61211958364417,19.836364384669466,9.366800876853882,0.6598900179289658,0.0770362374381177,0.12749073369579586,0.09337424539280326,0.04220876554431713,0.6072735226147546,0.8244225636610185,1.3596728209870346,3
sub-10354,12.5,f,TD,63.0,64.0,19.70424315218459,5.455746378482347,5.191850762486899,5.234388430769617,0.9028052504433834,0.5385155001536734,0.1502484086623596,0.14267740917317562,0.14384015275372947,0.02471852925706168,1.0585854677221271,1.042936609943268,0.9920706552462665,5
sub-10400,12.6,f,TD,62.666666666666664,64.0,60.5514957767434,15.029275366184924,9.834373858644847,9.821056700815326,8.961504299430137,0.5609266176368318,0.15894198908284535,0.11765444888792286,0.09310414513389907,0.0693727992585008,1.5323806619999896,1.865914524245779,1.3475971900244528,6
sub-10434,8.7,m,TD,62.666666666666664,64.0,55.93755798948675,21.64612981257673,23.634337466963654,11.822419963114639,7.453641797051698,0.4634904387309859,0.17892260989041772,0.19839270310433688,0.09772541382801218,0.06146883444624715,0.9716840427344922,1.8612013022845406,2.085261482450535,6
sub-10520,11.0,m,TD,152.33333333333334,64.0,53.22403871353591,29.041365730208977,68.3843440709441,12.210009352650145,3.7866593345584274,0.322466465466789,0.17495183653124147,0.4060796019587885,0.0737919905797531,0.022710105463427832,0.43620296948555043,2.381814045609665,5.569274090560708,3
sub-10593,9.4,f,TD,108.0,64.0,55.35147206313964,17.928354739997474,5.663089485371904,5.000522213767521,1.5557416263147328,0.6438179155795267,0.21094087695574498,0.06591187868342191,0.060004575422404755,0.0193247533589014,3.212010572718533,3.6386013750515693,1.1584735190048498,2
sub-10741,11.7,f,TD,63.0,64.0,28.73510681626912,7.405927215060316,5.195887411661112,2.9587655641298376,0.8927563191701603,0.6334935422194272,0.1652027829720648,0.1158231745441685,0.06597722329145593,0.01950327697288335,1.4794396646260817,2.7611576279784527,1.8584014183108684,6
sub-10747,9.2,m,TD,62.666666666666664,64.0,188.14215661922398,28.7085005338235,18.471139479340653,20.94780607968852,16.920938885989404,0.6780797577766684,0.10667735081831327,0.07302949543436928,0.08000527908819195,0.06220811688245694,1.6253425721385035,1.4975982230440439,1.0009304809421644,6
sub-10752,11.9,m,TD,62.833333333333336,64.0,50.72925137637606,7.270783817349325,6.507591339090632,8.592661692758456,6.607989020142614,0.6038475658778927,0.10430497691970508,0.08687619907542034,0.1162500307709462,0.08872122735603542,1.205173820987635,0.9299730264966656,0.8368665541007676,6
sub-10764,12.9,f,TD,62.666666666666664,64.0,83.43699210112983,17.94609477841961,20.083449409415692,10.88090234221408,2.918531236366995,0.5946253502736148,0.13525674163820373,0.16220994662167723,0.08517724188305392,0.022730719583450132,0.9690644590043398,1.6705831077111302,1.8300892922197767,6
sub-10769,12.0,m,TD,153.0,64.0,132.86208964886325,55.91371381915018,32.85034707453617,11.322743661436782,4.280766368732431,0.5422319091011498,0.228095671588226,0.15448607289128788,0.052892158436904,0.022294187982432167,1.6380170849753608,4.733116294332658,2.900028924287145,3
sub-10777,9.0,m,TD,75.6,64.0,1189463.4055716933,56223.93511010249,5990.948838922306,3761.930014517579,547.1915596012823,0.7672160648844504,0.10516938499790125,0.04205370071389306,0.042801309312806915,0.042759540090948275,4.225366310497308,5.669804750991346,1.141860221444178,5
sub-10787,12.9,f,TD,62.833333333333336,64.0,29.270450337427363,11.273968356547805,23.857694655052825,11.969779247009399,3.777870831703801,0.3709174987159118,0.1416614851790512,0.2953405732906537,0.14743457415208513,0.04464586866229805,0.48950034796760516,0.9888483342749295,2.0634438379742543,6
sub-10788,8.6,m,TD,62.5,64.0,126.57530290464109,32.793910038030795,35.28529589970015,12.314497607962267,4.8059209776935115,0.5937849082132933,0.15595143226709493,0.1670970749499264,0.0596243619393294,0.023542222630355766,1.0013807794623752,2.737346690567044,2.9090583935156125,6
sub-10790,11.1,m,TD,82.66666666666667,64.0,770.1628611723157,126.50173850411663,64.56525492219025,47.9317294536651,13.305968518715325,0.5692436799503978,0.1287882052068199,0.2040243485473455,0.07056353732581555,0.027380228969621032,0.8965643037109124,1.9575559588722289,2.81714039782795,6
sub-10809,11.6,f,TD,62.833333333333336,64.0,530.7148380002349,35.56189247645455,7.109507438462788,7.402089077026428,4.57625618516554,0.8044388785488588,0.09663146580165444,0.036215083723197254,0.04510142577080257,0.017613146155486915,3.986629789773936,4.279780935699648,0.9673980473982525,6
sub-10825,8.5,m,TD,62.166666666666664,64.0,93.95128757539686,40.33252718376637,33.63248315886391,12.012170758204578,3.231220133674057,0.5054583916058687,0.2226393172608907,0.18745614714578338,0.06647956749424926,0.017966576493208018,1.2759334509138285,3.3753975919188832,2.817101126894231,6
sub-10842,8.2,f,TD,63.0,64.0,119.88980292165131,23.642278345996374,26.081795226205802,12.646299778368729,3.2711208538703116,0.6467108315996827,0.12776539771439543,0.14153623092331322,0.06813447287453638,0.015853066888071983,0.919723868694719,1.8962276382545469,2.095316953669714,6
sub-10846,8.3,m,TD,152.66666666666666,64.0,710.9749358618714,190.8051326725306,69.05606506722532,45.78670194107496,10.311806729341281,0.5888438665981762,0.17551456061389126,0.14681075716486156,0.0770126607934368,0.011818154829634,1.9593975796381715,2.893191934827904,1.7814001324934488,3
sub-10862,12.6,f,TD,62.833333333333336,64.0,40.49372031528604,15.119110146182718,19.458790518835723,7.59456581610629,2.6473519201354887,0.46937029033584793,0.17853319979839696,0.22956666568177575,0.09073120888100644,0.03179863530297277,0.7892188846046988,1.993091623193466,2.5821901225919492,6
sub-10876,11.5,m,TD,153.0,64.0,124.77368721111544,15.237046781758059,10.545617586245593,21.563244309823208,20.711099054120236,0.5938142579803561,0.08815037267237384,0.06271579870364273,0.1306107031368468,0.12470886750678034,1.4365431158964868,0.7578094505383205,0.53413551140368,3
sub-10883,10.7,f,TD,62.833333333333336,64.0,38.940156800762786,20.085866745774485,11.975103304934043,17.186944480198246,6.347552156609407,0.39959693282358005,0.2105835645957128,0.1252366700603426,0.19257814732357972,0.07200468519678453,1.6918675328023747,1.1888808409924396,0.7104638803012425,6
sub-10918,12.4,m,TD,63.0,64.0,82.0235405852839,14.166009761493214,7.3680725754462095,7.539206327525513,1.5523742421334419,0.700016185860575,0.1344541687207992,0.07617035636350895,0.07492889911178076,0.014430389943335982,1.9167237295154844,1.8648013358660813,0.9980938135201329,6
sub-10950,,,,62.75,64.0,67.97748573311465,17.799984663212182,12.60747704563856,10.755792547651858,4.17416491210658,0.5972377608275597,0.15886030872888895,0.11330730418654204,0.09453856562752012,0.036056060629489024,1.406295524268944,1.8010036230841524,1.2820208520086558,4
sub-10959,8.0,f,TD,62.833333333333336,64.0,68.46160423484984,19.894337555067633,19.1355192567702,9.12447624438246,3.3508283082817627,0.5540714733320548,0.16947504186181062,0.169395732567754,0.07871337936805115,0.028344372870329284,1.0779640184733092,2.1834375189766626,2.1720777831568037,6
sub-10970,9.0,f,TD,62.833333333333336,64.0,99.97424262921294,24.45916974454458,7.004304574904979,11.976928925210734,7.887865790653746,0.6268854353172442,0.18273890814573543,0.05320333720804191,0.08519319511511142,0.05197912421386691,3.533270273228144,2.291512012395262,0.655421220010208,6
sub-10990,10.1,f,TD,62.833333333333336,64.0,38.67368001603743,14.044204833687944,26.728094454754302,11.777663300663335,2.5332996422794127,0.4166177588106755,0.15006339462687,0.28125483020363307,0.12510139475524215,0.0269626216035791,0.5573509174062462,1.2064242201687594,2.236472020224045,6
sub-11025,9.3,m,ASD,63.0,64.0,9399.84967645233,179.81829813055086,29.845843655388947,50.43484355679273,79.18692449398293,0.9641089039953519,0.019385895819327002,0.00320744360498845,0.005167196960497051,0.0081305596198355,6.035465980097572,3.7559617740337092,0.6213904147674388,2
sub-11038,10.7,m,ASD,63.0,64.0,100.06735133504199,21.76426272152255,20.44132271454059,10.66204892587859,2.628328054172355,0.6352138497758713,0.14366656873906383,0.1336229845313346,0.07005341116513975,0.017443185788590422,1.0801277568636254,2.04883460542446,1.9277054301104695,5
