participant_id,age,sex,group,mean_abs_uv,std_uv,line_noise_60hz_ratio,n_channels,duration_s,delta_abs,theta_abs,alpha_abs,beta_abs,gamma_abs,delta_rel,theta_rel,alpha_rel,beta_rel,gamma_rel,theta_alpha,theta_beta,alpha_beta,log_theta_alpha,log_theta_beta,spectral_entropy_mean,spectral_entropy_std,n_runs,qc_flag
sub-10003,12.9,m,TD,8.259651318436894,79.85391628934902,0.3943591038014313,64.0,62.831380208333336,45.74710607613928,8.21600206788402,12.45162603904178,3.0772487195304072,0.499496030397127,0.653609650396662,0.1173857474243345,0.1779020279163175,0.0439660479595868,0.0071365263030849,0.659833666873891,2.6699181043562588,4.046350221875425,-0.3692441496916627,0.9834350354834052,0.6786039933270333,0.0631717259330732,12,ok
sub-10025,8.3,m,TD,6.956163925303952,75.9539040274495,0.4679708013772443,64.0,62.331380208333336,196.8213933887112,69.41374408512483,25.51590948845949,25.232690571487367,8.525973563895219,0.6046559800781148,0.2132463079244205,0.0783875522558608,0.0775174740145172,0.0261926857270833,2.720410343065257,2.750945004793059,1.0112242852647328,0.1356373587171969,0.8219130678336883,0.7272994640669089,0.0616363132975801,12,ok
sub-10036,11.0,m,TD,7.077578752526662,73.63298083581601,0.4496723773851227,64.0,62.66471354166666,32.67031040561269,14.302359870666097,11.197503021615413,10.264254556955915,2.304600680328393,0.4618427914848348,0.2021848499595005,0.1582931410493817,0.145100304167329,0.0325789133389396,1.2772811798358847,1.3934143771767844,1.0909221862610523,0.2469025252107248,0.3261896860197061,0.7882136724805068,0.0435784518954221,12,ok
sub-10124,12.0,f,TD,14.055180264665392,111.34143797495771,0.397557698785946,64.0,62.998046875,65.03620219799184,16.846811774306406,43.20319512446305,19.482647367430975,1.743710023363357,0.4445018207203887,0.1151426167877328,0.295280140056441,0.1331577173112325,0.0119177051241982,0.3899436540693909,0.8647085509779464,2.2175217930948827,-0.9356888715841248,-0.1752864685019126,0.7823531072240623,0.0774393413015273,2,ok
sub-10129,12.7,f,TD,6.44797252557144,73.19077936837404,0.4086814623334902,64.0,62.831380208333336,23.73442128952611,6.681285866475249,14.048443486475689,18.79838297640391,10.883015358502677,0.3201058137254526,0.090110410653418,0.1894711642199945,0.253533532837388,0.1467790785637333,0.4755890482035812,0.3554181162742227,0.7473219108318422,-0.7121427675228947,-1.008500693909072,0.8314687463071363,0.0695472606340114,6,ok
sub-10170,8.3,f,TD,8.047482514547061,81.19943012340414,0.4484703488577027,64.0,62.831380208333336,78.95827127334677,17.94439982756144,13.34763257784231,12.29684369640724,8.79487471991419,0.6011653392711757,0.1366234472511185,0.1016249968207473,0.093624595542667,0.066961621114284,1.3443882068906088,1.4592687579498782,1.0854519181813294,0.3011739242095709,0.391415695702743,0.739869190724716,0.0689468660035103,6,ok
sub-10177,8.1,m,TD,8.963581588003082,87.86851455800866,0.3843141318249468,64.0,62.998046875,73.88013290953195,19.30201650884981,18.938737861698243,11.37966779276038,3.736346301789834,0.5806502053362825,0.1517014034475559,0.148846267530013,0.0894368510221303,0.0293652726640103,1.0191817770436142,1.6961845337108912,1.6642610493203671,0.0511397444041811,0.5310161279410268,0.7283736985065913,0.0648689170593342,6,ok
sub-10182,10.6,f,TD,9.088102343457814,86.18525609649049,0.4529191826634208,64.0,62.831380208333336,879.0052727312728,136.64366460238526,86.41985159557413,57.62634160491291,19.83271053834235,0.7452179101868722,0.1158460697953019,0.0732664788285087,0.0488554314686765,0.0168141097206399,1.5811606023329678,2.371201447060685,1.499658822489001,-0.1200404610300261,0.7386071412970084,0.7593363123731356,0.0503101926359181,6,ok
sub-10212,9.5,m,TD,3.8432313925782218,57.336504542200224,0.3894229929048363,64.0,152.998046875,6148.157524890873,928.1985027795308,367.0034308780398,271.7899516815493,49.69335690751915,0.7917942074643417,0.1195386089088457,0.0472647601354244,0.0350026342879501,0.0063997892034378,2.529127590330296,3.4151317848096103,1.3503200858140951,0.9837748680735766,1.2619334088964618,0.6574592984861466,0.0514588456231729,3,ok
sub-10213,8.2,f,TD,7.929690133980728,82.50214443364507,0.4044688424332793,64.0,62.998046875,859.4673211702947,37.67854522344425,26.57680284707003,17.941373109079944,10.750791549663704,0.902408583506941,0.039561065076206,0.0279046502649001,0.0188377715996096,0.011287929552342,1.4177230210968257,2.100092618015587,1.4813137592918295,0.271132292613949,0.7113451334316022,0.6576446763450435,0.0918915888978058,6,ok
sub-10214,12.6,f,TD,8.417857400527245,84.13283081318203,0.3943779358964039,64.0,62.831380208333336,40.6195360308224,14.456025202019552,37.533326108298006,7.69953150806925,1.5708893850612828,0.398702511185272,0.1418936332859457,0.3684097071211959,0.0755750273683069,0.0154191210392695,0.3851517225067664,1.877520104550192,4.874754531357851,-0.956438151201585,0.6222345476666922,0.7543066185549842,0.0403342208189294,6,ok
sub-10258,12.7,m,TD,4.975471747173269,62.42572394401926,0.5069008859791636,64.0,62.498046875,390.5758190106923,43.37263812288868,13.257173734316146,26.27154582947432,19.495730410528022,0.7922865808225931,0.0879817886490776,0.0268922968040806,0.0532920682874851,0.0395472654367613,3.2716353418991178,1.650935898649208,0.5046210002398216,1.2269295631361283,0.2849121658892482,0.6702342538416235,0.0887912220210497,6,ok
sub-10260,8.3,f,TD,4.114769902654179,60.01200278349953,0.4003548503900262,64.0,152.998046875,134.82850629541676,33.68075295918516,18.943198094620342,10.419551296381492,2.3843501053625347,0.6732795259854165,0.1681881822343006,0.0945947395267359,0.0520310633897969,0.011906488863745,1.7779866309241807,3.232457137657992,1.8180435563666864,0.5830715604982787,1.1711425024215183,0.7111161480584975,0.0608267822946788,3,ok
sub-10310,11.8,m,TD,9.416420193408586,90.1012441406321,0.3821782242829635,64.0,62.998046875,24.1789732102217,7.288648312766891,17.833462992048933,5.239596588472797,1.2493979498974557,0.4333919868992256,0.1306441653504262,0.3196529435811815,0.0939162782590224,0.0223946259101261,0.4087062796505722,1.3910705127186034,3.403594664383028,-0.8579479651710217,0.3314633005837422,0.7638995482776035,0.0501046812359606,6,ok
sub-10314,9.0,m,TD,4.207779138617518,60.075493201742006,0.3826858513720609,64.0,152.998046875,152.0129709075203,16.19170292965841,26.61211958364416,19.836364384669466,9.366800876853889,0.6785688730666609,0.0722779480225585,0.1187935206317007,0.0885473084690492,0.041812349810026,0.6084334199222989,0.816263636605272,1.3415825131852286,-0.4990120603039636,-0.1961395872100464,0.7448085097628464,0.0797463636049202,3,ok
sub-10354,12.5,f,TD,10.670432680896155,97.006802548908,0.3960007140170839,64.0,62.998046875,19.704243152184574,5.455746378482342,5.1918507624869,5.23438843076962,0.9028052504433812,0.540004516590548,0.1495174243942659,0.142285234685412,0.1434510004963842,0.0247418238333623,1.050828813859816,1.0422891710539588,0.9918734215379088,0.0525013306477747,0.04145497112053,0.766767079369902,0.0461295393175035,5,ok
sub-10400,12.6,f,TD,5.70891250883854,66.2163867763002,0.3965164034303337,64.0,62.66471354166666,60.55149577674333,15.029275366184908,9.83437385864484,9.82105670081532,8.961504299430134,0.5811211983465928,0.1442380638007756,0.0943818653596184,0.0942540587279706,0.0860048137650328,1.528239172336528,1.5303114343017368,1.0013559801388188,0.3768175455911808,0.5367939257796018,0.7659733424885492,0.0719252312820252,6,ok
sub-10434,8.7,m,TD,7.271283926811116,76.89847574170065,0.3943372685403323,64.0,62.66471354166666,55.93755798948674,21.64612981257673,23.634337466963643,11.82241996311464,7.453641797051692,0.4642348796413027,0.1796447472757074,0.1961452055422212,0.0981161835787858,0.0618589839619744,0.9158763110170968,1.8309390023455216,1.9991116489432448,-0.0684525954081521,0.6076934999322102,0.7578891662087605,0.0729967851279293,6,ok
sub-10520,11.0,m,TD,1.3666341994204465,32.98195668831479,0.4049527060950513,64.0,152.33138020833334,53.224038713535926,29.04136573020897,68.38434407094411,12.210009352650143,3.786659334558427,0.3193830362944614,0.1742693675497639,0.4103559213522955,0.0732689580590097,0.0227227167444634,0.4246785740911707,2.378488409912909,5.60067909006932,-0.83797113320696,0.8647327399141554,0.7588370698952988,0.0568735089895628,3,ok
sub-10593,9.4,f,TD,4.50783467009221,61.23041716217938,0.3854047099618743,64.0,107.998046875,55.35147206313966,17.92835473999747,5.663089485371895,5.000522213767523,1.555741626314716,0.6473918460959518,0.2096903702822987,0.0662355998835838,0.0584862007594301,0.0181959829787239,3.1658257893159445,3.585296489761256,1.1324996156959464,1.1628818101244116,1.278328416958212,0.6748514355478726,0.0467564897300657,2,ok
sub-10741,11.7,f,TD,8.890377472695755,85.85079789145749,0.4036851106983476,64.0,62.998046875,28.73510681626912,7.405927215060316,5.195887411661121,2.958765564129836,0.8927563191701511,0.6358950364539434,0.1638898503669277,0.1149826599279654,0.0654761559889443,0.0197562972621968,1.4253440516123927,2.5030463058116177,1.7560997311348188,0.3632851900577267,0.9529349979219992,0.735004580122704,0.0581381560857856,6,ok
sub-10747,9.2,m,TD,7.1194125805382,74.30605464979901,0.4714838103027861,64.0,62.66471354166666,188.1421566192239,28.708500533823507,18.471139479340625,20.94780607968853,16.92093888598939,0.6886847382001571,0.10508599736246,0.0676126610068235,0.0766783723812374,0.0619382310493179,1.5542354907736735,1.3704776731563575,0.881769642561747,0.4336729104712737,0.3452684996944323,0.725165419784373,0.0845309829030761,6,ok
sub-10752,11.9,m,TD,6.744082217952904,74.35477770033708,0.4574682597645423,64.0,62.831380208333336,50.729251376376055,7.270783817349312,6.507591339090639,8.592661692758467,6.607989020142617,0.6364364295566459,0.0912174251983334,0.0816426043060694,0.1078013725760214,0.0829021683629173,1.1172772595096918,0.8461620016386745,0.7573429016266525,0.149135980806781,-0.1229950588453166,0.7655796785490859,0.0877267510516471,6,ok
sub-10764,12.9,f,TD,5.862175594393114,69.93534541150014,0.4599261223400508,64.0,62.66471354166666,83.43699210112979,17.94609477841963,20.08344940941569,10.88090234221407,2.918531236366995,0.6168365345905665,0.1326726507486879,0.1484737767309949,0.0804407964018494,0.0215762415278937,0.8935763181201882,1.6493204528445635,1.845752197544971,-0.0940711640688322,0.4951043591943096,0.7389828627816973,0.0632496502528694,6,ok
sub-10769,12.0,m,TD,3.5963077105630195,56.21206672588471,0.4002736322061097,64.0,152.998046875,132.86208964886322,55.91371381915015,32.85034707453615,11.32274366143678,4.280766368732428,0.5600568214282633,0.2356944476679825,0.1384748728098706,0.0477290387471002,0.0180448193467789,1.7020737617256347,4.938177131888733,2.90127093368859,0.4358159435007138,1.4868989954045606,0.741866881504054,0.0561197489251938,3,ok
sub-10777,9.0,m,TD,11.289390279204683,98.7159473626223,0.3857080714719122,64.0,75.598046875,1189463.4055716938,56223.93511010248,5990.948838922306,3761.930014517579,547.1915596012819,0.947034496575762,0.0447647282237426,0.004769911534145,0.0029951972299135,0.0004356664364368,9.384813094183665,14.945502678978595,1.5925200138765925,1.1234630250406177,1.2122981510430273,0.6367865500039904,0.0851409755157226,5,extreme_artifact
sub-10787,12.9,f,TD,6.825546745209611,72.50520888242504,0.3889411824694804,64.0,62.831380208333336,29.270450337427405,11.273968356547782,23.85769465505274,11.969779247009432,3.7778708317038032,0.3651969648521265,0.1406612805128447,0.2976639435319269,0.1493426647204094,0.04713514638268,0.472550618136092,0.9418693631600236,1.9931607895785903,-0.7344489181600665,-0.0328076536308311,0.7892024441714974,0.0536881920107631,6,ok
sub-10788,8.6,m,TD,5.230135223533057,62.54496814682757,0.4529313438661951,64.0,62.498046875,126.57530290464103,32.79391003803078,35.285295899700145,12.314497607962268,4.805920977693517,0.5976878587181071,0.1548526562436231,0.1666169660791964,0.0581489875006441,0.0226935314584244,0.92939308575583,2.663032718186111,2.865345954258226,-0.0436017945849421,0.9843940388403224,0.7277691470873454,0.0564240794384822,6,ok
sub-10790,11.1,m,TD,4.159475761845955,55.94996907260185,0.3944056026634028,64.0,82.66471354166667,770.1628611723158,126.50173850411664,64.56525492219022,47.93172945366533,13.305968518715204,0.7532394150168717,0.1237220077899067,0.0631465074464615,0.0468784846356645,0.0130135851110944,1.9592850466797695,2.639206637148379,1.347025355815772,-0.328157350025014,0.6318447817341274,0.7210299973863875,0.05605639975936,6,ok
sub-10809,11.6,f,TD,8.229784511885866,82.25028574930867,0.4044375762092743,64.0,62.831380208333336,530.7148380002349,35.56189247645455,7.1095074384627805,7.402089077026429,4.5762561851655335,0.9066398160263254,0.060751698169755,0.0121454349012243,0.0126452629519334,0.00781778795076,5.002019167187024,4.804304853182838,0.9604730994831332,1.2673740825950763,1.1884977152532474,0.6689290919942558,0.0846885073482147,6,ok
sub-10825,8.5,m,TD,3.1689989611930964,50.87922192389584,0.4090244433135457,64.0,62.16471354166666,93.95128757539692,40.332527183766366,33.63248315886391,12.012170758204574,3.2312201336740576,0.5129474077284807,0.2202041696283163,0.1836238278050884,0.0655830485204168,0.0176415463176921,1.1992134804097996,3.3576385147717795,2.7998672209924584,0.2081095329228296,1.2137777236263971,0.736679611468218,0.0359266958837232,6,ok
sub-10842,8.2,f,TD,9.66940484102661,91.88655759347289,0.400245166165275,64.0,62.998046875,119.88980292165132,23.64227834599636,26.08179522620581,12.64629977836872,3.2711208538703125,0.6461971903326372,0.1274301355739902,0.1405789515311787,0.0681626225562033,0.0176311000059852,0.906466680722988,1.8695016534744968,2.062405263460242,-0.0916141401394577,0.6351047311196991,0.7221734020234338,0.0778633948288435,6,ok
sub-10846,8.3,m,TD,3.836430235532185,56.10908521632293,0.3857858987437718,64.0,152.66471354166666,710.9749358618714,190.8051326725306,69.05606506722533,45.78670194107499,10.311806729341276,0.6923273464500846,0.1858006584044952,0.0672448491117624,0.0445857993842471,0.0100413466494098,2.7630466996169143,4.16726089854828,1.508212256827217,0.367065718839958,0.9133800273197248,0.7485585269317322,0.0568972733553208,3,ok
sub-10862,12.6,f,TD,7.150269767126957,73.85259144124599,0.3713999486782504,64.0,62.831380208333336,40.49372031528605,15.11911014618272,19.45879051883572,7.594565816106292,2.6473519201354905,0.4746458876805675,0.1772181810019122,0.2280856099931244,0.0890194678401408,0.0310308534842432,0.7769809809888722,1.99078005409034,2.5621992079607274,-0.2455367970515391,0.6840876569520145,0.7756819678687102,0.0488440139252292,6,ok
sub-10876,11.5,m,TD,4.419098404700855,62.3383812414165,0.4007036772250136,64.0,152.998046875,124.77368721111544,15.237046781758051,10.545617586245587,21.5632443098232,20.71109905412024,0.6470634109779926,0.0790177455215677,0.0546884799090692,0.1118247502877594,0.1074056133036057,1.444870028440055,0.7066212561908444,0.4890552383827053,0.3550504861228107,-0.3042478209398157,0.7399195126576424,0.1274623123165671,3,ok
sub-10883,10.7,f,TD,8.013729581333562,81.81116109835983,0.4253791140835189,64.0,62.831380208333336,38.94015680076272,20.085866745774474,11.975103304934043,17.18694448019823,6.34755215660941,0.4119098744357501,0.2124687605013218,0.1266729182403781,0.1818038940879148,0.0671445527346244,1.6773021688670453,1.1686700197882784,0.6967558031464144,0.5227467841755112,0.1242146440903923,0.823690962088451,0.0520064648364937,6,ok
sub-10918,12.4,m,TD,6.033275022352612,72.64670669532777,0.3875289427718289,64.0,62.998046875,82.0235405852839,14.1660097614932,7.3680725754462175,7.539206327525516,1.5523742421334488,0.7281324504988084,0.1257533060365926,0.0654072318938066,0.0669264059915766,0.0137806055792067,1.9226208233478712,1.87897891980638,0.9773008265531254,0.621311623362985,0.6113264726436375,0.6833609280383235,0.061387877523219,6,ok
sub-10950,,,,5.87324589949472,69.875331125637,0.4208397068178099,64.0,62.748046875,67.97748573311465,17.799984663212186,12.607477045638566,10.755792547651865,4.174164912106572,0.599898890548157,0.1570842306989505,0.1112605359071934,0.0949194861609785,0.0368368566847116,1.411859375097455,1.6549207865762072,1.1721569554063012,0.3351551861079983,0.5301645859119168,0.7388507216136555,0.0824905952621729,4,missing_metadata
sub-10959,8.0,f,TD,7.635100257266315,80.47377781152916,0.3979248509867849,64.0,62.831380208333336,68.46160423484986,19.894337555067622,19.135519256770223,9.124476244382455,3.3508283082817645,0.5706714179782733,0.165832074038803,0.1595068364239824,0.0760583666551036,0.0279313049038294,1.0396549624869935,2.1803265220087047,2.097163578956001,0.0364877249846637,0.7756696735221377,0.7383778153533611,0.0642817202754154,6,ok
sub-10970,9.0,f,TD,7.383998787811085,79.19308247459865,0.3937017914787283,64.0,62.831380208333336,99.97424262921297,24.459169744544567,7.004304574904981,11.976928925210728,7.887865790653746,0.6607573233871924,0.1616573940211653,0.0462933793884077,0.0791588242220743,0.0521330789811535,3.4920197262942243,2.0421904394086714,0.5848164098361432,1.246411114059759,0.7637183387830264,0.7079112598338012,0.0701288757381289,6,ok
sub-10990,10.1,f,TD,8.942335822494016,85.44157320770425,0.4107370896901132,64.0,62.831380208333336,38.67368001603744,14.04420483368795,26.72809445475433,11.77766330066334,2.533299642279413,0.4124887084518825,0.149793759235721,0.2850785639341693,0.1256191063652889,0.0270198620129276,0.5254472913309117,1.1924440761433348,2.2693885682100188,-0.6087412396185213,0.1829339771517504,0.7888036149714134,0.0545287935031149,6,ok
sub-11025,9.3,m,ASD,9.48304466784732,89.04098524080352,0.3776464999763842,64.0,62.998046875,9399.849676452326,179.8182981305509,29.845843655388947,50.43484355679271,79.18692449398296,0.9651626258993282,0.0184634762025187,0.0030645269686363,0.0051785749474312,0.0081307959820853,6.024902502565947,3.5653584991903653,0.5917703228677633,1.7976038149790776,1.3104378186422614,0.460894867461735,0.0832922741418587,2,very_low_alpha
sub-11038,10.7,m,ASD,6.96282652581894,77.3017547956923,0.4043966584546927,64.0,62.998046875,104.97742866999538,22.03969887202815,20.332092684399896,10.61448150470604,2.576721955692111,0.6539002841725532,0.1372844194993688,0.1266478075581956,0.0661171888110402,0.0160502999588359,1.0839857566131084,2.07638016630907,1.9155050272953549,0.0860507206147466,0.7323278219235244,0.7199740939167633,0.0593368167544431,6,ok
sub-11049,11.9,m,ASD,5.751159886650925,68.96702923287748,0.431697802745707,64.0,62.66471354166666,64.23229933344089,10.696881985937672,4.473891921017819,8.6103448663507,3.965874315733185,0.6983343494142976,0.1162966326899376,0.048640208064096,0.0936117754287723,0.0431170344028854,2.3909567273367927,1.2423290997019103,0.519594974470919,0.8623074885670027,0.270554763579258,0.7047650658473601,0.0635157968741585,6,ok
sub-11053,9.3,m,ASD,8.292047986398185,81.13025066387492,0.4244078553322407,64.0,63.798046875,71.3031445123344,14.320392730465972,5.304992577317578,7.561302561049158,4.716518017894814,0.690879429769874,0.1387549571813557,0.0514018038309176,0.0732639273824938,0.0456998818353491,2.6994180522876907,1.8939055294828824,0.7015977120985342,0.9829660320409486,0.6576844273958684,0.694565424851319,0.0707730228877997,5,ok
sub-11055,9.9,m,ASD,9.594313926852136,89.47703016451325,0.3774440573459252,64.0,62.998046875,570.3148835435204,50.14356276113085,20.60552095959401,28.51482509945717,15.757915183268862,0.8321674255343042,0.0731663169489488,0.0300662736034487,0.0416070302166074,0.022992953696689,2.433501334882843,1.7585085157013176,0.7226248412088473,0.5598390449524246,0.3028014481452759,0.6566502963448488,0.0870369016926355,2,ok
sub-11057,9.7,f,ASD,7.184566367711294,77.24586498552928,0.4004610708371682,64.0,62.998046875,166.4513440228259,49.39034128673175,41.23895252172374,18.93083156078712,2.3540303626980066,0.5979596759277463,0.1774298227698594,0.1481467802513391,0.0680071042477055,0.0084566168033461,1.1976623620765547,2.608989527382154,2.17840153451806,0.161941838279623,0.9374704120517848,0.7130770858424816,0.0626148675694045,6,ok
sub-11062,12.9,f,ASD,5.831357958281477,65.02692610037074,0.3675416286128379,64.0,60.140904017857146,104.03941789271651,18.739299299187238,16.037418178190507,8.575285788245878,1.5913298388829489,0.6983319692804909,0.1257816705206121,0.1076461407165808,0.0575589169272733,0.010681302555036,1.1684735716793797,2.1852681953610174,1.8701905189178747,0.1496961654542748,0.7802409662989181,0.7111141722435639,0.0565996730981853,7,ok
sub-11074,10.7,m,ASD,3.626946926022562,55.41760002797461,0.4017178452820361,64.0,152.998046875,287.2493583931743,30.253309869482788,11.51378627652902,10.328506587513672,4.363636274475184,0.8357351563653131,0.0880202302131278,0.0334986856994157,0.0300501839802926,0.0126957437418475,2.627572645772648,2.929107864059811,1.1147580900463518,0.9308677133892124,1.1163646670744485,0.6926647210396987,0.0705315324187569,3,ok
sub-11078,10.5,m,ASD,7.59065535061189,81.94255961021874,0.4051809138875286,64.0,62.998046875,671.5972601125185,119.09026181607317,42.611989321147824,104.73384687008291,126.9269107896482,0.6306312824235591,0.1118260138831494,0.0400127503017393,0.0983453091422192,0.1191846442493319,2.794759496406972,1.1370752185183983,0.4068597745101968,0.928762743066736,0.1721052013708132,0.6986379512262825,0.0988455154131571,3,ok
sub-11152,8.1,m,ASD,7.016221869182577,75.23273129792634,0.4024061935306907,64.0,62.798046875,441.3043732703074,48.213689564425295,20.88981287350966,17.530608797762934,8.883896482564023,0.8220677618873409,0.0898131137446965,0.0389138262734884,0.0326562554368167,0.0165490426576554,2.308000069524926,2.75025757066549,1.1916193621395623,0.6468338669105552,0.924720870107054,0.7077279000130673,0.0600963363161338,5,ok
sub-11161,11.0,m,ASD,7.300370556137001,74.77982142302801,0.4526400756837211,64.0,62.66471354166666,102.40050518112662,16.562505436995824,10.042217440533156,22.56612583400059,31.438069039760336,0.5595367907309423,0.0905008341735064,0.0548726796665633,0.1233058138341537,0.1717838815948286,1.649287673272572,0.733954315367692,0.4450129151279486,0.470878364799639,-0.2827303438612584,0.73925978040294,0.0700199809654852,6,ok
sub-11181,8.5,m,ASD,8.537166462544473,83.08660038828009,0.4202534637176082,64.0,62.798046875,129.8388475758644,35.859632636499455,9.682683533716162,8.226523316039248,3.992133980436076,0.6921053914353732,0.191149610043417,0.0516135009079762,0.0438514454348711,0.0212800521783572,3.7034808079421984,4.359026439100901,1.1770079730810052,1.3083329810748872,1.5097425906279651,0.6769200791930965,0.0554423979419234,5,ok
sub-11204,11.3,m,ASD,7.755715169662697,78.66722221541282,0.404163571255665,64.0,62.66471354166666,39.84667696393817,17.481562033976935,15.795300357321471,9.333017112042372,3.197013573676138,0.4652074273715048,0.2040961284581361,0.1844091302880755,0.1089623830924934,0.0373249307897785,1.1067571770404947,1.8730879654574557,1.6924109500387754,0.1038021182767079,0.6367616816580112,0.7789206242499773,0.0341269746872628,6,ok
sub-11215,11.4,f,ASD,2.834268027073675,49.21901304100754,0.4124195498351762,64.0,152.998046875,112.28350910411666,16.2254194712927,10.782958885495669,3.11596293933926,1.0036473460522024,0.782946352758634,0.1131389025724863,0.0751889426925258,0.0217274276352065,0.0069983743411403,1.504727936328893,5.207192700028741,3.4605542798203928,0.4235150103045875,1.6487205601741328,0.6545069732026251,0.0611420064522698,3,ok
sub-11227,10.8,m,ASD,6.864360324720317,75.29730853180278,0.4011899604792999,64.0,62.66471354166666,56.68621492085674,11.537858757889705,23.132500940147164,13.779527360543446,1.3950762380344346,0.5321091521689325,0.1083049953163603,0.2171430122825125,0.1293473665748251,0.01309547365736,0.4987726483937972,0.8373189047780103,1.6787586638409324,-0.6786951562126468,-0.1898092514067582,0.7722290251355207,0.0634954611938417,6,ok
sub-11229,11.2,m,ASD,8.62765828044896,83.3935355483909,0.4159954139644251,64.0,62.998046875,142.99855229453212,34.818613882693334,22.274284576720195,15.079439431783678,6.498766216198679,0.6450975501818287,0.1570743350617217,0.1004841390484799,0.0680266287977719,0.0293173469101931,1.5631754080704434,2.3090124828713536,1.477129483326158,0.4410112554332259,0.8928968480748688,0.7535487615940304,0.0661055265463109,6,ok
sub-11235,11.3,m,ASD,5.483464682528184,66.38839930259678,0.4776535369065045,64.0,62.831380208333336,332.4391844779016,41.94381622462999,9.713712370272203,10.548940032821717,6.045335638534962,0.8296647387050718,0.1046787110338806,0.0242424028569166,0.026326871152965,0.0150872762511633,4.31800063928085,3.976116661401339,0.9208235462566166,0.9862726948763044,0.6129666357574611,0.6920520878821472,0.078656604177038,6,ok
sub-11242,12.7,m,ASD,9.192667473107552,89.68314827709646,0.3988717527529639,64.0,62.998046875,58.46798466787809,19.143331709501936,18.86155007115416,19.219305184905654,4.52597966075657,0.4863490582615553,0.1592382806041863,0.1568943613597604,0.159870244035547,0.0376480557389425,1.0149394740773563,0.9960470227891288,0.981385637497788,0.0275153396203478,-0.0051204866927435,0.8121580142763869,0.0517170635542056,6,ok
sub-11243,8.6,f,ASD,6.181665701193285,72.91423656385105,0.4074478356633886,64.0,62.998046875,1879.5257559402623,237.6152417095715,71.75953984699483,59.69889274020713,33.114908660044065,0.8237340336164845,0.1041389089154904,0.031449835162837,0.0261640520561675,0.0145131702490202,3.311270420855676,3.9802286240651488,1.2020246365250198,0.2489358126331279,0.061424966978391,0.690286448539212,0.0635352927540701,6,ok
sub-11244,12.0,f,ASD,3.2774018451521574,53.92609002815547,0.4007310421747004,64.0,152.998046875,3720560.782964028,447865.5360923208,60958.21723234951,30578.84432360255,2158.0571210723083,0.8729363621658441,0.105080425941711,0.014302318252285,0.0071745596108271,0.0005063340293325,7.347090456816149,14.646254493883273,1.9934768164308407,1.279094316418407,1.8658924379359825,0.6183084101852737,0.0374439453816626,2,ok
sub-11256,12.4,m,ASD,8.519439603965008,83.08603929056206,0.4189677173452639,64.0,62.831380208333336,39.86380368970719,14.303960886550554,17.516584476930387,9.517083213057129,2.7781946144279384,0.4746842200948245,0.1703265591650568,0.2085813563070425,0.1133260954657473,0.0330817689673168,0.8165953188755649,1.5029773898503358,1.8405412755975863,-0.1987406752533365,0.4257822893024129,0.7550077457093914,0.0477133365778591,6,ok
sub-11265,12.1,f,ASD,11.380140170139144,100.3244025144964,0.3998452503554404,64.0,62.998046875,82.89812014871627,28.44829461096712,21.20844554785884,42.11451117443775,16.4922382800436,0.4336546456786768,0.1488180322732276,0.1109451085616042,0.2203084145758436,0.0862737989106423,1.3413663225232395,0.6754986302259092,0.5035899730620933,0.1572325422794758,-0.6689487125032073,0.8460063594224232,0.0652388391492642,2,ok
sub-11274,11.3,m,ASD,5.897914073836905,66.09145854216862,0.437312904294783,64.0,62.498046875,181356.63352339013,39206.74271716634,20759.571075279124,7966.066454784085,1568.6304200285913,0.7229464109356049,0.1562908032707577,0.0827543890171516,0.031755326733157,0.0062530700433288,1.8886104426239536,4.921719262537712,2.6060002377725326,0.4736288447271439,1.6420699025442342,0.646673443156168,0.0495858429133834,6,ok
sub-11321,10.4,m,ASD,9.594788091039016,91.1941882983644,0.401468250017289,64.0,62.998046875,40.85519506157663,11.99380086839048,13.97091936445612,4.4800091651397045,0.869758081428733,0.5660991377975194,0.166188909887167,0.1935843261679942,0.0620760547560264,0.0120515713912792,0.8584832934404767,2.677182216883654,3.118502406906869,-0.1332107338299243,0.9796508676629916,0.7281305648151717,0.0489711973284685,4,ok
sub-11323,10.0,m,ASD,7.742641290331796,77.39918790400452,0.4384941544596512,64.0,62.831380208333336,192.18853525033467,27.387336303036268,18.528158036669783,31.084331600070023,14.090943417240856,0.6784418491732853,0.0966796227525242,0.0654059711928171,0.1097303300823734,0.0497422267989961,1.478146734760761,0.8810656331749366,0.596061008325733,0.3332682649111964,-0.1698658530576254,0.759667121663843,0.0693542643864461,6,ok
sub-11325,14.5,f,ASD,4.8312647253070935,61.14461377956862,0.396712648116187,64.0,73.16471354166667,22.54060846281004,7.081779139589774,3.793811371631545,7.104137736973894,7.531827737392178,0.4690862258039515,0.1473769021829319,0.0789519351559197,0.1478422006276696,0.1567427362295063,1.866666116439616,0.9968527359388388,0.5340284088082781,0.674791857757866,0.2019597916963128,0.7706029969911313,0.0615781168294601,6,ok
sub-11335,10.7,m,ASD,6.892907554040694,71.71181374691369,0.4781101801963004,64.0,62.598046875,445.53457987008926,676.6810143718136,23.39612995816853,13.79581759803528,2.1985052235684344,0.3835504997692005,0.582539163003502,0.0201411916011934,0.0118765029102657,0.0018926427158375,28.92277550097674,49.0497217408944,1.6958857126016782,1.4643911112875316,1.9116260120042745,0.694075952415824,0.0622175994363866,5,ok
sub-11386,12.4,f,ASD,7.423459320453758,77.87773649465028,0.420474466660533,64.0,62.66471354166666,61.23443855506906,15.98035818997129,20.96154022446192,7.358673780899791,2.7069315829265146,0.5657182163869386,0.14763554538554,0.1936545092650974,0.0679835710841076,0.025008157878307,0.7623656476980448,2.1716356324216752,2.8485486445760024,-0.37627013540907,0.8157878293344473,0.7622672484693513,0.0415724546491622,6,ok
sub-11391,12.8,f,ASD,11.525314941471136,99.91686089967318,0.3873727991920827,64.0,62.998046875,409.198011789799,38.7831168138488,7.46860106748057,9.066363461055582,4.398850043350417,0.8726486919326397,0.0827082126050535,0.0159274110927293,0.0193347718877486,0.0093809124818266,5.192822118015008,4.277692702309672,0.82377031315378,1.365157321171549,1.1174549972027343,0.7715152930706131,0.0817547102794431,6,ok
sub-11405,9.0,m,ASD,8.37375117945831,84.45420214712189,0.3779408678722031,64.0,62.998046875,3108.513115515857,83.24668647882035,33.17979277290282,23.03308952902309,21.51814415531735,0.9507636750238918,0.0254616669220745,0.010148305810851,0.0070448552198352,0.0065814970233472,2.508957396105364,3.61422146056094,1.440527235006525,0.8158784348644117,1.1762191922593086,0.5342144027751894,0.0715671892577587,2,ok
sub-11423,10.6,f,ASD,6.076763737393342,67.9123393906138,0.3778987465672662,64.0,62.66471354166666,37.90157140084796,11.963878698523382,22.76014355538916,6.029180892401033,1.930974898750632,0.4703259777497807,0.1484614684455245,0.2824338510454024,0.0748169612351579,0.023961741524122,0.5256504059127537,1.9843290344133229,3.7749976259746103,-0.5819945190608552,0.6884469389726317,0.7289746625645304,0.0609136887271402,6,ok
sub-11453,10.1,m,ASD,5.968898046212078,64.82224720625038,0.4046397226993531,64.0,62.66471354166666,30575.104978525927,3118.8090788378336,931.8859067412972,611.0893658003864,135.97428792877398,0.8643661228238991,0.0881695390153654,0.0263446555192512,0.0172756543660855,0.0038440282753986,3.3467713764917457,5.103687371081816,1.5249584739880715,0.3565540957089697,0.1452725609820581,0.7788000080518408,0.0773289740553359,6,ok
sub-11497,10.7,m,ASD,5.889822444352723,66.9202153422686,0.5014110382277911,64.0,62.66471354166666,107.77069872632738,49.4667757147172,37.61041388480182,17.400136567096162,6.263107271105537,0.4932046146070838,0.2263810325122456,0.172121271407653,0.079630435277013,0.028662646196,1.3152414612141543,2.842895831533676,2.161501074418079,0.2432107034466721,1.0493678649128224,0.7437766728345466,0.0516513272439716,6,ok
sub-11510,11.8,m,ASD,6.786307155424642,76.80985769160823,0.4028293772699798,64.0,62.998046875,75.05324199297654,14.626148731203893,12.128224196626316,18.39209363743712,12.603684570241263,0.5651455149219207,0.110133848139356,0.0913246560266149,0.1384911424638294,0.0949048384482715,1.2059596272363775,0.7952410975894317,0.6594259705126038,0.1803161348447576,-0.196710927607421,0.7875126951446706,0.0802606093430405,6,ok
sub-11535,9.3,m,ASD,8.820223572600726,86.67489250619347,0.3875864407609445,64.0,62.998046875,81.53004002849708,21.09646863085604,14.047739285123969,24.683589447764835,10.35709671963681,0.5373896808891211,0.1390533420744116,0.0925929893939425,0.1626971635472769,0.0682668240952412,1.5017696586378786,0.8546758839713859,0.5691124994138751,0.428147621858453,-0.1316527982381946,0.7673552611183881,0.0784651775478496,6,ok
sub-11547,13.0,m,ASD,6.921700445442749,76.66646943247089,0.3791766358367092,64.0,62.66471354166666,15.998567644513292,5.023392363203301,1.996142255222804,2.996112706770767,0.5795495469770222,0.6015909343889178,0.1888936167743761,0.0750605373665762,0.1126622259473884,0.0217926855227037,2.516550285961502,1.6766366471626744,0.6662440470651034,0.9225021196651418,0.5116627174996008,0.7190245221388003,0.0335009628514898,6,ok
sub-11548,12.4,m,ASD,12.08451963512798,103.14359828759429,0.3918297430556683,64.0,62.998046875,5451.549642445665,668.4262533243028,285.4471096318667,747.8153872263418,338.0065184439184,0.7277227893575137,0.0892276599229008,0.0381040952499062,0.0998252488209359,0.0451202066487431,2.341681631270856,0.8938385927086959,0.3817079917151662,0.2854297949748068,0.0273167072857556,0.7232373883691826,0.0788626713584891,6,ok
sub-11551,11.7,m,ASD,8.67979170842066,81.85507496760775,0.421664364951239,64.0,62.66471354166666,32.5521576384967,14.446843768147083,18.63537679295916,8.48523938638352,4.237267917328944,0.4154345521698785,0.1843723582854199,0.237826920675279,0.1082896459178994,0.0540765229515101,0.7752375456988149,1.702585290796698,2.196211084257873,-0.1811510459565022,0.6046759828199749,0.7774990389023321,0.0412765341813641,6,ok
sub-11562,12.0,m,ASD,8.924627579585504,88.9766368790338,0.4150378347031029,64.0,62.998046875,9470.289315675896,1153.1967410710708,143.8444851612178,169.4093041704245,71.74940447777162,0.8602714777776846,0.1047552225218175,0.0130666871618144,0.0153889693957653,0.0065176431429176,8.016968740779912,6.807162963794225,0.8490943627069648,2.0815603879363263,1.9179754347983449,0.62030919158351,0.060236478901413,1,ok
sub-11576,10.8,m,ASD,2.1926695034453627,39.73952793933697,0.3630081961974731,64.0,203.33138020833331,275253.24689084885,18564.35133137298,3827.264476283976,1463.248793958961,127.043896658601,0.9198559792645734,0.0620393392856264,0.0127901565285904,0.0048899628523131,0.0004245620688965,4.850553560227892,12.687077828470526,2.6155938020143106,0.8578938909102766,1.4637492972632329,0.5898741757343942,0.0366686666193367,3,ok
sub-11593,9.5,m,ASD,5.705701535053009,59.36090068126104,0.4280555611922272,64.0,107.498046875,1195.903575134613,140.1069228444708,53.95247468307566,48.141446455859096,12.2781594738532,0.8245435327109867,0.0965999763872618,0.0371987884296406,0.0331922398727361,0.008465462599374,2.596858136118422,2.910318097170844,1.1207073873973348,1.2978776373793648,1.2294878458717102,0.5454437789049005,0.0700695861886168,2,ok
sub-11601,12.9,m,ASD,8.520570723377217,85.63815812342166,0.4044448336788462,64.0,62.998046875,198.99130540659235,25.752335362110585,25.28779129906654,14.99817729760173,4.787727565416557,0.7375037781861878,0.0954435903009314,0.0937218919537151,0.0555864106740069,0.0177443288851548,1.0183702901352312,1.717030999908687,1.6860576320236245,0.0107875775920731,0.5330298448644923,0.7542343620403614,0.0606321428523176,6,ok
sub-11613,10.2,m,ASD,6.270781668437401,65.55266376775415,0.3742092099600478,64.0,62.498046875,151.8652318385884,48.77411830782278,63.19287921596875,18.20740591675388,7.269355532302289,0.5249239970477432,0.1685883254821218,0.2184269456636277,0.0629341171378283,0.0251266146686752,0.7718293407890309,2.678806554366963,3.470723918876176,-0.2808049994600019,0.9822760081514064,0.7326033158114512,0.0555391625473885,6,ok
sub-11636,10.7,m,ASD,7.33215840247497,76.5741111167709,0.3925943836398529,64.0,62.831380208333336,56.56142342110193,12.81638940977458,10.551400116273433,4.274565965458506,1.0669666036768133,0.6633156902597855,0.1503023027672101,0.1237399773203363,0.0501293373193516,0.0125126923333047,1.2146624399170154,2.998290238900746,2.4684143844155604,0.1902584610707637,1.0920676323694245,0.6940763845484298,0.0473749924679209,6,ok
sub-11638,10.9,m,ASD,6.666306115582885,68.90388299196563,0.3636009351064121,64.0,62.66471354166666,1540.6994560075848,313.1272792252092,119.37756066023132,64.64998191225156,16.62245854030678,0.7499230479231979,0.1524121805254347,0.0581060659136861,0.0314678578581757,0.0080908477795052,2.6229994774011143,4.843424080925611,1.8465211764832172,0.9199974039553456,1.1325528262846334,0.7134395934707006,0.0516519312484787,6,ok
sub-11674,11.7,m,ASD,6.120132907328191,71.12674584418902,0.4038957080647569,64.0,62.66471354166666,60.10960378761453,11.718935536789823,15.512835055707432,8.188439792722066,1.9024478972063927,0.6169373728016647,0.1202777733761884,0.1592166159968215,0.0840423861537324,0.0195258516715826,0.7554348057402618,1.431156097307359,1.8944799556923453,-0.2982718320634169,0.3469149066236398,0.7248366950081001,0.0673653945222982,3,ok
sub-11731,11.5,m,ASD,12.865096451739232,106.48854948586389,0.3943463855111395,64.0,62.998046875,145.7388990836225,43.191738538594585,21.132052607573225,27.27181290745034,15.579936725804677,0.5762379528924501,0.1707760876048951,0.0835541561763585,0.107830193176072,0.0616016101502201,2.043896981550844,1.5837501777079708,0.7748679077289878,0.7529916481615548,0.0352424612045276,0.7694904147896957,0.083426918954465,6,ok
sub-11755,8.1,m,ASD,4.676781924961949,61.22592045556433,0.4366464888780113,64.0,62.498046875,310.6328093016991,28.82422089474801,12.15633799635973,8.00652015836409,6.500593914223465,0.8484442262821174,0.0787287854435134,0.0332031082258538,0.0218685393093093,0.0177553407392031,2.371126971245549,3.6000934644038707,1.5183048010762794,0.8680524394643764,1.294051386838842,0.6144544450362409,0.0774880052501004,6,ok
sub-11759,11.6,m,ASD,4.704329000358971,64.62444053018312,0.3808034917120772,64.0,62.998046875,78.26238447407572,21.348200687197256,14.38595855907586,12.722613462969726,6.105648871588429,0.5892151232784265,0.1607245011023934,0.1083077701098159,0.0957849203085632,0.0459676852007932,1.4839609470254973,1.677972906221774,1.1307392620978634,0.3947148283784086,0.5175864614437723,0.7610909255513165,0.0481423503637595,1,ok
sub-11776,11.1,m,ASD,9.953525031742142,92.71298036527804,0.4014578696826707,64.0,104.83138020833331,74.53897558485487,28.717663947058032,20.74344167134481,5.207703500250255,1.030524443188322,0.5723275745302864,0.2205008966655974,0.1592729651302513,0.0399859575448297,0.0079126061290273,1.3844213704771808,5.514458329986048,3.983222483834575,0.3274215020911932,1.7183338276399145,0.7179358737044358,0.0412692801720859,6,ok
sub-11777,12.5,m,ASD,6.967573581705877,76.1639677322333,0.458445746799629,64.0,62.831380208333336,32.66924118005086,8.510859258217806,20.672025903547983,10.317982854693083,3.611461032132167,0.4310974433689284,0.1123077713029623,0.2727843437550552,0.1361542499523615,0.0476561916206792,0.4117090070381857,0.8248568909325003,2.0034948879706085,-0.8431570675545658,-0.1846371508251104,0.7922033853292537,0.0672046177604747,6,ok
sub-11791,9.3,m,ASD,8.275035853127331,81.89745079532592,0.4056650601717406,64.0,62.66471354166666,464.2904642109275,32.7189296486824,15.32127376717182,11.921108085056437,9.880319031776455,0.869242774924034,0.0612562509736239,0.0286844282864635,0.0223186515140577,0.0184978943018187,2.135522812651882,2.7446215079363365,1.2852222845270846,0.7961113215110585,1.0903524054062532,0.6517765331347237,0.0755970388707895,6,ok
sub-11831,8.0,f,ASD,6.813870189464786,72.43987288881348,0.400341816004721,64.0,62.831380208333336,82.65234661521775,39.436992737688165,44.49219293621119,14.523296059055054,6.7059954215570725,0.440082977946764,0.2099825342656544,0.2368989818753037,0.0773293879849101,0.0357061179273624,0.8863800620982744,2.715429925639854,3.063505195741563,-0.1231977539568194,1.005635811479937,0.7410880264264037,0.0515321016514895,6,ok
sub-11847,8.3,m,ASD,9.156196508791837,86.75911678042077,0.4296832637576178,64.0,62.831380208333336,167.32136541517414,18.601297998207567,8.51289314152051,21.99979984089181,23.473097579205984,0.6974383880303333,0.0775349834072369,0.0354839231401473,0.0917008111901894,0.0978418942320887,2.185073592370144,0.8455212380447128,0.3869532088058776,0.8745287221592073,0.0516341277965231,0.699271305967783,0.0975938951724967,6,ok
sub-11868,10.1,m,ASD,9.601197625996424,89.80796239782156,0.3930071063163156,64.0,62.831380208333336,214.40298616267123,18.55605284317361,35.29145814782071,28.013973112836165,21.116722435822904,0.6755377794668557,0.058466138731092,0.1111958079410233,0.0882660149907203,0.0665342588703056,0.5257944504715497,0.6623856162220153,1.2597805390071108,-0.6207237762239729,-0.3056083552444291,0.7108174276706714,0.084438897502066,6,ok
sub-11876,10.6,m,ASD,8.040762442869694,79.92047069365823,0.4138012945919931,64.0,73.16471354166667,165.2585374402819,24.34792300472741,49.21524192956968,25.06355516985178,23.684612505848133,0.5746726435957543,0.0846678513311228,0.1711418582237585,0.0871564019049337,0.0823612449444269,0.4947232208991358,0.9714473002622488,1.963617754785534,-0.7769073480172995,0.0049692421969496,0.7272798954005736,0.0810515951852975,6,ok
sub-11883,10.8,m,ASD,9.82222103250675,91.40523103966696,0.3866801860824405,64.0,62.998046875,76.78856898701139,24.115874244798874,30.687251930205605,8.134783277329637,3.127795257959847,0.5375307787411284,0.1688145102042796,0.2148150778829954,0.0569446266239567,0.0218950065476327,0.785859688565359,2.964538011971759,3.7723502746191633,-0.2377843917401336,1.0955682897852277,0.7417122564977926,0.0640028644412108,2,ok
sub-11936,12.0,f,ASD,6.751888703306337,71.30447352453692,0.3665703418880778,64.0,62.798046875,18799255.64250676,1923777.789064528,187633.4073031326,61980.14229062931,3141.559197074665,0.8962359439471261,0.0917142058980404,0.0089452373598295,0.0029548420633324,0.0001497707316714,10.252853245672576,31.038615239761736,3.027314884552962,1.9724519587080565,3.066615565360313,0.4792460030887159,0.0253023179183902,5,ok
sub-11955,8.5,m,ASD,8.592562505985175,85.5740065219743,0.394683304794531,64.0,62.998046875,95.75362129913913,17.303681057976974,24.816026794241,15.10953698137026,8.992629437680181,0.5911611565807269,0.1068290051963773,0.1532085251960461,0.0932828569417918,0.0555184560850515,0.6972784644958516,1.1452158381365956,1.6424081574992666,-0.3668478263449857,0.1151321935516822,0.755521635388832,0.0741852021324125,6,ok
sub-11976,8.3,f,ASD,6.125625236673007,67.04029090384783,0.4523475074293495,64.0,62.498046875,33.36527232125371,9.95982842150003,4.66931096022123,15.532243211014237,9.268550686888814,0.4583443654818226,0.136819840527791,0.064143111097482,0.2133690410351238,0.1273236418577667,2.133040293599552,0.6412356725419203,0.3006205154520001,0.782803176154347,0.1327461903020662,0.7597620341931433,0.0612750640519351,6,ok
sub-11990,11.7,m,ASD,7.776962577228602,81.40256552022423,0.3858309140288516,64.0,62.998046875,1219262.834589586,42200.064454493615,2247.5917135518976,884.5350386802884,51.345101026661446,0.9641136547321524,0.0333690630247491,0.0017772491704199,0.0006994327102308,4.0600362447748285e-05,18.775680743102715,47.708753875318905,2.54098663734708,0.6092736761265891,1.6901876239284013,0.646194990622619,0.0540469023693218,6,ok
sub-11993,8.6,m,ASD,7.306686224325969,71.90889383648557,0.4341391002743211,64.0,62.498046875,5449.4100324851215,718.7955660024132,187.66664123856967,138.93801579793015,33.22959725604812,0.8347697249679614,0.1101089426861113,0.0287477781188251,0.0212832670956751,0.0050902871314268,3.830172273870701,5.173498137815758,1.3507220479635216,1.0320408123954354,0.8239125232951192,0.737861862138157,0.0551655038991771,6,ok
sub-2713,9.9,m,ASD,6.036419600323943,70.1508521833588,0.453324633406635,64.0,62.831380208333336,414909.4919103261,325990.8657368941,76358.14602523891,33102.5641510528,3540.377630745404,0.4858985707532128,0.3817663823762166,0.0894226686601028,0.0387662584801492,0.0041461197303185,4.269234950114468,9.8479037529945,2.3067139354161,0.8459937392361018,1.5486710971294748,0.718237591690226,0.0330870677902104,6,ok
