participant_id,age,group,dataset,mean_abs_uv,std_uv,line_noise_60hz_ratio,n_channels,duration_s,delta_abs,theta_abs,alpha_abs,beta_abs,gamma_abs,delta_rel,theta_rel,alpha_rel,beta_rel,gamma_rel,theta_alpha,theta_beta,alpha_beta,log_theta_alpha,log_theta_beta,spectral_entropy_mean,spectral_entropy_std
ASD10,17.0,ASD,sheffield_orda,5.327139239062754,6.823793462879617,0.3972118922320072,64,160.0,3.6493356215498127,1.6656028190467895,8.311058837059544,2.775109415768874,1.4852828009832149,0.20402863432502627,0.09312124280685091,0.4646582721268225,0.15515201749555396,0.0830398332456906,0.20040801680040565,0.6001935669930031,2.9948580729217413,-1.607399906576925,-0.5105030641383355,0.8034417369007387,0.07932212087163179
ASD11,20.0,ASD,sheffield_orda,6.625892007843085,8.74605735717476,0.4017708624235456,64,160.0,12.554359114286019,4.262511205665968,10.734725468298333,7.613225833944457,5.12031324751642,0.31163750983802296,0.10580853755241304,0.26646864911873686,0.18898350119880947,0.12710180229199267,0.3970768715281606,0.5598824070948353,1.4100101195520687,-0.9236253859854836,-0.5800285046337851,0.8519649412587299,0.07043091255231644
ASD12,23.0,ASD,sheffield_orda,9.060846523294837,11.619218216835051,0.39265865481345563,64,160.0,18.58696335573523,13.385017877314537,45.95765737100678,9.292564828458415,2.3723327560239174,0.20745643815401218,0.14939547037943846,0.5129515629646763,0.10371798575867884,0.026478542743183092,0.29124673978178933,1.4404008069248624,4.94563753058325,-1.2335844680470724,0.36492141300137515,0.7695486762048812,0.0523242078487616
ASD13,27.0,ASD,sheffield_orda,4.64140439434479,6.556620329325844,0.44056366940470204,64,160.0,13.275445059441546,2.0726553503011056,1.5802877135602367,2.4928508350692886,1.658412011937005,0.6297753733275501,0.09832493684171315,0.07496745158570257,0.11825863903441126,0.07867359921057564,1.3115683508228386,0.8314397801674582,0.6339279074897711,0.2712236354924845,-0.1845964061012896,0.7439971996539103,0.08570979353180026
ASD14,1.0,ASD,sheffield_orda,5.008497692663771,6.741538319539954,0.398513044122756,64,160.0,8.067930222809101,5.750468515223577,5.997397943893743,3.4957138184487224,2.024624607623766,0.31843571201440446,0.2269670764980986,0.23671321290041822,0.13797344399797376,0.07991055458906553,0.9588272395827033,1.6450055164337773,1.7156432864271098,-0.0420443667473791,0.49774373766707003,0.8025971453010212,0.07021008387868576
ASD15,2.0,ASD,sheffield_orda,3.6347665074940356,4.66748385847613,0.4013743626725309,64,160.0,6.975335779308672,2.2530948754120432,1.6364545034277032,2.0263944979476682,0.7739159911971814,0.5104453649509072,0.1648783474137935,0.11975346315306681,0.14828872928349895,0.05663409519866026,1.37681485839744,1.1118737628299253,0.8075695552293969,0.31977275783695036,0.1060466667496933,0.804503933285394,0.05707612178243674
ASD16,2.0,ASD,sheffield_orda,5.96937770954382,8.02467831360556,0.40355731501851155,64,160.0,16.375831503771796,3.757599671718733,4.1801358178013,5.883317950507458,1.9738436675746138,0.5090289281785692,0.1168018205963207,0.12993600077566445,0.18287798270217726,0.06135526774723726,0.8989180819713856,0.6386871665492746,0.7105065293029144,-0.10656336993970433,-0.44834051169702477,0.7988905314963709,0.10260390504030066
ASD17,6.0,ASD,sheffield_orda,12.844070462579884,18.387511880173633,0.36526931222739684,64,160.0,307.5399229985322,42.08231727374386,12.742262490880472,17.61813231569589,10.296728022866619,0.7879994487906777,0.10782614007386238,0.0326490808778926,0.045142362065154866,0.026382968192409758,3.3025781178074545,2.388579931157095,0.7232470651572838,1.194703411277672,0.8706990182898864,0.6768082466472469,0.078632289797913
ASD18,10.0,ASD,sheffield_orda,9.922817853867873,13.496773154052892,0.38836770854721075,64,160.0,14.162214627656068,10.130244047048741,27.967385187960865,9.215493076858738,1.8675876966138294,0.2235800558469328,0.15992700219069297,0.4415234274169359,0.1454857528255175,0.029483761719904997,0.36221634518085555,1.099262292593541,3.0348224402867223,-1.0155136070499589,0.09463931172596712,0.7932660270575247,0.04507098536946116
ASD19,15.0,ASD,sheffield_orda,6.750408676233192,8.72492914592507,0.39432485271777273,64,160.0,20.638791467235745,4.9741465146116,4.842048715681717,9.836860972445917,1.469819654150311,0.4942042018354097,0.11910794834903458,0.11594481317283034,0.2355476110687522,0.03519542557394915,1.0272813857698369,0.5056640048633606,0.49223514790381934,0.026915881510109593,-0.681882852263897,0.8306416483034913,0.08189387264308536
ASD1,26.0,ASD,sheffield_orda,6.9112591695330075,8.909042806195737,0.3971022478268133,64,160.0,10.204115011394853,2.513545138399987,7.994629438878596,3.2630990812077583,1.192777723600835,0.405437362891763,0.09987001433091436,0.31764846568038835,0.12965183995496374,0.04739231714193091,0.31440420817706427,0.7702938451592736,2.4500112438869386,-1.157075833729163,-0.2609832198413257,0.7867597900488038,0.04960488572345471
ASD20,15.0,ASD,sheffield_orda,5.0172679821077555,6.402907095464706,0.4040730006924888,64,160.0,9.222283602632219,2.772082706512658,2.7414878095518116,2.703458882327694,0.7139540118405712,0.5080233544791698,0.15270434266999827,0.15101897678301152,0.1489240961647093,0.0393292299030562,1.0111599609720083,1.0253837129288437,1.0140667673814814,0.011098148069147001,0.02506689661464801,0.7855812775827713,0.053326762299328
ASD21,15.0,ASD,sheffield_orda,7.010879229473014,9.200566386352524,0.39284705459823904,64,160.0,10.513133277792608,4.075745771729315,5.283444261796244,6.790331453248798,1.8090517435387812,0.36924844230180603,0.14315073705079212,0.1855682328100667,0.23849400988013797,0.06353857795716215,0.7714183342861438,0.6002278091710377,0.7780834114169243,-0.25952446594270495,-0.5104460138749684,0.8561179281232443,0.04550218028458929
ASD22,4.0,ASD,sheffield_orda,5.238306421568636,7.109675814550229,0.41057858652515916,64,160.0,14.143945815223013,2.6931868936646173,3.121783271568651,3.53959462342902,2.14553886882011,0.5515488429499701,0.1050219036790988,0.1217351914287656,0.13802791275988985,0.08366614918223657,0.8627078369570694,0.7608743882243788,0.8819606773341485,-0.14767918871994273,-0.27328699621021657,0.7781239588716423,0.08438297327280947
P51,3.0,CTRL,sheffield_orda,6.950317754858531,8.889982045878561,0.3992003972683835,64,160.0,11.663532949216975,4.814075702202912,16.414722930096886,5.936526260163148,2.4779699611606545,0.28236331787295027,0.11654430897430818,0.3973852218438252,0.14371779620788896,0.059989355101003186,0.29327791414473814,0.810924687473681,2.7650383761029653,-1.2266346070791576,-0.20958009295953545,0.7951383570533626,0.05154122758334474
ASD24,9.0,ASD,sheffield_orda,10.716513311940266,13.494955339430078,0.4112008373046587,64,160.0,14.186715366127842,9.881940407305557,7.415294117122669,5.26436987168475,1.9832965924201766,0.36628255418574174,0.25513885908652767,0.19145325744274327,0.1359191886927563,0.051206140592205206,1.3326430821517676,1.8771364186348811,1.4085815202699945,0.2871642500188102,0.6297474340443934,0.817619403938511,0.04325309673752577
ASD25,19.0,ASD,sheffield_orda,4.696083404988699,6.0491683411113595,0.3938302762956271,64,160.0,4.688144626844263,1.9912754844204263,2.440128163293948,3.8615849463621315,1.0925395413827943,0.33311451147288007,0.14148939783181055,0.17338247126433665,0.274383596349145,0.07763002308175673,0.8160536460230727,0.5156627426507409,0.6318980929299712,-0.2032751835031485,-0.662302326703419,0.8780933505857154,0.0547632480126889
ASD26,25.0,ASD,sheffield_orda,6.330202845433662,8.198812503519257,0.3975957493403313,64,160.0,11.51703190784063,4.7388943242901345,14.278174349116476,7.251745169784532,1.0892105554437137,0.2962576264081686,0.12190064207059802,0.36728369565699553,0.18653979849223803,0.028018237371974015,0.331897776873907,0.6534832944812766,1.9689294114479685,-1.1029282584588849,-0.4254383093946957,0.8192052883885181,0.054495474814171725
ASD27,6.0,ASD,sheffield_orda,7.46250021250863,9.6292162002538,0.3918800452673645,64,160.0,11.816922305877371,5.361221396456164,11.217489792001558,21.746943149721197,2.523788219729065,0.22437322827273282,0.10179592630556825,0.21299153304037427,0.4129190082886184,0.04792030409268732,0.4779341453270958,0.24652758594831067,0.5158191528240076,-0.7382823272640557,-1.400281381219909,0.8769664498368999,0.04589185630078314
ASD28,26.0,ASD,sheffield_orda,8.878605465519605,11.316622898502235,0.3773128407772951,64,146.884765625,29.765435561695405,7.83535251163839,9.149592724262167,12.362272120402563,4.590087500540536,0.4672551818984613,0.12299867258705853,0.1436294995183483,0.19406185729499079,0.07205478870112525,0.8563607963511168,0.6338116840759696,0.7401222554518142,-0.15506350057828516,-0.45600339693775893,0.8228441256961965,0.09312860067749089
ASD29,28.0,ASD,sheffield_orda,12.199871467774546,15.8606560576082,0.4003697720646058,64,160.0,16.367172277982956,22.266183922799723,105.70179663927925,12.992561273943286,3.9608463166363927,0.10147757679951006,0.13805184858336333,0.6553582991692283,0.08055475998578555,0.024557515462106425,0.2106509504165353,1.713764011061704,8.135562681644391,-1.557552778739401,0.5386921275352369,0.7034608261551858,0.04440938503535494
ASD2,26.0,ASD,sheffield_orda,4.179834804341554,5.553762960436801,0.3803621505150596,64,160.0,8.302255089648193,2.8328770345549246,1.9128153871464666,3.1191227456228643,1.305994172465418,0.47514590947541163,0.16212823148422972,0.10947223338361463,0.17851034420543443,0.07474328145125252,1.4809986648944322,0.9082287763536901,0.6132542843432983,0.39271663379636607,-0.0962589757794948,0.8321855443993754,0.06456011053759916
P10,25.0,CTRL,sheffield_orda,7.404280163303769,9.759680243666864,0.4114466411608173,64,160.0,14.856685821188602,4.490653492116913,28.253881969959785,9.714329709279621,1.3844812449637993,0.25309501979617444,0.0765017210543771,0.48132651538656834,0.16549104555809932,0.02358569820476361,0.15893934493289544,0.46227106002246865,2.908474677667913,-1.8392326279525442,-0.771603849941856,0.7567709024912052,0.08618115518172945
P12,12.0,CTRL,sheffield_orda,8.907584529114526,11.259587835359739,0.40184586775254044,64,160.0,9.101014855577153,41.148047077192246,14.89224098686365,6.650755884163274,1.4047315432717136,0.12433625589897986,0.5621564399488715,0.2034548361512954,0.09086130488274322,0.01919116311809651,2.7630527274898324,6.186972998838741,2.23918021443588,1.0163361291793525,1.8224459523626506,0.7446068877142975,0.058084104893712844
P16,26.0,CTRL,sheffield_orda,5.876307956487342,7.529762877446528,0.40028018853078035,64,160.0,7.168411189816477,1.906657464770772,7.18525591584305,3.155974543779324,2.2447180045153865,0.3309360382536869,0.0880225270272494,0.3317136899186224,0.1456983541668953,0.10362939063349992,0.2653569319036283,0.6041422192483589,2.276715422183453,-1.326679446424925,-0.5039456464319815,0.8112509178233979,0.06693873188582615
P17,7.0,CTRL,sheffield_orda,5.268757427717281,6.881756488975081,0.406488535548829,64,160.0,9.107228971866208,4.306555127976032,1.8295871752724528,3.8522852275877977,0.8300028491997361,0.45706035675031853,0.21613112278589094,0.09182065912903893,0.19333288598150414,0.0416549753531974,2.3538398094271553,1.117922187363984,0.47493554271878735,0.8560479561519936,0.1114717724576338,0.8240869496698136,0.02932136988560099
P18,22.0,CTRL,sheffield_orda,6.923779710347516,8.96890619680864,0.3983341479153168,64,160.0,11.190097866320984,5.746526256013086,24.34711883107962,8.047164253929564,1.4361006087253616,0.22042066979529384,0.11319410978155185,0.4795854606852142,0.15851169096048912,0.028288068777431136,0.23602489871110688,0.7141057488923812,3.0255526124233754,-1.4438179765082397,-0.3367242199168295,0.8108261562166119,0.0596916797260105
ASD3,27.0,ASD,sheffield_orda,7.220640127031647,9.553812787799854,0.4068975157866962,64,160.0,19.56941038195014,3.4875686430061754,29.642863763166652,5.390884968963086,2.1354367435026296,0.32493203816355487,0.0579078656581564,0.4921924550396434,0.08951068051013449,0.0354569606284943,0.11765289180121685,0.6469380561975425,5.498700850384279,-2.140016584414704,-0.43550472909902954,0.7463680975843963,0.08067301045729686
P26,8.0,CTRL,sheffield_orda,4.986641104619047,6.367319178139664,0.3893029838552255,64,160.0,4.1966224173005715,3.4800226131130523,11.148244244285243,2.053993014228457,0.5981144224073651,0.19540080364614335,0.1620348813144938,0.5190783606350851,0.09563688265335286,0.02784907175087831,0.3121588060735799,1.6942718835967228,5.427595988425228,-1.164243226840209,0.527253081342707,0.7697170785848864,0.054273128894944234
P37,8.0,CTRL,sheffield_orda,5.466005286680137,7.0092731035955715,0.41502879340080495,64,160.0,10.597642634122066,4.310518539886033,4.63432921209702,3.7139143330991993,2.446120878414038,0.4123191160289575,0.1677079757595995,0.18030637473720734,0.14449608537470704,0.09517044809948969,0.9301278227350201,1.1606402714970048,1.2478287856005827,-0.0724332584780403,0.1489718110326879,0.8283915656267972,0.049081098711848806
P38,12.0,CTRL,sheffield_orda,8.743063296645682,11.479315965172956,0.398828097660146,64,160.0,22.564797442816843,5.038714632980591,45.68964537910912,9.55129784963677,1.8374878679442632,0.26646527698183103,0.059501641604010405,0.5395441302763202,0.11279025364571217,0.021698697492114533,0.1102813250392255,0.5275424044253507,4.783605966265819,-2.204720677671598,-0.639526029326412,0.7353986788570446,0.07475513168551108
P41,11.0,CTRL,sheffield_orda,5.4844316238596384,7.130015730604192,0.4108630451056169,64,160.0,8.711665803018821,3.683220992710969,10.99274502738969,4.2812435128694855,1.0302122775212446,0.30355201253566916,0.12833930619372547,0.3830346516735406,0.1491769902418056,0.03589703935522439,0.33505925804095926,0.8603156960444526,2.567652364165401,-1.0934478731254276,-0.15045586867100116,0.8252387819090065,0.029551096961530868
P42,14.0,CTRL,sheffield_orda,4.865348429051362,6.368827336703681,0.40163977985584454,64,160.0,7.726925362331513,2.1322865412875798,2.0261114826575746,3.08492099546898,2.1950283129121027,0.45014871011841656,0.1242209535040521,0.11803549635934603,0.1797187292240864,0.12787611079404063,1.0524033645422546,0.6911964826388467,0.6567790506248934,0.05107646719784511,-0.36933115027958674,0.8322193935341058,0.06637645443122835
ASD4,2.0,ASD,sheffield_orda,8.414971485030957,10.729120337086325,0.3746863955812323,64,160.0,12.552371421453882,12.33049149199397,34.58810403573156,12.887409516895174,1.7919587313035132,0.16928273335570243,0.1662904349544977,0.46645917302547957,0.17380109587624212,0.0241665627880648,0.3564951544974967,0.9567858828283488,2.6838678471716495,-1.0314346310924551,-0.04417565046357187,0.7775130279218576,0.06413850644704423
P43,4.0,CTRL,sheffield_orda,7.446335905660567,9.493738114153103,0.39378925910367735,64,160.0,6.767712302006449,8.669610580088396,18.272085031348617,14.394630310620983,1.3787508897543734,0.13676901450400109,0.1752045657763277,0.3692614211644245,0.2909017573263827,0.027863241228843923,0.4744729769598735,0.6022808778695051,1.2693681349958261,-0.745550613112533,-0.5070313679511922,0.8631832695049872,0.030612947968373983
P44,4.0,CTRL,sheffield_orda,7.19156414109433,9.399941916993601,0.3987085505517871,64,160.0,5.676467850794889,4.0376944806357065,38.00855057982277,9.685105245936386,1.119389681346102,0.09698852995780975,0.06898833260207424,0.6494167752659523,0.16548039114825655,0.01912597102589007,0.10623121426732468,0.41689732616270736,3.9244334072431712,-2.2421372937053126,-0.8749153077335818,0.7374297182020852,0.04958716787804275
P52,16.0,CTRL,sheffield_orda,7.956141721127035,10.440360580994497,0.415852340065447,64,160.0,26.417157840416884,6.275953164996273,10.006889059979054,15.34145538541433,7.777276741861621,0.40136230158743785,0.0953520822404307,0.15203709835501228,0.23308646147278797,0.11816205634431604,0.6271632599681066,0.40908460164494154,0.6522776886925805,-0.46654838951850214,-0.8938332943420528,0.8567263674011865,0.04304640657944825
P53,9.0,CTRL,sheffield_orda,7.733983936794657,9.786112964030771,0.3866585714358628,64,160.0,9.607234803447952,3.576160289447259,23.037854962489597,3.109988410405144,0.8968992188689552,0.2388187809924757,0.08889698840846284,0.5726801261116933,0.07730878408500297,0.022295320402340363,0.15522974232062117,1.1498950534610628,7.407698011157863,-1.8628490509292859,0.13967068035124106,0.7138227832655362,0.05818103469909746
P54,10.0,CTRL,sheffield_orda,5.58519788472441,7.105839265975116,0.3913235505468221,64,160.0,5.692089279464847,2.434849432277641,2.991862045197146,3.179484998482874,0.7884373329348229,0.377291294214656,0.1613902116461919,0.19831092727524216,0.21074722322810602,0.0522603436357376,0.8138240986697584,0.7657999435250332,0.9409895145357831,-0.20601103133137164,-0.2668343136849005,0.8438261460966792,0.047368119682743945
P56,25.0,CTRL,sheffield_orda,8.30898923095125,10.97052698267756,0.39161339465779765,64,160.0,23.632513313723468,7.277704214002169,18.00883048098912,7.462005877631287,4.886019102232791,0.38572943280852606,0.11878654975664875,0.2939397885769075,0.12179471800492579,0.07974951085297553,0.40411864733161973,0.9753013242481393,2.413403416763773,-0.9060467626229137,-0.025008805219512424,0.7971453765520891,0.08515420718750913
P60,17.0,CTRL,sheffield_orda,5.2421052026165,6.751559660239641,0.3887032572458905,64,160.0,12.668574145876232,3.741039793382299,3.5360190947912264,2.741297782811818,1.0284093531536156,0.5341932291527229,0.15774767583187257,0.14910260908936449,0.1155917546684698,0.043364731257528225,1.0579806536938736,1.364696610794197,1.2899069619364565,0.056362047535610145,0.31093214077864034,0.773554556418756,0.05759164418699311
ASD5,6.0,ASD,sheffield_orda,6.929217606969984,8.857613286868542,0.39763229624103474,64,160.0,27.435551265831926,7.386999177865176,4.7564869342858715,5.636887235401746,1.773774519149721,0.5838630970683463,0.15720464940688358,0.10122403467343129,0.11996006230009658,0.03774815655122099,1.553036785324985,1.3104748896644174,0.8438144556826546,0.44021223050881786,0.27038958271609975,0.7719241753680882,0.05392042619521919
ASD6,7.0,ASD,sheffield_orda,9.04362164827501,11.622799772549117,0.4510530232523274,64,160.0,13.227821415073873,8.697399037596266,33.223125252196006,5.998755953457955,1.552557701026578,0.21097118469593307,0.13871525182854194,0.529877284688003,0.09567445843807823,0.024761820349427678,0.2617875040826003,1.449867123295996,5.538335866629005,-1.3402221574222999,0.371471913127269,0.7668662911960782,0.043238682015158306
ASD7,8.0,ASD,sheffield_orda,6.7314868275345665,8.532886365325368,0.3948384154931861,64,160.0,9.274423857406365,5.316344860825703,16.710342822528176,2.2030105430384674,0.4933696245213929,0.27279729742933917,0.15637462041131972,0.49151693206938,0.06479920818685769,0.01451194190307391,0.31814696546249877,2.4132180745221516,7.585230527073699,-1.1452418474203037,0.8809611574132936,0.7388963750187285,0.042941360771340135
ASD8,9.0,ASD,sheffield_orda,6.742824229141612,8.891244895822968,0.3932508853618417,64,160.0,17.31639085054736,4.152645625126376,3.370706448570638,8.353847736638773,6.51210261084394,0.4361185871265788,0.10458564711885317,0.0848922703729922,0.21039420416283272,0.1640092912187179,1.2319807994214655,0.4970937651775688,0.40349148737614665,0.20862328010494918,-0.6989766083506543,0.8309700963610216,0.08416528091243619
ASD9,13.0,ASD,sheffield_orda,6.348125900864588,8.17645178294103,0.40615469377450353,64,160.0,9.670713564878644,3.6677926901912126,15.71161057127069,6.300613097444286,0.9976643533742462,0.2660561424292502,0.10090659472393561,0.43225047168433667,0.1733395167170657,0.027447274445384227,0.23344473016010753,0.582132664466954,2.493663763871057,-1.454809931560949,-0.5410569114066189,0.7989879631783123,0.04368989054834369
