participant_id,age,group,D_SE,D_C,D_G,D_D,NAI
ASD10,17.0,ASD,0.8216694897418197,1.232371394714962,1.3222131475979795,3.2001568233722253,1.6441027138567466
ASD11,20.0,ASD,0.7737306897127326,1.56474629800428,1.6121058649885274,4.50760585318406,2.1145471764724
ASD12,23.0,ASD,1.5839286228822562,2.418103271576986,2.529497903035083,4.180592044885174,2.678030460594875
ASD13,27.0,ASD,1.8102711895429642,1.9641565435800268,2.4596879893450785,3.245520903350541,2.3699091564546526
ASD14,1.0,ASD,0.9271410448053586,3.7482147489238002,4.183560666475398,5.780008544924158,3.659731251282179
ASD15,2.0,ASD,1.34245764068255,3.054942484747728,3.2233484881564296,8.131026313573097,3.937943731789951
ASD16,2.0,ASD,1.5755907390139698,2.758027465698238,2.8273189385023456,5.085575727772335,3.0616282177467222
ASD17,6.0,ASD,2.841046735988989,5.636245197002267,5.522098715640432,7.339359468110214,5.334687529185475
ASD18,10.0,ASD,0.6672824809447557,2.0014347533681764,2.246345247765676,3.2198881199984752,2.033737650519271
ASD19,15.0,ASD,1.9402286367540527,1.7138866243023005,1.8468055510283796,4.448079283788291,2.4872500239682562
ASD1,26.0,ASD,0.29341914531037255,1.3814972396648975,1.4590898571209565,6.738633764962414,2.46816000176466
ASD20,15.0,ASD,1.0639502748980898,1.9147999961182118,1.9605816361732893,4.6048759485187745,2.386051963927091
ASD21,15.0,ASD,1.3286188554433407,1.3718246128832867,1.5027718203256248,5.832344496944337,2.5088899463991474
ASD22,4.0,ASD,1.4212179495150843,2.5306775216059387,2.6546960603392225,8.547698150945811,3.788572420601514
P51,3.0,CTRL,0.7005448034230548,1.687564538348799,1.7888041399013435,3.4317070547983577,1.9021551341178888
ASD24,9.0,ASD,1.322363609095745,1.6205592565065852,1.7998235855442846,5.712934362713559,2.6139202034650433
ASD25,19.0,ASD,1.6944199814328817,1.708526345715095,1.8607789854444632,3.218569283481398,2.1205736490184597
ASD26,25.0,ASD,0.4849748381432068,2.5692775917718755,2.8340604171916404,4.044990620543188,2.4833258669124776
ASD27,6.0,ASD,2.858049977328091,2.673416404098877,2.894545181863846,2.983698538945026,2.85242752555896
ASD28,26.0,ASD,1.3419601765582478,1.4924909196563956,1.5266465943914251,9.212985331282745,3.3935207554722036
ASD29,28.0,ASD,2.4431618599509015,2.1137047660794925,2.0957969799735525,4.977839003748365,2.9076256524380777
ASD2,26.0,ASD,1.706104972586724,2.275937754380078,2.399179052213633,6.73790410731981,3.2797814716250615
P10,25.0,CTRL,1.0735268682470882,1.5154439023159259,1.5601206132208187,2.715581364759973,1.7161681871359513
P12,12.0,CTRL,3.2881456758117844,3.44318319028203,3.602256343117887,4.081904046497431,3.6038723139272832
P16,26.0,CTRL,0.4269180702112325,1.2650534533905833,1.4980565155054413,1.882995331765796,1.268255842718263
P17,7.0,CTRL,1.949679439903401,2.0430736394397124,2.0548973129672325,2.451687473565061,2.124834466468852
P18,22.0,CTRL,0.77256483391492,1.6577673364051437,1.8019312112971397,2.6452807101902183,1.7193860229518554
ASD3,27.0,ASD,1.35371296983741,1.6247928248396903,1.674610382093346,4.922683624131703,2.3939499502255375
P26,8.0,CTRL,1.6208143309600023,2.8133417481664056,2.9073433153853077,3.8636844906771524,2.8012959712972174
P37,8.0,CTRL,0.8829658986798133,2.4141337028216094,2.72800845461822,2.916826579585392,2.2354836589262588
P38,12.0,CTRL,1.554119012294505,2.08365956393961,2.0226841258149793,3.5485842067115865,2.30226172719017
P41,11.0,CTRL,0.45497582687013594,0.8680973249352826,0.9034371213443478,2.6874429946366143,1.2284883169465952
P42,14.0,CTRL,1.4888641831033858,1.7915278934418495,1.7381060700200106,3.4354698473621226,2.113491998481842
ASD4,2.0,ASD,0.5058209152056432,2.761540474359671,2.974360903914918,6.907087953735753,3.2872025618039964
P43,4.0,CTRL,1.1930576013764531,1.2474724420165113,1.27951339884251,2.957591649482506,1.669408772929495
P44,4.0,CTRL,1.8360346216184207,1.5688641016612404,1.6657632034700716,2.8877128627572914,1.989593697376756
P52,16.0,CTRL,1.792383622437082,1.8651940181508537,1.774928089674128,3.759082314457887,2.2978970111799875
P53,9.0,CTRL,1.788423108226839,2.0154232500661897,2.021759980725168,2.8241095659337394,2.162428976237984
P54,10.0,CTRL,0.9981170678346017,1.1999859614466404,1.3335617081645748,2.968579259654342,1.6250609992750396
P56,25.0,CTRL,0.5173211898120503,1.553061014641281,1.596784181892933,3.1122290346111874,1.6948488552393628
P60,17.0,CTRL,1.2062610537714094,2.136584742881213,2.3237987903919746,3.070252690878304,2.1842243194807254
ASD5,6.0,ASD,1.5243245506568575,4.397670882062984,5.865863114966058,8.315901452276934,5.025939999990708
ASD6,7.0,ASD,1.5127454900893658,0.6120300527110887,0.546565735177926,4.481582882593874,1.7882310401430637
ASD7,8.0,ASD,2.308773812119231,2.547792309524356,3.0305328115005294,7.043137268080848,3.732559050306241
ASD8,9.0,ASD,2.226066206345691,2.576644638484708,2.63120427014529,7.072196473720141,3.6265278971739576
ASD9,13.0,ASD,0.7705875401814725,2.2498148991258673,2.4054196774360244,6.2002851263692795,2.9065268107781606
