participant_id,age,group,alpha_rel,beta_rel,theta_rel,spectral_entropy_mean,log_theta_alpha,log_theta_beta,plv_mean_theta,plv_mean_alpha,plv_mean_beta,plv_mean_gamma,plv_median_theta,plv_median_alpha,plv_median_beta,plv_median_gamma,mean_degree_theta,mean_degree_alpha,mean_degree_beta,mean_degree_gamma,degree_cv_theta,degree_cv_alpha,degree_cv_beta,degree_cv_gamma,clustering_theta,clustering_alpha,clustering_beta,clustering_gamma,global_efficiency_theta,global_efficiency_alpha,global_efficiency_beta,global_efficiency_gamma,mean_path_length_theta,mean_path_length_alpha,mean_path_length_beta,mean_path_length_gamma,laplacian_entropy_theta,laplacian_entropy_alpha,laplacian_entropy_beta,laplacian_entropy_gamma,mean_delta_theta,mean_delta_alpha,mean_delta_beta,mean_delta_gamma,cv_delta_theta,cv_delta_alpha,cv_delta_beta,cv_delta_gamma,mean_degree_cv_theta,mean_degree_cv_alpha,mean_degree_cv_beta,mean_degree_cv_gamma,temporal_cv_degree_cv_theta,temporal_cv_degree_cv_alpha,temporal_cv_degree_cv_beta,temporal_cv_degree_cv_gamma
ASD10,17.0,ASD,0.4646582721268225,0.1551520174955539,0.0931212428068509,0.8034417369007387,-1.607399906576925,-0.5105030641383355,0.2654506337641863,0.4211805746667074,0.2428223048566272,0.2020551850370077,0.2458205606020375,0.4057171400844482,0.2228382521384926,0.1780214210980872,16.723389927143742,26.534376204002573,15.297805205967514,12.729476657331489,0.1949715171897183,0.1421804680219137,0.1881353298972868,0.2243608531945636,0.2311035863288938,0.3852686490760538,0.206810840184442,0.1709956452050752,0.3053915053895591,0.4532866455825341,0.284210289371895,0.2408837183257345,3.786396567589596,2.5204791019352077,4.062904554677693,4.8849238311259535,4.119710345014504,4.130805926788115,4.1213335631002135,4.111789361814544,0.2459452485457257,0.2174463999945995,0.1698929070032153,0.205721545572977,0.1073155758310741,0.2440627691474257,0.1568840607614731,0.1090024144055408,0.1774263252603185,0.1576743750620215,0.1836884699850187,0.2102205620793993,0.1115745418354867,0.1833719045907532,0.0858947027379286,0.0617178385380277
ASD11,20.0,ASD,0.2664686491187368,0.1889835011988094,0.105808537552413,0.8519649412587299,-0.9236253859854836,-0.5800285046337851,0.2477222899213135,0.4150692795351405,0.2297079402249076,0.187116255882773,0.2369995518723836,0.402476916329846,0.2115394293479708,0.1543459555487298,15.606504265042751,26.149364610713853,14.471600234169184,11.788324120614702,0.1753431109357873,0.1595296264479773,0.1785166621600415,0.2134743399086149,0.2152029371924999,0.3910277867776356,0.1957190031652858,0.1592467922225753,0.2871914487967557,0.4322363664400574,0.2724398781515278,0.2255315616356973,3.9378544108438023,2.606463737339481,4.257044179392579,5.230076799311583,4.12519034301995,4.128728201435564,4.122127898843713,4.115033481929794,0.2804734901803166,0.2156579916703088,0.1716464538732509,0.2103166963161285,0.0564711005784961,0.2211675472711582,0.0883695389132042,0.1417288392159522,0.1630719104292971,0.1635919184991692,0.1706457336826404,0.2025542701624555,0.1621330666722733,0.1196831846203339,0.0834492866490141,0.1193457959493341
ASD12,23.0,ASD,0.5129515629646763,0.1037179857586788,0.1493954703794384,0.7695486762048812,-1.2335844680470724,0.3649214130013751,0.3448386185902282,0.5401763405347176,0.2807520748439093,0.2167977103947518,0.3247137250213026,0.5441741709886827,0.2564567288619637,0.1918667219102695,21.724832971184384,34.03110945368721,17.687380715166285,13.658255754869362,0.1856148013254602,0.204343442342342,0.1836437115992703,0.2061687975332137,0.3070096114581635,0.515327179021691,0.2381656041246055,0.185865608684774,0.3876763823502133,0.553645644617534,0.3308721506678798,0.2600239839611386,2.958374129883485,2.0701633696045003,3.475258999085644,4.436322979376727,4.122456628793662,4.120061114739979,4.122289699568949,4.116691133626911,0.2027132431706027,0.1537021112999351,0.1476343873462771,0.19564050938567,0.1530970071193333,0.4440697247692662,0.137478602273909,0.1859698220168627,0.1761816625922305,0.1979329395634008,0.1808800694474756,0.1951820830940654,0.1454030015122019,0.1130112335692448,0.1108996141493605,0.0570630235180471
ASD13,27.0,ASD,0.0749674515857025,0.1182586390344112,0.0983249368417131,0.7439971996539103,0.2712236354924845,-0.1845964061012896,0.2274143041591586,0.2742041528964698,0.2260952345979987,0.1802546736952706,0.2063446815233648,0.2604422758027844,0.2140152201052275,0.1585784735883496,14.327101162026995,17.2748616324776,14.24399977967392,11.356044442802048,0.2544921340763836,0.1829204420094289,0.1605505461313811,0.2312236801864749,0.1996364606618756,0.2474082526702215,0.1983794750940109,0.1534136082806076,0.2594034629432242,0.3028565698049097,0.2591709975529141,0.2122385416063909,4.500803457691482,3.772876652030751,4.392458328533087,5.522829847796424,4.107776750869414,4.123794575027893,4.127165660713386,4.111898345510252,0.3136133658398681,0.2552505986671922,0.1837668874416969,0.2303639031655557,0.1107442222748402,0.0924700216296497,0.1241809871004974,0.2123324484518343,0.213029784008607,0.1766777688292167,0.1587042158252894,0.2176038767926094,0.127552308893076,0.173311476007409,0.0962596384677219,0.1023911171463844
ASD14,1.0,ASD,0.2367132129004182,0.1379734439979737,0.2269670764980986,0.8025971453010212,-0.0420443667473791,0.49774373766707,0.348555190084825,0.3799982222978785,0.206503260158872,0.1956884917638747,0.3374267410730635,0.3682878423287885,0.184571805391344,0.1676768408244972,21.95897697534398,23.939888004766345,13.00970539000894,12.328374981124108,0.2164620652992795,0.1605526651410281,0.182724723571494,0.1975783053077921,0.3206486735760222,0.348423280166347,0.1759587492873539,0.1669533847811962,0.3771704583731837,0.4091178948286904,0.2471693333041346,0.2359217287052928,3.037842396315459,2.7708103131513613,4.636365476059513,4.896224532692255,4.117266766907217,4.12834909085406,4.12231513049864,4.118588806689107,0.2144081325670436,0.1935299792456861,0.1863456424425663,0.1982071157327291,0.1865922464116718,0.1484346137474314,0.1000617917111634,0.0822640907398598,0.2037985489902444,0.1615543192916593,0.1771191699612904,0.1943905305905191,0.0736744112285384,0.144467464418306,0.0903727730391301,0.0744258021363712
ASD15,2.0,ASD,0.1197534631530668,0.1482887292834989,0.1648783474137935,0.804503933285394,0.3197727578369503,0.1060466667496933,0.2505088006592617,0.2873173331839977,0.2214668055611477,0.1881437313276264,0.2136765982192617,0.2640172999844464,0.1911864822611301,0.1488818524548186,15.782054441533486,18.100991990591854,13.952408750352305,11.853055073640464,0.321991248021348,0.2746538217342931,0.2997825119038861,0.3132300180375764,0.2150374482715216,0.2537293425153849,0.1896885307011191,0.1568101390193023,0.2891135592414599,0.3220222317234094,0.2609096972972169,0.2303362989229626,4.33279994313364,3.788081142919288,4.689081585785084,5.339109182933509,4.083505403574205,4.098200785677349,4.09063522179027,4.085461692312144,0.2548560261172131,0.2188002549266952,0.170151229924434,0.1956621561097555,0.0591110864472782,0.1067620180305732,0.0936003684473545,0.0669008753419309,0.2602411809170711,0.2414877120554604,0.2739370104634722,0.2758894119072966,0.0757629573125129,0.1121186808432583,0.0420488172554983,0.0478276641934471
ASD16,2.0,ASD,0.1299360007756644,0.1828779827021772,0.1168018205963207,0.7988905314963709,-0.1065633699397043,-0.4483405116970247,0.245677148688347,0.2870506393460342,0.2514270451638258,0.1941622781770977,0.2195549498714662,0.2652266062245754,0.2305274094488342,0.1667136310098143,15.477660367365862,18.08419027880016,15.839903845321029,12.232223525157158,0.2214120819546243,0.2003026857308968,0.181070892337231,0.2161585021110821,0.2101189840830906,0.2511186400966839,0.2149383776812022,0.1616391535212673,0.2927699175308279,0.3305840508339245,0.2975039994094068,0.2391177421620914,3.9634975768383502,3.484502647201427,3.8572393143448265,4.873539100080297,4.11353650831361,4.119158398161509,4.122721255380071,4.1147801183594535,0.276354110680111,0.2354180049854416,0.1627706326426677,0.1973951677872767,0.0902624336710411,0.1424920419766348,0.0864420304943204,0.0634917705082544,0.1884845710379096,0.1837289480738442,0.1753005161222693,0.1960960885075953,0.1131646600169681,0.1279437433484002,0.0926131398441333,0.0782764359661898
ASD17,6.0,ASD,0.0326490808778926,0.0451423620651548,0.1078261400738623,0.6768082466472469,1.194703411277672,0.8706990182898864,0.4350988144270109,0.306171143985904,0.2174866531535097,0.1924941461409421,0.4503372781475908,0.2834526728411717,0.1829681330795596,0.1501317210564731,27.411225308901685,19.288782071111957,13.701659148671116,12.127131206879351,0.2492052324771588,0.2029144835028384,0.1861042319838232,0.2061269881368082,0.4014664163596899,0.2662138772124476,0.1807763820575987,0.1588147217264502,0.4629900940824204,0.3535048448228987,0.2666419212816659,0.2395206423413959,2.5156453891004835,3.254552815671024,4.3963772270146135,4.992811072184207,4.107093696226513,4.119220859640956,4.120693005241471,4.116301043333777,0.1823856792204081,0.2284784170699924,0.1816079048951757,0.1981631110370122,0.3043359771095996,0.2240352490745354,0.0918203284297353,0.1172056810981737,0.2266541700281686,0.1859778758639507,0.180089512496846,0.1947519289454133,0.0656223629438317,0.1326934094217565,0.0552195108251421,0.0655058675111923
ASD18,10.0,ASD,0.4415234274169359,0.1454857528255175,0.1599270021906929,0.7932660270575247,-1.0155136070499589,0.0946393117259671,0.3229008647140467,0.4051042667944194,0.3052316646918805,0.2086033392928158,0.3049065988862057,0.3974723958512021,0.290036038529908,0.1808274345237717,20.342754476984943,25.52156880804842,19.22959487558847,13.142010375447391,0.1757971580981818,0.1975573594655495,0.1803980913824234,0.2224390554439721,0.2793215240920977,0.3640870075541527,0.2644726234500957,0.1750880717316078,0.3703696499907181,0.4467368803042393,0.3511740474377101,0.2518530540754977,3.102709477954359,2.569642902467061,3.270382337904856,4.655392473512966,4.124123585576267,4.120639669976524,4.122745656972362,4.113137731011012,0.2177113178073679,0.2123070919079559,0.1493331562142843,0.1949591186525325,0.107252818811793,0.21123791884184,0.1184694441519205,0.1039992529432606,0.1733936118670007,0.1849218395547366,0.1782033447437071,0.2044863792957658,0.1233078415149398,0.1583545492002617,0.0777059718369715,0.0689638063224436
ASD19,15.0,ASD,0.1159448131728303,0.2355476110687522,0.1191079483490345,0.8306416483034913,0.0269158815101095,-0.681882852263897,0.2936651760023759,0.3159992371557167,0.2773704401982824,0.2170745866745733,0.2756227947141223,0.3037087255771028,0.2591944062661125,0.1865786931283092,18.500906088149684,19.90795194081016,17.474337732491794,13.67569896049812,0.1672547598919643,0.1646365903790272,0.1594710280567028,0.2018666071347619,0.2559278083864621,0.277098577234247,0.2367064263938706,0.1831351011542215,0.3363084695406496,0.35853439731096,0.324869222223485,0.2615282833642161,3.405857526977968,3.18681891288831,3.5339349923835552,4.484275393640275,4.126107958270813,4.126482782106829,4.126518538904014,4.117220351001119,0.2407241942891785,0.2044668517369829,0.1446172775617298,0.1774789930914334,0.0904136165006343,0.1265863499623446,0.1149416546237295,0.1063731776779981,0.1570540727634663,0.1576336507536852,0.1559321902364042,0.1871023444141558,0.1687211127636106,0.1602544270095609,0.0806849013265637,0.0768594814108392
ASD1,26.0,ASD,0.3176484656803883,0.1296518399549637,0.0998700143309143,0.7867597900488038,-1.157075833729163,-0.2609832198413257,0.2408638294716125,0.3957322370523357,0.2692476777948525,0.2383713156237168,0.2123571355280222,0.3863137207593632,0.2506932926647263,0.2126419972311236,15.174421256711591,24.931130934297148,16.962603701075707,15.017392884294164,0.1952684323944995,0.1929638437820181,0.1532353294366014,0.1885492447891771,0.2066409429611889,0.353632275135795,0.230328558251438,0.2100622239532064,0.2848242141800801,0.4363811049450515,0.3144674171053424,0.2756052543974287,4.066638152524381,2.639979871904059,3.630190739964856,4.178252272142413,4.119473410070742,4.121550089552676,4.127633389871908,4.121047223044921,0.2795236799741536,0.174190131062053,0.145103670032288,0.1718671864203534,0.0727991413218921,0.1114594501959243,0.0908696959603606,0.1644942879243608,0.1773489817682423,0.1835823054585591,0.1542618925388064,0.1888761121389545,0.0803986739933136,0.1337982637158195,0.0549165693177171,0.0593388122721832
ASD20,15.0,ASD,0.1510189767830115,0.1489240961647093,0.1527043426699982,0.7855812775827713,0.011098148069147,0.025066896614648,0.3512272440702314,0.3480443395803789,0.31203930114453,0.3042114396950525,0.3411954389716708,0.3412722502452187,0.3025349422150201,0.2892106264046122,22.12731637642458,21.926793393563877,19.65847597210539,19.16532070078831,0.1479375888761537,0.1303037325960473,0.1208745517058561,0.1539199884456608,0.3073042510265441,0.3062301757268854,0.2673032767586145,0.2672924842999285,0.3982766271232373,0.3927201269230039,0.3593662509671212,0.3442656669116877,2.855953061465511,2.894043778164718,3.1643743494034773,3.318534952595122,4.129229903724846,4.131739662857452,4.132551390680985,4.128031818852175,0.2095016794472611,0.1790633159899443,0.1258221277837939,0.1404176160128511,0.124932502166025,0.118769214626182,0.1290495609155662,0.1759646768526436,0.1450421718548231,0.1300694824271863,0.1228867634704477,0.1543706985766171,0.184275961678721,0.1840936049360485,0.1204263043287549,0.1283373699371779
ASD21,15.0,ASD,0.1855682328100667,0.2384940098801379,0.1431507370507921,0.8561179281232443,-0.2595244659427049,-0.5104460138749684,0.3152488440798934,0.3273536894285604,0.2924078852238542,0.2746263103803332,0.3009190040491765,0.3135429927488169,0.276288226423572,0.2499510825501268,19.86067717703329,20.623282433999307,18.421696769102816,17.301457553960994,0.1143369488069443,0.1379328512609197,0.1475098364784364,0.2332732990884022,0.2739642888226644,0.2873006594082493,0.2554087555663756,0.2347432164194535,0.3628230515784529,0.3725649599886672,0.3355166848483368,0.3211772488977305,3.1149364448154064,3.0426669404793416,3.450413964998772,3.6347401627031504,4.1337158672789815,4.13069515914141,4.127837854957145,4.111119904105332,0.2306115680602267,0.2092859924616483,0.1386740411928387,0.1540308169014044,0.1506924558119005,0.1405927823601691,0.1219125497254662,0.1464681412070219,0.12595623131889,0.1355816517418297,0.1467730093167363,0.2212618948409611,0.212293006392008,0.1495972794231043,0.0742359664643222,0.11767168838231
ASD22,4.0,ASD,0.1217351914287656,0.1380279127598898,0.1050219036790988,0.7781239588716423,-0.1476791887199427,-0.2732869962102165,0.2487817439906764,0.3131289606557909,0.2482634998306652,0.2575178154705336,0.2112803837087901,0.2910371260515847,0.2272052251778404,0.2329373848777048,15.67324987141262,19.727124521314824,15.640600489331913,16.223622374643618,0.3406057196639354,0.2981177241963246,0.2468672090909871,0.2144321618745268,0.2176345705113966,0.277705959408533,0.2112012532519107,0.222388594428571,0.2863878421057785,0.3503362371411789,0.2905811473340077,0.2977673942519234,4.260477194164033,3.431081783292199,4.055203215035468,3.948980346208895,4.077405915094137,4.091766657567885,4.1071773728662055,4.114352282147116,0.2750929228978933,0.2201362813541381,0.1618853241177972,0.1843450011109987,0.0983093796737525,0.1406535830805761,0.0875783607818765,0.1772030315597226,0.2710462616102222,0.2627108121239768,0.2335592939864603,0.213706979975892,0.0845315025851379,0.0422301091747525,0.0792695480181661,0.1316978063433573
P51,3.0,CTRL,0.3973852218438252,0.1437177962078889,0.1165443089743081,0.7951383570533626,-1.2266346070791576,-0.2095800929595354,0.2505650038240158,0.4145327146803239,0.2577180514526292,0.2188792731107003,0.2382997319134443,0.40618158039297,0.2382799441901575,0.193283873186613,15.785595240913,26.115561024860405,16.23623724151565,13.789394205974125,0.1263084302992106,0.1674560776783752,0.1603649144166594,0.2061523838172025,0.2159696336023708,0.3775620601823942,0.2230681857791927,0.1848009900085648,0.2923905058829972,0.4494837006955406,0.3010453773395389,0.2600353165864325,3.8561056254608688,2.5472477437488346,3.797050949390011,4.47749493656066,4.13223063232666,4.126725999827949,4.126768894031683,4.117704143054808,0.2666370223091828,0.2153168805614539,0.1738764052997226,0.1813936043664437,0.1151864650315018,0.1654369423942311,0.1625527850986924,0.1848156234342573,0.1331757563013984,0.1666542720151877,0.1594662700059384,0.192717053173422,0.1723071406573114,0.1638040762849208,0.1032205203272118,0.2189006074579494
ASD24,9.0,ASD,0.1914532574427432,0.1359191886927563,0.2551388590865276,0.817619403938511,0.2871642500188102,0.6297474340443934,0.338341069280668,0.3898227028681183,0.2703870693304653,0.222993493459405,0.3247979398545276,0.3791164140867851,0.2488415833618997,0.1930252809963579,21.315487364682085,24.55883028069145,17.03438536781931,14.048590087942518,0.1967573576953555,0.2163784737389743,0.2702133748386132,0.3129908055315935,0.296171863958623,0.3568171842996622,0.2366744767998378,0.1900895139579839,0.3846384434294218,0.4226542738906019,0.3095757283760618,0.2617273021088621,2.967099764142853,2.7167972441182884,3.818315121592758,4.640345184415631,4.120604154400765,4.116887272610481,4.1022725820541845,4.087449074541183,0.2157454655088376,0.195670243792227,0.1528766467201042,0.1777060976671702,0.1331973295483541,0.2287546862847014,0.1569306115362003,0.085060982795612,0.1823662916587062,0.204739839006266,0.2579978956768734,0.2845229640855475,0.0969257399939533,0.0956593445439173,0.0591887188653138,0.0407501647299609
ASD25,19.0,ASD,0.1733824712643366,0.274383596349145,0.1414893978318105,0.8780933505857154,-0.2032751835031485,-0.662302326703419,0.2974225103627089,0.3657539478726648,0.3195449670964976,0.2716298866814941,0.2849424030160865,0.3574302280473712,0.3073100633855735,0.249254457948411,18.737618152850665,23.04249871597788,20.131332927079352,17.11268286093413,0.1508299724094534,0.17238668597414,0.1627994830679828,0.2498385052399654,0.2556921230076155,0.3306649372067232,0.2755731988633223,0.2321860677388438,0.3423972723746898,0.4015110624551601,0.3666670735827391,0.3146929066809839,3.3277327898596574,2.834971059677364,3.0975248459037408,3.7200977254769576,4.128456332868201,4.125891517856486,4.127067182835625,4.108010828551167,0.2330956108876808,0.2111944231196967,0.1338128168937299,0.1548940595993259,0.1032302454541651,0.2011050415864704,0.1743425384163635,0.174925783181147,0.1484454204948427,0.1670745511548726,0.1597360539975464,0.2332740955615473,0.1836967270631564,0.1833886050478918,0.1306014012010478,0.0684749647236987
ASD26,25.0,ASD,0.3672836956569955,0.186539798492238,0.121900642070598,0.8192052883885181,-1.1029282584588849,-0.4254383093946957,0.3089759910715932,0.4360751547295146,0.3495626372898811,0.2490689280569066,0.2895680562855086,0.4330819737983071,0.3378718969549601,0.2312910786437497,19.46548743751037,27.47273474795942,22.02244614926251,15.691342467585116,0.1699673020949657,0.2090628883906281,0.1683491209826096,0.1519924047360187,0.2650121078112634,0.4010523330918217,0.310720628693793,0.2136493906419113,0.3578516648855947,0.468258415615601,0.3916446568531818,0.2925532428447825,3.205526455397058,2.457128265562203,2.907242335926056,3.8851871910609126,4.125264543179845,4.118555253755472,4.126428877114919,4.1282127315916775,0.2238291628457676,0.1931506102240086,0.1183227776332134,0.1718555936279588,0.11169231958591,0.3274036434116268,0.1599990508447548,0.1236198592015484,0.1646655845110934,0.1989065045787886,0.1670017344878163,0.1596890995669529,0.1747976326418094,0.1131028383606417,0.0891727772047264,0.0868911426160067
ASD27,6.0,ASD,0.2129915330403742,0.4129190082886184,0.1017959263055682,0.8769664498368999,-0.7382823272640557,-1.400281381219909,0.3130125964748904,0.3728318186478485,0.3389819318147445,0.2215734208941311,0.2917973810737662,0.3564574562121949,0.3244597667218031,0.1930969532834427,19.719793577918093,23.488404574814453,21.35586170432891,13.95912551633026,0.1568288363773444,0.1741861416851541,0.1813478871308606,0.2072361432912823,0.2809620775494073,0.3369436531159462,0.2981419935471233,0.1867515412268491,0.3496890414488456,0.4102265091581583,0.3837844007217881,0.2687904516305429,3.252234139864634,2.787861626407587,2.984928652670005,4.320810845287763,4.128189716495076,4.125488991621067,4.1238110811654085,4.117353612143408,0.2249078785878935,0.2150518417646311,0.1412360752347719,0.1886555862377439,0.1637865411846305,0.203579836909161,0.1621115255865735,0.1322052060458763,0.1570312418277929,0.1748399494921483,0.1787623465545687,0.1935268799685671,0.119852901860627,0.1730976156950345,0.0903771210680279,0.088072345651177
ASD28,26.0,ASD,0.1436294995183483,0.1940618572949907,0.1229986725870585,0.8228441256961965,-0.1550635005782851,-0.4560033969377589,0.3175380445421251,0.3452546945377003,0.2821719815781232,0.2334460977179883,0.2952948431509274,0.3280220506589838,0.2602182427671075,0.1990640776201171,20.004896806153884,21.75104575587512,17.776834839421767,14.70710415623326,0.1892325974816407,0.1640295276433913,0.2025320252757804,0.2953819416000912,0.2761076255998147,0.3107579909318977,0.2437353145539694,0.1978140708371442,0.3651193081644974,0.3820128465059059,0.3277254936402454,0.2767744733895997,3.142707386901804,2.979602623801477,3.53255117107158,4.384194716287176,4.122135456599637,4.127092384259778,4.118695166286054,4.093493464434147,0.2077454579898078,0.2252064960241707,0.1458395118293901,0.1732873022451241,0.0953661309177579,0.1793543772959178,0.1061432067222208,0.2119576868181546,0.1769793611143262,0.1677072917249113,0.1947454967200206,0.2783140920382814,0.1200554682483788,0.1601111812379837,0.0859018804014955,0.1709009572548185
ASD29,28.0,ASD,0.6553582991692283,0.0805547599857855,0.1380518485833633,0.7034608261551858,-1.557552778739401,0.5386921275352369,0.3593793600612971,0.4975739559475646,0.3001936290924842,0.2638094738771798,0.3524590135763646,0.4921911044061139,0.2834559154003461,0.2349476895824191,22.64089968386172,31.34715922469657,18.91219863282651,16.619996854262325,0.2106253884164116,0.199504534550258,0.1980550826843458,0.2462163582996787,0.3225597917214303,0.4680087640110628,0.2567382748866418,0.2279939617986016,0.3984840541208726,0.5186332210484411,0.3474303171355013,0.3047263130406501,2.878955244649684,2.2116256276415145,3.3140247807835523,3.8622536860690686,4.117998590884187,4.121245999895216,4.120013875029005,4.108313193824004,0.2093448625593319,0.1839826430193194,0.1463959394554336,0.1460044138417983,0.1849109757452285,0.2529312800069984,0.1403511561113134,0.1079084162265926,0.1975846523677428,0.1839263927303013,0.1859806121901087,0.2186189817240893,0.091755854606232,0.1680862281570605,0.1213828334165045,0.0771533577306686
ASD2,26.0,ASD,0.1094722333836146,0.1785103442054344,0.1621282314842297,0.8321855443993754,0.392716633796366,-0.0962589757794948,0.2820773615647947,0.29768012133196,0.2773912462642232,0.2825760709409257,0.2641244162457711,0.2787664950217373,0.2603456064838715,0.2621783343889475,17.770873778582065,18.75384764391348,17.47564851464606,17.80229246927832,0.1732745950344683,0.1658748513948181,0.1576263627173614,0.2405373226848829,0.2459860505659507,0.2630500508736568,0.2392947448020447,0.2405806662947718,0.3268435483177836,0.3383490379166612,0.32214714602243,0.3278516571962283,3.489565777113341,3.3714478843673885,3.5454484813295126,3.5876767890649472,4.12480436967519,4.12643741484115,4.127382482363036,4.110069312309361,0.2462024297140917,0.2256631516091359,0.1475941670378753,0.143210618745426,0.1143498119902741,0.1216688478164176,0.0809674975082874,0.1606667247538807,0.1615702482272739,0.1641441434376286,0.1558593535373542,0.2278643698362863,0.1047623620332925,0.1236251255598286,0.0789297764331326,0.096846505608178
P10,25.0,CTRL,0.4813265153865683,0.1654910455580993,0.0765017210543771,0.7567709024912052,-1.839232627952544,-0.771603849941856,0.3191263423459911,0.448066960692655,0.3155132703662137,0.2513856590928901,0.3035462144849551,0.4426484115735648,0.3039494435226995,0.2372718771026344,20.10495956779744,28.228218523637267,19.877336033071455,15.837296522852077,0.1954996632706609,0.2028969419394968,0.1093525059922476,0.1335972391982599,0.2832101520477277,0.4139937337057939,0.2727048001567799,0.2136917594653342,0.359920470509974,0.4782298533669637,0.3637701939787206,0.2964465063076787,3.1794416054185537,2.4056115725626124,3.1139086228239568,3.840290369519003,4.120890617128581,4.119692774558541,4.1341714278056205,4.130606976967597,0.2460489099641677,0.2657314658508707,0.1406942178963642,0.1704850628482308,0.1364163069007655,0.2929117364595376,0.1156536341952972,0.1023013213514593,0.1784921586169923,0.1821939464638361,0.1141040505685389,0.1359521398066736,0.187923227139431,0.1792842738406214,0.1217590351902119,0.1076306164976255
P12,12.0,CTRL,0.2034548361512954,0.0908613048827432,0.5621564399488715,0.7446068877142975,1.0163361291793525,1.8224459523626504,0.4753754716697052,0.3844884877581263,0.3102321403992559,0.2737277568868811,0.4676674399873549,0.3759587281480848,0.2917224322289187,0.2499800526457579,29.948654715191424,24.222774728761955,19.54462484515312,17.24484868387351,0.2324404921378448,0.2016029357875028,0.1823019678495529,0.2742654843729601,0.4388016546545126,0.3377131292150643,0.2695598682126682,0.2336321105789771,0.5061488843781591,0.4352946989276942,0.3568870768558925,0.3155764136293385,2.2951237296553963,2.6273023476673765,3.2141349580060554,3.769461287597995,4.113026076186968,4.119626169523721,4.123415095193463,4.100501704462384,0.1898573594586051,0.1815713104973444,0.1398323414104141,0.1462907664575966,0.3682651404615235,0.1916099553279358,0.1498939870086455,0.177893670865822,0.218815176270856,0.1914673881593292,0.176226805466611,0.258191636927423,0.060170306419724,0.1448000502843235,0.0967699203157888,0.0804833029989672
P16,26.0,CTRL,0.3317136899186224,0.1456983541668953,0.0880225270272494,0.8112509178233979,-1.326679446424925,-0.5039456464319815,0.2680408277391569,0.3972749176444628,0.2504249762723596,0.2563980737199464,0.2553899651524894,0.3883530935675665,0.2331409452981491,0.2313925604777528,16.886572147566888,25.028319811601158,15.776773505158657,16.15307864435663,0.1761385032815165,0.2242144470103612,0.1610663770012886,0.1743642408963938,0.2323213511934347,0.3582092967872569,0.214831937398313,0.2190240303810073,0.3094902285526896,0.4350425213739428,0.2935355605493434,0.3001499326695427,3.684955306269451,2.6667418127280187,3.8980764876766343,3.8512618311709983,4.124234332389928,4.114444705812954,4.126619427642908,4.123551550800468,0.2570917312831763,0.2288112233148596,0.1665891338851002,0.1661384276575323,0.1065859622085791,0.2840663328716502,0.1002824757566858,0.1130114369120536,0.1660610281398785,0.2064643379980168,0.1602829877279325,0.171250537468982,0.1548185475718519,0.1590626620834518,0.1366607450455487,0.0712592224732323
P17,7.0,CTRL,0.0918206591290389,0.1933328859815041,0.2161311227858909,0.8240869496698136,0.8560479561519936,0.1114717724576338,0.3672017594461861,0.3542809960996525,0.3377567618133716,0.3216675881146971,0.3617816938940322,0.3466414833110003,0.3255640812227397,0.3095903664554945,23.133710845109725,22.319702754278108,21.278675994242413,20.265058051225918,0.1435194377105856,0.1353900726952052,0.1360861964711307,0.2007540784787237,0.3211220580190183,0.3085863743663821,0.2948734275816168,0.2797825533189377,0.4163844839727078,0.400422564575539,0.382596541947469,0.3635282445520938,2.7376852114676207,2.8490461919831773,2.980856511145305,3.177898127740188,4.130014663376734,4.130947945369394,4.13095775030016,4.119681147776267,0.2037514438431414,0.1833763805016494,0.126825939014016,0.1352951671225832,0.1464611704934247,0.1794011120272079,0.1554322692515992,0.1189703850820342,0.1423318968374871,0.1351761169289486,0.1364150490012261,0.1912889507506937,0.1499822752284046,0.1630782491513832,0.1252568787999456,0.1083545758639218
P18,22.0,CTRL,0.4795854606852142,0.1585116909604891,0.1131941097815518,0.8108261562166119,-1.4438179765082395,-0.3367242199168295,0.3406256660560223,0.4456955130044848,0.3230592255647455,0.2421813878212049,0.3234856293544282,0.4476399192105528,0.3091725248931001,0.2189221086669615,21.459416961529406,28.078817319282543,20.35273121057897,15.257427432735913,0.1710655494825182,0.2105520408701671,0.1525877012684131,0.1903140608660604,0.2951624814523321,0.4078854252635694,0.2810738346514332,0.2051271971864477,0.3895765198776006,0.4805467713009262,0.3695275480900957,0.2846253308310037,2.927560617589148,2.394663372204068,3.0821361578126245,4.104112105635774,4.125599749957482,4.118062421686584,4.128540152209409,4.120409210591795,0.2015095669373483,0.1927245142816966,0.1376164584390059,0.1640711088070967,0.1184078096707148,0.2736646259466309,0.1256033638611779,0.1541149131208854,0.158101944153693,0.1969810955541513,0.1507051207601047,0.1809788150713647,0.1779207579987236,0.1400630148838527,0.1359938868582945,0.0973482648856337
ASD3,27.0,ASD,0.4921924550396434,0.0895106805101344,0.0579078656581564,0.7463680975843963,-2.140016584414704,-0.4355047290990295,0.31490277970805,0.495363078863505,0.2992643113280166,0.2515068687371301,0.3012283482321344,0.4987592384557334,0.2808397054859326,0.2233435737611792,19.83887512160716,31.20787396840082,18.853651613665047,15.844932730439195,0.1628480193238931,0.1917667631345581,0.1689157408749537,0.1609217790855247,0.2711487488471448,0.4622721128788137,0.2536812672556253,0.2103474330533582,0.3652061935130949,0.5192976815414366,0.3513316755988948,0.3023771828427633,3.119491125253226,2.2128990975933904,3.262416018320059,3.8169718884980246,4.126740463329656,4.122492693962778,4.125195279087359,4.12571825172603,0.2268299500540644,0.1986914757368469,0.1382261346134248,0.1726249771245412,0.106221433159906,0.2533209141820511,0.1918916750767333,0.1888567815247109,0.1540718147499154,0.1849827140324217,0.1663584017928361,0.160624579983129,0.1334120043076006,0.10304168906606,0.0953036841258446,0.0685103301529694
P26,8.0,CTRL,0.5190783606350851,0.0956368826533528,0.1620348813144938,0.7697170785848864,-1.164243226840209,0.527253081342707,0.3535920650016228,0.6105682831180842,0.3131995604661373,0.2317986982537903,0.3449352897682304,0.6150367896102857,0.293005377779123,0.2116898749550722,22.276300095102243,38.4658018364393,19.731572309366648,14.60331798998879,0.1403876875659108,0.138174626847221,0.1816062254111109,0.1947608090018519,0.3056472619209274,0.5973224231684743,0.2760201423973841,0.1965894529282348,0.405268965969237,0.6148344152026711,0.356369822656609,0.2727638121663503,2.8021287575135814,1.7600227943885451,3.215519421329309,4.235317911892561,4.130385593502191,4.132175334404598,4.123313274924868,4.120102316952835,0.1978712348516615,0.1787564467262675,0.1386625290873427,0.1712048463225272,0.1665091433497203,0.5147313751412947,0.1535041431046744,0.0790656137631835,0.137181546267242,0.1443318151375772,0.1807283257940265,0.184449844481347,0.1886642802495901,0.1764689880174455,0.0926667330227895,0.1262898901270619
P37,8.0,CTRL,0.1803063747372073,0.144496085374707,0.1677079757595995,0.8283915656267972,-0.0724332584780403,0.1489718110326879,0.3472693299746095,0.4206770832242346,0.2854455142541239,0.3145655070416465,0.3342617475455718,0.3978189807095721,0.2624759490919518,0.2906818643843529,21.8779677884004,26.50265624312678,17.983067398009805,19.817626943623736,0.1522794767274607,0.2072865224969295,0.1750686105586957,0.2537190727860078,0.2995892048307279,0.3903621947378295,0.2470367612225935,0.273818724405628,0.3988607343793204,0.4469739735314721,0.3313976932853122,0.3578278087304333,2.8499159340191094,2.5689801679207203,3.5048824427715246,3.3396704528491177,4.1285951188624495,4.119033669635539,4.123429174944756,4.1053964697493415,0.195719748677074,0.1913661333803042,0.1388363692266251,0.1485777394090008,0.146445367619886,0.2536469629960782,0.1150998917734943,0.1908514110965131,0.1489092313519175,0.1996604709762157,0.1712123386932844,0.2380711554733109,0.1424829257776772,0.1793151921401513,0.0947643113011601,0.0475958009933821
P38,12.0,CTRL,0.5395441302763202,0.1127902536457121,0.0595016416040104,0.7353986788570446,-2.204720677671598,-0.639526029326412,0.3061522650371064,0.5086219434233982,0.3411168599023381,0.286218807173116,0.2887041485943923,0.5302237648120423,0.3282731932377526,0.2666173781675177,19.2875926973377,32.04318243567408,21.490362173847306,18.03178485190631,0.1238727583859949,0.2357290144718909,0.1952186889321329,0.2211189285425396,0.2649759083844225,0.472504165327241,0.2947168199404127,0.2462818380731095,0.3546931035726404,0.5381531847314932,0.3916701524484373,0.3337803368553452,3.193281445930827,2.1637438205908457,2.9239544183767525,3.475122359004768,4.132477458159185,4.111514988242524,4.120630702039436,4.1138400558265005,0.233491585904183,0.202146179149019,0.1362368797699523,0.1453566168229901,0.1415496476436365,0.3901233031052014,0.2382862173751211,0.1408665896469024,0.128629513096338,0.2141818285299133,0.190076450710547,0.2099105716327928,0.2417535576195534,0.0931203720504642,0.1162813052416992,0.0895868079720229
P41,11.0,CTRL,0.3830346516735406,0.1491769902418056,0.1283393061937254,0.8252387819090065,-1.0934478731254276,-0.1504558686710011,0.3182490917792811,0.37873888454848,0.3009131132871986,0.2725519620314727,0.3010552364999014,0.3654747368944331,0.2873507200139801,0.2536274400409935,20.049692782094716,23.860549726554236,18.95752613709351,17.170773607982785,0.1533148530579992,0.1458505514854141,0.1534347337549079,0.237825902669256,0.2765126105642705,0.3411903050954729,0.2605915848065051,0.2334284725192837,0.3668276885520692,0.4182726564162066,0.3470296731395568,0.3170505486009461,3.0985611853992614,2.708270494509124,3.2791624522885066,3.660082657408224,4.128308831467139,4.130151354911885,4.128304728950658,4.110601668401929,0.2170858203831295,0.1943841745064545,0.1331825972823478,0.1445722244938121,0.0912957869490573,0.1644094821652492,0.1022913182615747,0.1482931551981794,0.1496889955595717,0.1466650565168044,0.1515154550748004,0.2282289005207833,0.1425462612720892,0.1951709147403364,0.0840745999800444,0.0650209585577182
P42,14.0,CTRL,0.118035496359346,0.1797187292240864,0.1242209535040521,0.8322193935341058,0.0510764671978451,-0.3693311502795867,0.2687347277899158,0.3065304197162912,0.228398439882427,0.2100678768996608,0.2484261651181055,0.294456851431283,0.2032469339849029,0.1696102148863644,16.9302878507647,19.311416442126344,14.389101712592904,13.234276244678634,0.1897000965976796,0.202290150727716,0.2191830366926605,0.2888837580598912,0.2297439852583209,0.2690903560715361,0.1929892304213852,0.1748449006980234,0.3129457483680924,0.3477320178699992,0.2732248637927683,0.2560735524606919,3.690068438677584,3.3103117549555803,4.272919047441047,4.769177312077367,4.121619716142817,4.119638276031695,4.114476933328104,4.0939653879069136,0.2642782952189371,0.2235180796295255,0.1683768315899498,0.1875457688374545,0.1123814694561635,0.126711776929401,0.1278299858424765,0.1347895003251119,0.1790631403443131,0.1874847920070081,0.2107985725050063,0.2595555607222189,0.1790703743960118,0.1559271292370923,0.1201765406840125,0.0887696720270797
ASD4,2.0,ASD,0.4664591730254795,0.1738010958762421,0.1662904349544977,0.7775130279218576,-1.0314346310924551,-0.0441756504635718,0.3195386156327619,0.534335492347519,0.2816522806325862,0.1937148955107306,0.302736569336261,0.548521434782113,0.262551565863277,0.1759914129688727,20.130932784864,33.6631360178937,17.74409367985293,12.20403841717603,0.1857403712189675,0.2237323556571426,0.149461948415442,0.173106815034445,0.2902533902319517,0.5105020218745682,0.2448079706511198,0.1653621987363058,0.3521620886938444,0.5484537644837651,0.3265173124166269,0.2306390728502339,3.2319570657750187,2.0988568112611765,3.480370584986116,4.98523039903511,4.123544810238981,4.114106462964397,4.129212394309725,4.124582731698353,0.2317064194165143,0.1610116126426258,0.1570490802371678,0.2050973481805767,0.1375579485625216,0.2505548473572647,0.1277955374607174,0.0786466265378317,0.1765265671843514,0.2112441417431985,0.1468194173109474,0.1669501188658549,0.1046500894325885,0.0744682800024414,0.1387890330742434,0.0941632656935536
P43,4.0,CTRL,0.3692614211644245,0.2909017573263827,0.1752045657763277,0.8631832695049872,-0.745550613112533,-0.5070313679511922,0.3618271304018152,0.4264235459273244,0.3557336443350863,0.2758202236045552,0.3501414401512159,0.414975912391197,0.3499292054764285,0.2580027658775383,22.79510921531436,26.86468339342144,22.411219593110445,17.376674087086982,0.1729579604216222,0.1882063949106304,0.1939794074618975,0.2091502878173506,0.3215973648997656,0.3881509654878936,0.3091009876830588,0.237233242022006,0.4054075408304429,0.4625384132488432,0.4043133527898572,0.318924750613507,2.8084508971991387,2.478500153091672,2.82853639301487,3.61694801314635,4.125644224004867,4.122966227532174,4.121331275940298,4.117595578162553,0.2130143426251088,0.191045892773514,0.1165866187470159,0.1602674611463123,0.1326158473074624,0.1881039443215827,0.1522017970972126,0.2741413116706742,0.166229743917406,0.1844193592495433,0.1879060712973912,0.216320260659625,0.1246880077696751,0.155371438080162,0.0642166059882129,0.0968088989904504
P44,4.0,CTRL,0.6494167752659523,0.1654803911482565,0.0689883326020742,0.7374297182020852,-2.242137293705313,-0.8749153077335818,0.3412456068249891,0.4501109882225416,0.3667477371800733,0.2795629264268032,0.333682965561329,0.4449925724359635,0.3602781560849281,0.2557806996424089,21.49847322997432,28.35699225802012,23.105107442344615,17.612464364888602,0.1472489427840678,0.1805212311994655,0.1784951355221403,0.1918060728876693,0.295303023490463,0.4114496146319243,0.3277366569808986,0.2397242818402165,0.3902016938329413,0.4844853240394589,0.4073206061012101,0.3232729582176291,2.907390891051962,2.374345231127569,2.80402505468284,3.577826671177262,4.129391404478345,4.124527378015389,4.124505984913325,4.121034542591539,0.2059313448944639,0.1990387982109762,0.1359212740011379,0.139565751565364,0.1258703172014003,0.2070002154740799,0.2171446042477861,0.108477213129485,0.1399141989814979,0.1677083114155661,0.173338633826755,0.1845086177192192,0.1312299947859503,0.1474138203809127,0.1162664401294056,0.0945730945533669
P52,16.0,CTRL,0.1520370983550122,0.2330864614727879,0.0953520822404307,0.8567263674011865,-0.4665483895185021,-0.8938332943420528,0.2281807564877166,0.3020482630150664,0.2397743111889315,0.2090637008411174,0.2076837105992508,0.2847962337776242,0.2096993754679282,0.1694165259603639,14.37538765872615,19.02904056994918,15.105781604902688,13.1710131529904,0.1980474639359584,0.1330081927747072,0.1725149243542102,0.2291608930300882,0.1937237789906411,0.2650806250406791,0.2091356155946385,0.176226834529777,0.2725452533437905,0.3460503551712486,0.2813751054603168,0.2524963292317921,4.2151863348969005,3.267728499128955,4.0906508179651695,4.705613050360015,4.119676308952884,4.131523511993156,4.124694202407402,4.11174605593358,0.2853678124080883,0.2430882127669678,0.1832415113049926,0.2169299172743062,0.0883901386210358,0.1347801493463549,0.2161813842211854,0.2621446025879496,0.178864556592844,0.144264243414825,0.1679888047904294,0.2175826773143184,0.1446186372724539,0.2270159825572406,0.0900939806672418,0.1376526199018663
P53,9.0,CTRL,0.5726801261116933,0.0773087840850029,0.0888969884084628,0.7138227832655362,-1.8628490509292857,0.139670680351241,0.2706621722736921,0.5103516691701665,0.2621433202936328,0.2165074504190925,0.2503069679556066,0.5212498290026744,0.2412505424863483,0.1962647048879413,17.05171685324261,32.152155157720486,16.515029178498867,13.639969376402837,0.2109145185157318,0.2225417172484239,0.2017870008409188,0.2161512269448151,0.2347074088673631,0.4779848351555287,0.2266522734408489,0.1857516533672666,0.3146569723741821,0.5342232525057662,0.3039592531677404,0.2556839946349991,3.646106116192709,2.168171998935596,3.791232051584095,4.556092252864573,4.117481699916962,4.11530091728714,4.118743586391785,4.114491941862268,0.2551194836093672,0.1997883517433575,0.1554606738216328,0.1963367829598482,0.095751206290043,0.2667049799644096,0.1430407789092393,0.1051887630701059,0.186698014390268,0.2033023376504395,0.1939195524493275,0.2079730847804995,0.0998332550916339,0.1331385744643689,0.0843745664963571,0.0734435029431478
P54,10.0,CTRL,0.1983109272752421,0.210747223228106,0.1613902116461919,0.8438261460966792,-0.2060110313313716,-0.2668343136849005,0.2932898165901515,0.343310573586214,0.2988423723464626,0.2526358130257973,0.2786559746379272,0.3341463986908445,0.2831202481787543,0.2343607669465987,18.477258445179547,21.62856613593148,18.827069457827143,15.916056220625231,0.1953498001042748,0.1808025509673995,0.1466517281296126,0.2298257167313057,0.251254651967797,0.3005195679787075,0.260741433606302,0.213682433763882,0.3412443968676267,0.3900620683659137,0.343036235210478,0.298348884504212,3.3773071269021075,2.933710499146109,3.320947396354881,3.898293227184,4.119308535489413,4.123327594512273,4.128748000366979,4.111881958153364,0.2415802773709224,0.2131305003680307,0.1440069218305561,0.1565968712371849,0.0857666534356325,0.1805535802333965,0.1576102222705895,0.0794562726495246,0.1725255806296579,0.1712276132422468,0.1450441880523838,0.2166918184116961,0.1382009527427252,0.2120203283453624,0.079269684333763,0.0868373627446711
P56,25.0,CTRL,0.2939397885769075,0.1217947180049257,0.1187865497566487,0.7971453765520891,-0.9060467626229136,-0.0250088052195124,0.2191566056304934,0.4089230281841809,0.2050159851326325,0.1959589459721944,0.1887951024867478,0.4139067623182492,0.1747238104583638,0.1670473606838336,13.806866154721089,25.7621507756034,12.916007063355853,12.345413596248248,0.2421221765838881,0.270202295122933,0.2523544577047416,0.1996769039678516,0.1861977857093571,0.3757135213687661,0.1716603813561871,0.1653712931852411,0.2671890336301526,0.4382027473034801,0.2523328089129183,0.2412121123527813,4.3323036057013935,2.679973302317995,4.64894347602062,4.816047941047727,4.109503187392728,4.10130673094026,4.106488721339302,4.118153130138752,0.2913632698559886,0.2089749687166464,0.1882774977761679,0.2014742536524433,0.0774775086954525,0.3650670176556134,0.1860657636793366,0.2094546288147679,0.1974557469787772,0.2495140585131364,0.2327209253442773,0.1884016134482321,0.1356328741472267,0.061003780756962,0.094902170944763,0.0738906858051649
P60,17.0,CTRL,0.1491026090893644,0.1155917546684698,0.1577476758318725,0.773554556418756,0.0563620475356101,0.3109321407786403,0.2505754305090065,0.2752056833152305,0.2200070765907928,0.1835689813889265,0.2389471735580661,0.2678099069760022,0.2099267331267894,0.1704886782825805,15.786252122067411,17.33795804885952,13.860445825219948,11.564845827502374,0.2112403648148415,0.1214983989666622,0.1318559502262938,0.1926030159752297,0.2202335437764785,0.2405106133896339,0.1887674460180469,0.1569482653576537,0.2857648310647583,0.3133499114397239,0.257876769410831,0.2173206107165444,4.006688790569621,3.6052562855836334,4.393346918987121,5.312227603607248,4.117762032117123,4.132946843041242,4.131100847813957,4.119495311701717,0.295213549143487,0.2804571827437813,0.1899552843885021,0.2133751878159833,0.1057390692289789,0.1662202687429746,0.1069974527436685,0.0979603457169209,0.18704881159926,0.1450321224322469,0.1330353268769926,0.1838743943076373,0.1290054494766425,0.1931648136520749,0.1220712700763253,0.1125658553213551
ASD5,6.0,ASD,0.1012240346734312,0.1199600623000965,0.1572046494068835,0.7719241753680882,0.4402122305088178,0.2703895827160997,0.1698836258288132,0.1974172503986128,0.1592059428200881,0.1277108509968784,0.1450208701245277,0.1722458697879055,0.1386495561525163,0.1061516568340017,10.702668427215238,12.437286775112614,10.029974397665557,8.045783612803344,0.2171666652926925,0.2445798706320942,0.2358803979192032,0.2805311092911751,0.1474621233928505,0.1712854265723473,0.134578639109411,0.107409851530665,0.2063514838437762,0.2355634900621127,0.1981825714275276,0.1643531235744781,5.576084817066612,4.900766458224084,5.823961295378424,7.133436620683238,4.115415797090894,4.110125402333812,4.111294274557012,4.099634994545546,0.3634561321708236,0.3209651227068423,0.2279280044394398,0.2786345258215291,0.0630402298314835,0.0958413090767214,0.0788261773998705,0.0846195089934614,0.1717939016177176,0.2062144193592207,0.2139829985381358,0.2381750765831851,0.1093466535694834,0.1467255470441045,0.0933315715859167,0.0741069454978304
ASD6,7.0,ASD,0.529877284688003,0.0956744584380782,0.1387152518285419,0.7668662911960782,-1.3402221574223,0.371471913127269,0.3346751943113831,0.4116951934657847,0.3118335253735848,0.2658473377984626,0.3195391367231696,0.3898449296068154,0.2946576285907377,0.2465678916645358,21.08453724161713,25.93679718834444,19.645512098535843,16.748382281303144,0.1198718710276403,0.1722272031826021,0.1280892998190393,0.1301092271582973,0.2964309556341647,0.3752525948148577,0.2737136496175922,0.2265987986650184,0.378544245469638,0.4453180122133214,0.3559990156542336,0.3109771665292923,2.995764196574944,2.5701771700429434,3.194442255557393,3.670076290712336,4.133224239748532,4.12603673955333,4.132018453303013,4.131463994117935,0.2034368868149859,0.2055884384924222,0.127619521973557,0.153171093483245,0.1459446914136179,0.2009629620908188,0.1338030078661138,0.1498636801713893,0.1250706294057679,0.1731606682310691,0.1308226442042379,0.1329016341650108,0.1636676262853209,0.1074221599441453,0.1351301516854153,0.1333846048181169
ASD7,8.0,ASD,0.49151693206938,0.0647992081868576,0.1563746204113197,0.7388963750187285,-1.1452418474203037,0.8809611574132936,0.3253705476176157,0.4149804708195612,0.2562844321834835,0.1820639916652945,0.3126425182697365,0.4001460265568476,0.2406082736715991,0.1615621782447499,20.49834449990979,26.14376966163236,16.145919227559464,11.470031474913558,0.1488118108828457,0.1633972714981053,0.1430230557320776,0.2275909640327252,0.2817553703998753,0.3723962166327348,0.2210664993937644,0.1551959634281103,0.3739653503807456,0.458885352502747,0.2986334374844724,0.217404239255375,3.037101973162444,2.488243436863611,3.8021778699754543,5.333620609515509,4.129217844206161,4.127308449877618,4.129661590474214,4.112920381182889,0.2043331811448854,0.1733903196792857,0.1613685096246309,0.2083385322675635,0.0818151006585851,0.3044756307941679,0.0958213565485345,0.058255249791121,0.1490157889529506,0.1564682024145134,0.1455676471596852,0.2099108242886475,0.2187172683614203,0.1761349708932971,0.0552977327273183,0.0514762244279213
ASD8,9.0,ASD,0.0848922703729922,0.2103942041628327,0.1045856471188531,0.8309700963610216,0.2086232801049491,-0.6989766083506543,0.2865513298786684,0.2815501404369223,0.2183505382844361,0.2071237640252532,0.2719119255331654,0.2614125258221103,0.1846764398725306,0.1686890692968979,18.052733782356107,17.737658847526106,13.756083911919475,13.048797133590956,0.1032134388129117,0.1309285628884349,0.2118016679695122,0.2319562499742832,0.2440859869354877,0.2420525308121699,0.1817717259897099,0.1722467008281248,0.3359803325925206,0.3298097705298077,0.2694304145787884,0.2531928073785887,3.366435338766246,3.4396681041793253,4.397129176590287,4.788764361191094,4.13449365231383,4.13115983473682,4.114340679330309,4.109262632016324,0.253056515469837,0.2315932760172641,0.166620932195442,0.180312793086323,0.1047758920747482,0.1086939930449766,0.0819969097504408,0.1405538182401297,0.12229787426491,0.1322260249768888,0.1973931991343042,0.2150761111217355,0.1863571613561084,0.1671850279398246,0.0623688561287565,0.0557772159622284
ASD9,13.0,ASD,0.4322504716843366,0.1733395167170657,0.1009065947239356,0.7989879631783123,-1.454809931560949,-0.5410569114066189,0.2453366262694409,0.4110508850228785,0.2932786250434954,0.2020523445086661,0.2174531777129081,0.3968288707870204,0.2688742660267875,0.1682504094699372,15.456207454974775,25.896205756441358,18.47655337774021,12.729297704045962,0.2188408362461877,0.1959129934952069,0.2077369195004576,0.2830991271924551,0.2092142881736514,0.3835828057143435,0.256707566144048,0.1694177534269489,0.290128823580533,0.4335739431754706,0.3355923072641364,0.2437528482834764,4.02556571893468,2.639455783205808,3.4447784834322563,4.903371750410774,4.113676795473599,4.121823319138828,4.117877329136152,4.096673144993203,0.2708113933828163,0.2056421314565021,0.1487015575507851,0.196391785937671,0.0914628694678237,0.2240388012581755,0.2521321753256102,0.1012717609207041,0.1896611826948105,0.1899111572302954,0.2013596208611577,0.2584119031323174,0.1026174825898522,0.0865748488979374,0.1243986846255072,0.1011464344551655
