stem,group,participant,status,error,age,sex,original_n_channels,original_sfreq,final_n_channels,final_sfreq,duration_s,reference_method
Part01_restEO,td,1,ok,,8.0,F,32,256.0,17,256.0,121.0,average_reference_common_17
Part02_restEO,td,2,ok,,9.0,F,32,256.0,17,256.0,123.0,average_reference_common_17
Part03_restEO,td,3,ok,,11.0,M,32,256.0,17,256.0,120.0,average_reference_common_17
Part04_restEO,td,4,ok,,10.0,M,32,256.0,17,256.0,119.0,average_reference_common_17
Part05_restEO,td,5,ok,,11.0,F,32,256.0,17,256.0,120.0,average_reference_common_17
Part06_restEO,td,6,ok,,10.0,F,32,256.0,17,256.0,124.0,average_reference_common_17
Part07_restEO,td,7,ok,,10.0,F,32,256.0,17,256.0,121.0,average_reference_common_17
Part08_restEO,td,8,ok,,9.0,F,32,256.0,17,256.0,121.0,average_reference_common_17
Part09_restEO,td,9,ok,,11.0,M,32,256.0,17,256.0,120.0,average_reference_common_17
Part10_restEO,td,10,ok,,10.0,F,32,256.0,17,256.0,127.0,average_reference_common_17
Part11_restEO,td,11,ok,,11.0,M,32,256.0,17,256.0,120.0,average_reference_common_17
Part12_restEO,td,12,ok,,12.0,F,32,256.0,17,256.0,119.0,average_reference_common_17
Part13_restEO,td,13,ok,,13.0,F,32,256.0,17,256.0,119.0,average_reference_common_17
Part14_restEO,td,14,ok,,8.0,F,32,256.0,17,256.0,126.0,average_reference_common_17
Part15_restEO,td,15,ok,,11.0,F,32,256.0,17,256.0,123.0,average_reference_common_17
Part16_restEO,td,16,ok,,10.0,F,32,256.0,17,256.0,120.0,average_reference_common_17
Part17_restEO,td,17,ok,,9.0,M,32,256.0,17,256.0,120.0,average_reference_common_17
Part18_restEO,td,18,ok,,10.0,F,32,256.0,17,256.0,120.0,average_reference_common_17
Part19_restEO,td,19,ok,,11.0,F,32,256.0,17,256.0,120.0,average_reference_common_17
Part20_restEO,td,20,ok,,11.0,F,32,256.0,17,256.0,128.0,average_reference_common_17
Part21_restEO,td,21,ok,,9.0,F,32,256.0,17,256.0,139.0,average_reference_common_17
Part22_restEO,td,22,ok,,9.0,F,32,256.0,17,256.0,123.0,average_reference_common_17
Part23_restEO,td,23,ok,,11.0,F,32,256.0,17,256.0,121.0,average_reference_common_17
Part24_restEO,td,24,ok,,11.0,F,32,256.0,17,256.0,125.0,average_reference_common_17
Part25_restEO,td,25,ok,,9.0,M,32,256.0,17,256.0,130.0,average_reference_common_17
Part26_restEO,td,26,ok,,10.0,M,32,256.0,17,256.0,163.0,average_reference_common_17
Part27_restEO,td,27,ok,,12.0,M,32,256.0,17,256.0,121.0,average_reference_common_17
Part28_restEO,td,28,ok,,10.0,M,32,256.0,17,256.0,126.0,average_reference_common_17
Part29_restEO,td,29,ok,,11.0,M,32,256.0,17,256.0,140.0,average_reference_common_17
Part30_restEO,td,30,ok,,10.0,F,32,256.0,17,256.0,125.0,average_reference_common_17
Part31_restEO,td,31,ok,,8.0,M,32,256.0,17,256.0,125.0,average_reference_common_17
Part01_restEO,asd,1,ok,,9.0,F,24,500.0,17,256.0,136.703125,average_reference_common_17
Part02_restEO,asd,2,ok,,9.0,M,24,500.0,17,256.0,123.390625,average_reference_common_17
Part03_restEO,asd,3,ok,,9.0,M,24,500.0,17,256.0,129.0234375,average_reference_common_17
Part04_restEO,asd,4,ok,,11.0,F,24,500.0,17,256.0,129.53515625,average_reference_common_17
Part05_restEO,asd,5,ok,,12.0,M,24,500.0,17,256.0,124.9296875,average_reference_common_17
Part06_restEO,asd,6,ok,,11.0,M,24,500.0,17,256.0,129.0234375,average_reference_common_17
Part07_restEO,asd,7,ok,,9.0,M,24,500.0,17,256.0,125.953125,average_reference_common_17
Part08_restEO,asd,8,ok,,7.0,M,24,500.0,17,256.0,130.046875,average_reference_common_17
Part09_restEO,asd,9,ok,,9.0,M,24,500.0,17,256.0,124.9296875,average_reference_common_17
Part10_restEO,asd,10,ok,,9.0,M,24,500.0,17,256.0,143.87109375,average_reference_common_17
Part11_restEO,asd,11,ok,,9.0,M,24,500.0,17,256.0,126.46484375,average_reference_common_17
Part12_restEO,asd,12,ok,,9.0,M,24,500.0,17,256.0,127.48828125,average_reference_common_17
Part13_restEO,asd,13,ok,,10.0,M,24,500.0,17,256.0,125.953125,average_reference_common_17
Part14_restEO,asd,14,ok,,12.0,M,24,500.0,17,256.0,124.9296875,average_reference_common_17
Part15_restEO,asd,15,ok,,12.0,M,24,500.0,17,256.0,122.3671875,average_reference_common_17
Part16_restEO,asd,16,ok,,9.0,M,24,500.0,17,256.0,124.4140625,average_reference_common_17
Part17_restEO,asd,17,ok,,11.0,M,24,500.0,17,256.0,122.87890625,average_reference_common_17
Part18_restEO,asd,18,ok,,12.0,M,24,500.0,17,256.0,122.3671875,average_reference_common_17
Part19_restEO,asd,19,ok,,12.0,M,24,500.0,17,256.0,123.390625,average_reference_common_17
Part20_restEO,asd,20,ok,,8.0,M,24,500.0,17,256.0,127.48828125,average_reference_common_17
Part21_restEO,asd,21,ok,,11.0,M,24,500.0,17,256.0,125.44140625,average_reference_common_17
Part22_restEO,asd,22,ok,,9.0,M,24,500.0,17,256.0,141.82421875,average_reference_common_17
Part23_restEO,asd,23,ok,,9.0,M,24,500.0,17,256.0,123.390625,average_reference_common_17
Part24_restEO,asd,24,ok,,11.0,M,24,500.0,17,256.0,127.48828125,average_reference_common_17
Part25_restEO,asd,25,ok,,9.0,M,24,500.0,17,256.0,126.46484375,average_reference_common_17
Part26_restEO,asd,26,ok,,9.0,M,24,500.0,17,256.0,105.47265625,average_reference_common_17
Part27_restEO,asd,27,ok,,9.0,M,24,500.0,17,256.0,120.83203125,average_reference_common_17
Part28_restEO,asd,28,ok,,8.0,M,24,500.0,17,256.0,123.90234375,average_reference_common_17
Part29_restEO,asd,29,ok,,8.0,M,24,500.0,17,256.0,129.0234375,average_reference_common_17
Part30_restEO,asd,30,ok,,9.0,M,24,500.0,17,256.0,126.46484375,average_reference_common_17
Part31_restEO,asd,31,ok,,7.0,M,24,500.0,17,256.0,121.85546875,average_reference_common_17
