stem,group,status,error,n_channels,n_times,sfreq,duration_s,finite,nan_count,inf_count,mean_abs_uv,std_mean_uv,min_uv,max_uv,p99_abs_uv,zero_variance_channels,extreme_abs_gt_500_uv,mne_rawarray,original_n_channels,original_sfreq,age,sex
Part01_restEO,td,ok,,17,30976,256.0,121.0,True,0,0,225.98928009010592,280.15086843849724,-2278.479039677553,3220.423383077868,1381.3823965686959,0,50368,True,32,256.0,8.0,F
Part02_restEO,td,ok,,17,31488,256.0,123.0,True,0,0,150.24232702912903,194.92826523629682,-2388.41043627417,2654.729461175465,960.5047388584728,0,23651,True,32,256.0,9.0,F
Part03_restEO,td,ok,,17,30720,256.0,120.0,True,0,0,110.76790652811387,150.4462914801953,-1607.0327039448266,1917.9409834459157,473.7084741574737,0,4373,True,32,256.0,11.0,M
Part04_restEO,td,ok,,17,30464,256.0,119.0,True,0,0,29.804991308986498,38.285075094747235,-580.4666326495654,741.1292577387612,114.19863274701964,0,14,True,32,256.0,10.0,M
Part05_restEO,td,ok,,17,30720,256.0,120.0,True,0,0,239.71434382464392,309.013624489566,-4648.901171880495,4642.636729186087,2212.6818805925814,0,54485,True,32,256.0,11.0,F
Part06_restEO,td,ok,,17,31744,256.0,124.0,True,0,0,36.61757675259531,53.49988574237644,-819.6565237385842,754.6543315038243,244.06253358508775,0,845,True,32,256.0,10.0,F
Part07_restEO,td,ok,,17,30976,256.0,121.0,True,0,0,107.30055629535633,174.49786639966325,-9414.150928991025,9623.245853729704,1379.417901546543,0,18380,True,32,256.0,10.0,F
Part08_restEO,td,ok,,17,30976,256.0,121.0,True,0,0,113.21158074287852,455.3605749852188,-81725.83593148418,169652.64481851584,560.7290297613442,0,7643,True,32,256.0,9.0,F
Part09_restEO,td,ok,,17,30720,256.0,120.0,True,0,0,124.94928202946262,159.23856474583124,-1039.9997045599762,1147.387334321339,629.3324844172444,0,11908,True,32,256.0,11.0,M
Part10_restEO,td,ok,,17,32512,256.0,127.0,True,0,0,10.703948574174298,13.711337156109618,-193.77578872248677,273.0455602185199,46.476112299538336,0,0,True,32,256.0,10.0,F
Part11_restEO,td,ok,,17,30720,256.0,120.0,True,0,0,1366.2216142698155,3099.146443951461,-89936.8545290399,152661.7089776939,12801.683533533633,0,181316,True,32,256.0,11.0,M
Part12_restEO,td,ok,,17,30464,256.0,119.0,True,0,0,19.390816553559738,26.95215507436012,-515.4549296475474,593.8309346529246,186.22300583732076,0,40,True,32,256.0,12.0,F
Part13_restEO,td,ok,,17,30464,256.0,119.0,True,0,0,83.58830535004637,142.7825892517753,-8400.113995068037,2233.5921484972628,675.34621858843,0,9396,True,32,256.0,13.0,F
Part14_restEO,td,ok,,17,32256,256.0,126.0,True,0,0,23.997988260714166,35.48765406709432,-464.0068903112908,770.216882984543,129.0696056451812,0,216,True,32,256.0,8.0,F
Part15_restEO,td,ok,,17,31488,256.0,123.0,True,0,0,2314.356979200663,5698.4505558153,-166543.9825653269,275228.90936971456,29219.444604104418,0,246378,True,32,256.0,11.0,F
Part16_restEO,td,ok,,17,30720,256.0,120.0,True,0,0,230.80707482092484,348.59000590743426,-3641.7314455287274,4053.383587724194,1624.1723183532188,0,63111,True,32,256.0,10.0,F
Part17_restEO,td,ok,,17,30720,256.0,120.0,True,0,0,19.127552747025682,25.312724410221954,-253.91747510035373,306.1679146965553,104.76802148034189,0,0,True,32,256.0,9.0,M
Part18_restEO,td,ok,,17,30720,256.0,120.0,True,0,0,97.24766403302164,426.7041700432898,-55903.919855558386,17151.03058109029,1395.0315036077175,0,18509,True,32,256.0,10.0,F
Part19_restEO,td,ok,,17,30720,256.0,120.0,True,0,0,157.63757443216917,453.9191811414883,-11165.39908312048,30396.953503491583,2437.2802399811576,0,23623,True,32,256.0,11.0,F
Part20_restEO,td,ok,,17,32768,256.0,128.0,True,0,0,34.1924154150819,45.06459110880143,-744.5877985082835,706.1672611031001,204.6852908336504,0,174,True,32,256.0,11.0,F
Part21_restEO,td,ok,,17,35584,256.0,139.0,True,0,0,26.994082123113518,34.66793871485938,-534.424870718531,587.5183502281456,163.27839868830395,0,28,True,32,256.0,9.0,F
Part22_restEO,td,ok,,17,31488,256.0,123.0,True,0,0,4479.360915521809,10278.411614610042,-388274.9570437965,465770.3108826603,79838.56436040177,0,222506,True,32,256.0,9.0,F
Part23_restEO,td,ok,,17,30976,256.0,121.0,True,0,0,52.450442403022755,63.78686202215927,-544.5225162173197,541.7426765656526,202.36535671626925,0,38,True,32,256.0,11.0,F
Part24_restEO,td,ok,,17,32000,256.0,125.0,True,0,0,40.355173140833394,55.40886892219911,-1952.9640707609753,1339.6851518969033,230.62255689196616,0,960,True,32,256.0,11.0,F
Part25_restEO,td,ok,,17,33280,256.0,130.0,True,0,0,82.62852174235574,366.5450910417103,-62488.976940525936,42657.26550925595,874.4896643528339,0,12131,True,32,256.0,9.0,M
Part26_restEO,td,ok,,17,41728,256.0,163.0,True,0,0,6161.969371721323,9352.837788410981,-317443.06085962243,309996.61775366764,69842.23004177785,0,624617,True,32,256.0,10.0,M
Part27_restEO,td,ok,,17,30976,256.0,121.0,True,0,0,1060.606900011703,1485.6700805628193,-78663.01187414338,118805.66679121045,14885.34611095537,0,246281,True,32,256.0,12.0,M
Part28_restEO,td,ok,,17,32256,256.0,126.0,True,0,0,2118.463892093083,2966.983017722825,-162059.0547068353,120570.9423148994,29620.348552448217,0,381810,True,32,256.0,10.0,M
Part29_restEO,td,ok,,17,35840,256.0,140.0,True,0,0,4996.24885421958,6890.492807205697,-344575.59578013,329398.22265907173,72177.5647113317,0,524125,True,32,256.0,11.0,M
Part30_restEO,td,ok,,17,32000,256.0,125.0,True,0,0,16.473891229162454,22.039822077140318,-438.8848994548918,515.8759410091378,71.592834694539,0,2,True,32,256.0,10.0,F
Part31_restEO,td,ok,,17,32000,256.0,125.0,True,0,0,51.345009111188595,92.84319113749372,-2828.5516558244963,1796.823130434195,447.2480845351845,0,4540,True,32,256.0,8.0,M
Part01_restEO,asd,ok,,17,34996,256.0,136.703125,True,0,0,5892.164606800743,231.09998470615994,-23207.716589148633,10513.57836122514,23095.141587533588,0,547392,True,24,500.0,9.0,F
Part02_restEO,asd,ok,,17,31588,256.0,123.390625,True,0,0,3131.6363010566433,291.97548869219486,-6813.490358263144,12487.500078896397,11874.134850636416,0,482006,True,24,500.0,9.0,M
Part03_restEO,asd,ok,,17,33030,256.0,129.0234375,True,0,0,2409.1056018366994,265.08180242380274,-4633.61433965516,8918.404558521603,8513.00866450606,0,474535,True,24,500.0,9.0,M
Part04_restEO,asd,ok,,17,33161,256.0,129.53515625,True,0,0,2936.679130341839,190.926753705252,-8956.693147889837,10642.879756325006,10540.62491177426,0,476140,True,24,500.0,11.0,F
Part05_restEO,asd,ok,,17,31982,256.0,124.9296875,True,0,0,3736.7206820575807,129.93831966752813,-7846.2271879141745,10125.747427113163,9925.52490500578,0,517703,True,24,500.0,12.0,M
Part06_restEO,asd,ok,,17,33030,256.0,129.0234375,True,0,0,4832.118229103643,152.80529809198342,-9633.522463088228,15520.13807342417,15110.006087454827,0,469002,True,24,500.0,11.0,M
Part07_restEO,asd,ok,,17,32244,256.0,125.953125,True,0,0,2586.1151359643877,299.0722197945206,-6130.885870059952,12857.931563187703,12074.257216963884,0,505064,True,24,500.0,9.0,M
Part08_restEO,asd,ok,,17,33292,256.0,130.046875,True,0,0,7213.216414458166,260.40399150671647,-14326.445247884449,15714.055478523316,15060.532509170114,0,552471,True,24,500.0,7.0,M
Part09_restEO,asd,ok,,17,31982,256.0,124.9296875,True,0,0,3322.982637428958,193.1935883306029,-7275.22593588304,23073.767038488662,22369.810215747104,0,472864,True,24,500.0,9.0,M
Part10_restEO,asd,ok,,17,36831,256.0,143.87109375,True,0,0,2569.9048937142275,219.26540122159722,-7146.313933972443,5099.265788912592,6341.532209747704,0,548930,True,24,500.0,9.0,M
Part11_restEO,asd,ok,,17,32375,256.0,126.46484375,True,0,0,3832.8171032853197,116.2466922431441,-6372.923152118078,9903.814180768037,9810.095187636352,0,490195,True,24,500.0,9.0,M
Part12_restEO,asd,ok,,17,32637,256.0,127.48828125,True,0,0,20898.929655548294,499.41541870058194,-44685.700464319285,178174.27032486052,177985.34945222942,0,554829,True,24,500.0,9.0,M
Part13_restEO,asd,ok,,17,32244,256.0,125.953125,True,0,0,3536.2216143683186,204.71832891261545,-6454.133396035686,7637.669414380459,7513.108957862226,0,518623,True,24,500.0,10.0,M
Part14_restEO,asd,ok,,17,31982,256.0,124.9296875,True,0,0,3293.4570646736306,390.5317446688168,-4942.631431795861,9992.192260911926,9741.485865962844,0,507380,True,24,500.0,12.0,M
Part15_restEO,asd,ok,,17,31326,256.0,122.3671875,True,0,0,1664.3321056803602,210.35072331974777,-4980.527521681184,5330.349248923285,5161.34187571446,0,456287,True,24,500.0,12.0,M
Part16_restEO,asd,ok,,17,31850,256.0,124.4140625,True,0,0,3399.932860633127,171.06607556947992,-17706.62377923749,7234.119947854024,17322.23169723677,0,520922,True,24,500.0,9.0,M
Part17_restEO,asd,ok,,17,31457,256.0,122.87890625,True,0,0,1826.4873301391629,111.82165638115485,-3831.6748220334953,4537.487259332954,4466.60443606841,0,408941,True,24,500.0,11.0,M
Part18_restEO,asd,ok,,17,31326,256.0,122.3671875,True,0,0,5013.421010178183,277.76361127230746,-15099.854239831058,11001.033372644328,14331.428239006502,0,456690,True,24,500.0,12.0,M
Part19_restEO,asd,ok,,17,31588,256.0,123.390625,True,0,0,3413.63851750838,862.9534375138201,-9674.582347474334,18429.934712745573,11671.938556887475,0,488767,True,24,500.0,12.0,M
Part20_restEO,asd,ok,,17,32637,256.0,127.48828125,True,0,0,1905.7829374446949,397.9368077781747,-5290.733316709581,5158.236464282259,4751.818947279859,0,488969,True,24,500.0,8.0,M
Part21_restEO,asd,ok,,17,32113,256.0,125.44140625,True,0,0,2788.904304512732,471.4805574520006,-7840.711409623239,8185.112241436739,8105.060023956561,0,481865,True,24,500.0,11.0,M
Part22_restEO,asd,ok,,17,36307,256.0,141.82421875,True,0,0,2684.794795612305,124.01307498224041,-6129.88310916193,5434.682275263245,6052.59781112318,0,578279,True,24,500.0,9.0,M
Part23_restEO,asd,ok,,17,31588,256.0,123.390625,True,0,0,1653.0963975642185,84.59630964433494,-6541.183758031544,5512.409438037611,6448.007455380584,0,424806,True,24,500.0,9.0,M
Part24_restEO,asd,ok,,17,32637,256.0,127.48828125,True,0,0,4797.639865138868,98.74801198599104,-11029.992176176425,7320.084933453691,10968.923454155974,0,478810,True,24,500.0,11.0,M
Part25_restEO,asd,ok,,17,32375,256.0,126.46484375,True,0,0,3316.794027154554,305.6211071449821,-8512.370866527132,9361.018026781754,8277.403627517895,0,533390,True,24,500.0,9.0,M
Part26_restEO,asd,ok,,17,27001,256.0,105.47265625,True,0,0,2358.2292245902513,589.7192068479176,-6605.90487847491,13540.353978638472,5745.5101701746535,0,439539,True,24,500.0,9.0,M
Part27_restEO,asd,ok,,17,30933,256.0,120.83203125,True,0,0,2489.6339470523794,476.83618082309977,-7607.78699490464,10046.884257245618,9146.061484841974,0,424200,True,24,500.0,9.0,M
Part28_restEO,asd,ok,,17,31719,256.0,123.90234375,True,0,0,1845.8808837385527,126.27351048401627,-6134.063437852778,2704.547337715761,5860.668374512769,0,506351,True,24,500.0,8.0,M
Part29_restEO,asd,ok,,17,33030,256.0,129.0234375,True,0,0,2114.867309594756,358.8712778039042,-6390.64196032269,15885.737534903308,5737.932335493575,0,521967,True,24,500.0,8.0,M
Part30_restEO,asd,ok,,17,32375,256.0,126.46484375,True,0,0,3286.824558393157,384.129676819349,-7970.1456749107065,7790.230347165255,7748.070357750623,0,514479,True,24,500.0,9.0,M
Part31_restEO,asd,ok,,17,31195,256.0,121.85546875,True,0,0,2248.1526938967836,177.3540341687545,-5965.445756350516,8071.623960146584,7854.929570239456,0,442248,True,24,500.0,7.0,M
