stem,group,participant,source_file,status,error,sfreq,n_channels,n_times,duration_s,channel_match,age,sex,data_path,meta_path
Part01_restEO,td,1,"C:\Users\Орина\Desktop\neuro-atypicality\data\raw\mexico_duville\td\Task-irrelevant affective prosody perception by typically developed children under attentional loads electroencephalographic, behavioural data, and psychometric evaluation of autistic patterns in daily conducts\EEG\Part01\Part01_restEO.gdf",ok,,256.0,32.0,30976.0,121.0,True,8,F,C:\Users\Орина\Desktop\neuro-atypicality\data\raw\mexico_duville\converted\td\Part01_restEO_data.npy,C:\Users\Орина\Desktop\neuro-atypicality\data\raw\mexico_duville\converted\td\Part01_restEO_metadata.json
Part02_restEO,td,2,"C:\Users\Орина\Desktop\neuro-atypicality\data\raw\mexico_duville\td\Task-irrelevant affective prosody perception by typically developed children under attentional loads electroencephalographic, behavioural data, and psychometric evaluation of autistic patterns in daily conducts\EEG\Part02\Part02_restEO.gdf",ok,,256.0,32.0,31488.0,123.0,True,9,F,C:\Users\Орина\Desktop\neuro-atypicality\data\raw\mexico_duville\converted\td\Part02_restEO_data.npy,C:\Users\Орина\Desktop\neuro-atypicality\data\raw\mexico_duville\converted\td\Part02_restEO_metadata.json
Part03_restEO,td,3,"C:\Users\Орина\Desktop\neuro-atypicality\data\raw\mexico_duville\td\Task-irrelevant affective prosody perception by typically developed children under attentional loads electroencephalographic, behavioural data, and psychometric evaluation of autistic patterns in daily conducts\EEG\Part03\Part03_restEO.gdf",ok,,256.0,32.0,30720.0,120.0,True,11,M,C:\Users\Орина\Desktop\neuro-atypicality\data\raw\mexico_duville\converted\td\Part03_restEO_data.npy,C:\Users\Орина\Desktop\neuro-atypicality\data\raw\mexico_duville\converted\td\Part03_restEO_metadata.json
Part04_restEO,td,4,"C:\Users\Орина\Desktop\neuro-atypicality\data\raw\mexico_duville\td\Task-irrelevant affective prosody perception by typically developed children under attentional loads electroencephalographic, behavioural data, and psychometric evaluation of autistic patterns in daily conducts\EEG\Part04\Part04_restEO.gdf",ok,,256.0,32.0,30464.0,119.0,True,10,M,C:\Users\Орина\Desktop\neuro-atypicality\data\raw\mexico_duville\converted\td\Part04_restEO_data.npy,C:\Users\Орина\Desktop\neuro-atypicality\data\raw\mexico_duville\converted\td\Part04_restEO_metadata.json
Part05_restEO,td,5,"C:\Users\Орина\Desktop\neuro-atypicality\data\raw\mexico_duville\td\Task-irrelevant affective prosody perception by typically developed children under attentional loads electroencephalographic, behavioural data, and psychometric evaluation of autistic patterns in daily conducts\EEG\Part05\Part05_restEO.gdf",ok,,256.0,32.0,30720.0,120.0,True,11,F,C:\Users\Орина\Desktop\neuro-atypicality\data\raw\mexico_duville\converted\td\Part05_restEO_data.npy,C:\Users\Орина\Desktop\neuro-atypicality\data\raw\mexico_duville\converted\td\Part05_restEO_metadata.json
Part06_restEO,td,6,"C:\Users\Орина\Desktop\neuro-atypicality\data\raw\mexico_duville\td\Task-irrelevant affective prosody perception by typically developed children under attentional loads electroencephalographic, behavioural data, and psychometric evaluation of autistic patterns in daily conducts\EEG\Part06\Part06_restEO.gdf",ok,,256.0,32.0,31744.0,124.0,True,10,F,C:\Users\Орина\Desktop\neuro-atypicality\data\raw\mexico_duville\converted\td\Part06_restEO_data.npy,C:\Users\Орина\Desktop\neuro-atypicality\data\raw\mexico_duville\converted\td\Part06_restEO_metadata.json
Part07_restEO,td,7,"C:\Users\Орина\Desktop\neuro-atypicality\data\raw\mexico_duville\td\Task-irrelevant affective prosody perception by typically developed children under attentional loads electroencephalographic, behavioural data, and psychometric evaluation of autistic patterns in daily conducts\EEG\Part07\Part07_restEO.gdf",ok,,256.0,32.0,30976.0,121.0,True,10,F,C:\Users\Орина\Desktop\neuro-atypicality\data\raw\mexico_duville\converted\td\Part07_restEO_data.npy,C:\Users\Орина\Desktop\neuro-atypicality\data\raw\mexico_duville\converted\td\Part07_restEO_metadata.json
Part08_restEO,td,8,"C:\Users\Орина\Desktop\neuro-atypicality\data\raw\mexico_duville\td\Task-irrelevant affective prosody perception by typically developed children under attentional loads electroencephalographic, behavioural data, and psychometric evaluation of autistic patterns in daily conducts\EEG\Part08\Part08_restEO.gdf",ok,,256.0,32.0,30976.0,121.0,True,9,F,C:\Users\Орина\Desktop\neuro-atypicality\data\raw\mexico_duville\converted\td\Part08_restEO_data.npy,C:\Users\Орина\Desktop\neuro-atypicality\data\raw\mexico_duville\converted\td\Part08_restEO_metadata.json
Part09_restEO,td,9,"C:\Users\Орина\Desktop\neuro-atypicality\data\raw\mexico_duville\td\Task-irrelevant affective prosody perception by typically developed children under attentional loads electroencephalographic, behavioural data, and psychometric evaluation of autistic patterns in daily conducts\EEG\Part09\Part09_restEO.gdf",ok,,256.0,32.0,30720.0,120.0,True,11,M,C:\Users\Орина\Desktop\neuro-atypicality\data\raw\mexico_duville\converted\td\Part09_restEO_data.npy,C:\Users\Орина\Desktop\neuro-atypicality\data\raw\mexico_duville\converted\td\Part09_restEO_metadata.json
Part10_restEO,td,10,"C:\Users\Орина\Desktop\neuro-atypicality\data\raw\mexico_duville\td\Task-irrelevant affective prosody perception by typically developed children under attentional loads electroencephalographic, behavioural data, and psychometric evaluation of autistic patterns in daily conducts\EEG\Part10\Part10_restEO.gdf",ok,,256.0,32.0,32512.0,127.0,True,10,F,C:\Users\Орина\Desktop\neuro-atypicality\data\raw\mexico_duville\converted\td\Part10_restEO_data.npy,C:\Users\Орина\Desktop\neuro-atypicality\data\raw\mexico_duville\converted\td\Part10_restEO_metadata.json
Part11_restEO,td,11,"C:\Users\Орина\Desktop\neuro-atypicality\data\raw\mexico_duville\td\Task-irrelevant affective prosody perception by typically developed children under attentional loads electroencephalographic, behavioural data, and psychometric evaluation of autistic patterns in daily conducts\EEG\Part11\Part11_restEO.gdf",ok,,256.0,32.0,30720.0,120.0,True,11,M,C:\Users\Орина\Desktop\neuro-atypicality\data\raw\mexico_duville\converted\td\Part11_restEO_data.npy,C:\Users\Орина\Desktop\neuro-atypicality\data\raw\mexico_duville\converted\td\Part11_restEO_metadata.json
Part12_restEO,td,12,"C:\Users\Орина\Desktop\neuro-atypicality\data\raw\mexico_duville\td\Task-irrelevant affective prosody perception by typically developed children under attentional loads electroencephalographic, behavioural data, and psychometric evaluation of autistic patterns in daily conducts\EEG\Part12\Part12_restEO.gdf",ok,,256.0,32.0,30464.0,119.0,True,12,F,C:\Users\Орина\Desktop\neuro-atypicality\data\raw\mexico_duville\converted\td\Part12_restEO_data.npy,C:\Users\Орина\Desktop\neuro-atypicality\data\raw\mexico_duville\converted\td\Part12_restEO_metadata.json
Part13_restEO,td,13,"C:\Users\Орина\Desktop\neuro-atypicality\data\raw\mexico_duville\td\Task-irrelevant affective prosody perception by typically developed children under attentional loads electroencephalographic, behavioural data, and psychometric evaluation of autistic patterns in daily conducts\EEG\Part13\Part13_restEO.gdf",ok,,256.0,32.0,30464.0,119.0,True,13,F,C:\Users\Орина\Desktop\neuro-atypicality\data\raw\mexico_duville\converted\td\Part13_restEO_data.npy,C:\Users\Орина\Desktop\neuro-atypicality\data\raw\mexico_duville\converted\td\Part13_restEO_metadata.json
Part14_restEO,td,14,"C:\Users\Орина\Desktop\neuro-atypicality\data\raw\mexico_duville\td\Task-irrelevant affective prosody perception by typically developed children under attentional loads electroencephalographic, behavioural data, and psychometric evaluation of autistic patterns in daily conducts\EEG\Part14\Part14_restEO.gdf",ok,,256.0,32.0,32256.0,126.0,True,8,F,C:\Users\Орина\Desktop\neuro-atypicality\data\raw\mexico_duville\converted\td\Part14_restEO_data.npy,C:\Users\Орина\Desktop\neuro-atypicality\data\raw\mexico_duville\converted\td\Part14_restEO_metadata.json
Part15_restEO,td,15,"C:\Users\Орина\Desktop\neuro-atypicality\data\raw\mexico_duville\td\Task-irrelevant affective prosody perception by typically developed children under attentional loads electroencephalographic, behavioural data, and psychometric evaluation of autistic patterns in daily conducts\EEG\Part15\Part15_restEO.gdf",ok,,256.0,32.0,31488.0,123.0,True,11,F,C:\Users\Орина\Desktop\neuro-atypicality\data\raw\mexico_duville\converted\td\Part15_restEO_data.npy,C:\Users\Орина\Desktop\neuro-atypicality\data\raw\mexico_duville\converted\td\Part15_restEO_metadata.json
Part16_restEO,td,16,"C:\Users\Орина\Desktop\neuro-atypicality\data\raw\mexico_duville\td\Task-irrelevant affective prosody perception by typically developed children under attentional loads electroencephalographic, behavioural data, and psychometric evaluation of autistic patterns in daily conducts\EEG\Part16\Part16_restEO.gdf",ok,,256.0,32.0,30720.0,120.0,True,10,F,C:\Users\Орина\Desktop\neuro-atypicality\data\raw\mexico_duville\converted\td\Part16_restEO_data.npy,C:\Users\Орина\Desktop\neuro-atypicality\data\raw\mexico_duville\converted\td\Part16_restEO_metadata.json
Part17_restEO,td,17,"C:\Users\Орина\Desktop\neuro-atypicality\data\raw\mexico_duville\td\Task-irrelevant affective prosody perception by typically developed children under attentional loads electroencephalographic, behavioural data, and psychometric evaluation of autistic patterns in daily conducts\EEG\Part17\Part17_restEO.gdf",ok,,256.0,32.0,30720.0,120.0,True,9,M,C:\Users\Орина\Desktop\neuro-atypicality\data\raw\mexico_duville\converted\td\Part17_restEO_data.npy,C:\Users\Орина\Desktop\neuro-atypicality\data\raw\mexico_duville\converted\td\Part17_restEO_metadata.json
Part18_restEO,td,18,"C:\Users\Орина\Desktop\neuro-atypicality\data\raw\mexico_duville\td\Task-irrelevant affective prosody perception by typically developed children under attentional loads electroencephalographic, behavioural data, and psychometric evaluation of autistic patterns in daily conducts\EEG\Part18\Part18_restEO.gdf",ok,,256.0,32.0,30720.0,120.0,True,10,F,C:\Users\Орина\Desktop\neuro-atypicality\data\raw\mexico_duville\converted\td\Part18_restEO_data.npy,C:\Users\Орина\Desktop\neuro-atypicality\data\raw\mexico_duville\converted\td\Part18_restEO_metadata.json
Part19_restEO,td,19,"C:\Users\Орина\Desktop\neuro-atypicality\data\raw\mexico_duville\td\Task-irrelevant affective prosody perception by typically developed children under attentional loads electroencephalographic, behavioural data, and psychometric evaluation of autistic patterns in daily conducts\EEG\Part19\Part19_restEO.gdf",ok,,256.0,32.0,30720.0,120.0,True,11,F,C:\Users\Орина\Desktop\neuro-atypicality\data\raw\mexico_duville\converted\td\Part19_restEO_data.npy,C:\Users\Орина\Desktop\neuro-atypicality\data\raw\mexico_duville\converted\td\Part19_restEO_metadata.json
Part20_restEO,td,20,"C:\Users\Орина\Desktop\neuro-atypicality\data\raw\mexico_duville\td\Task-irrelevant affective prosody perception by typically developed children under attentional loads electroencephalographic, behavioural data, and psychometric evaluation of autistic patterns in daily conducts\EEG\Part20\Part20_restEO.gdf",ok,,256.0,32.0,32768.0,128.0,True,11,F,C:\Users\Орина\Desktop\neuro-atypicality\data\raw\mexico_duville\converted\td\Part20_restEO_data.npy,C:\Users\Орина\Desktop\neuro-atypicality\data\raw\mexico_duville\converted\td\Part20_restEO_metadata.json
Part21_restEO,td,21,"C:\Users\Орина\Desktop\neuro-atypicality\data\raw\mexico_duville\td\Task-irrelevant affective prosody perception by typically developed children under attentional loads electroencephalographic, behavioural data, and psychometric evaluation of autistic patterns in daily conducts\EEG\Part21\Part21_restEO.gdf",ok,,256.0,32.0,35584.0,139.0,True,9,F,C:\Users\Орина\Desktop\neuro-atypicality\data\raw\mexico_duville\converted\td\Part21_restEO_data.npy,C:\Users\Орина\Desktop\neuro-atypicality\data\raw\mexico_duville\converted\td\Part21_restEO_metadata.json
Part22_restEO,td,22,"C:\Users\Орина\Desktop\neuro-atypicality\data\raw\mexico_duville\td\Task-irrelevant affective prosody perception by typically developed children under attentional loads electroencephalographic, behavioural data, and psychometric evaluation of autistic patterns in daily conducts\EEG\Part22\Part22_restEO.gdf",ok,,256.0,32.0,31488.0,123.0,True,9,F,C:\Users\Орина\Desktop\neuro-atypicality\data\raw\mexico_duville\converted\td\Part22_restEO_data.npy,C:\Users\Орина\Desktop\neuro-atypicality\data\raw\mexico_duville\converted\td\Part22_restEO_metadata.json
Part23_restEO,td,23,"C:\Users\Орина\Desktop\neuro-atypicality\data\raw\mexico_duville\td\Task-irrelevant affective prosody perception by typically developed children under attentional loads electroencephalographic, behavioural data, and psychometric evaluation of autistic patterns in daily conducts\EEG\Part23\Part23_restEO.gdf",ok,,256.0,32.0,30976.0,121.0,True,11,F,C:\Users\Орина\Desktop\neuro-atypicality\data\raw\mexico_duville\converted\td\Part23_restEO_data.npy,C:\Users\Орина\Desktop\neuro-atypicality\data\raw\mexico_duville\converted\td\Part23_restEO_metadata.json
Part24_restEO,td,24,"C:\Users\Орина\Desktop\neuro-atypicality\data\raw\mexico_duville\td\Task-irrelevant affective prosody perception by typically developed children under attentional loads electroencephalographic, behavioural data, and psychometric evaluation of autistic patterns in daily conducts\EEG\Part24\Part24_restEO.gdf",ok,,256.0,32.0,32000.0,125.0,True,11,F,C:\Users\Орина\Desktop\neuro-atypicality\data\raw\mexico_duville\converted\td\Part24_restEO_data.npy,C:\Users\Орина\Desktop\neuro-atypicality\data\raw\mexico_duville\converted\td\Part24_restEO_metadata.json
Part25_restEO,td,25,"C:\Users\Орина\Desktop\neuro-atypicality\data\raw\mexico_duville\td\Task-irrelevant affective prosody perception by typically developed children under attentional loads electroencephalographic, behavioural data, and psychometric evaluation of autistic patterns in daily conducts\EEG\Part25\Part25_restEO.gdf",ok,,256.0,32.0,33280.0,130.0,True,9,M,C:\Users\Орина\Desktop\neuro-atypicality\data\raw\mexico_duville\converted\td\Part25_restEO_data.npy,C:\Users\Орина\Desktop\neuro-atypicality\data\raw\mexico_duville\converted\td\Part25_restEO_metadata.json
Part26_restEO,td,26,"C:\Users\Орина\Desktop\neuro-atypicality\data\raw\mexico_duville\td\Task-irrelevant affective prosody perception by typically developed children under attentional loads electroencephalographic, behavioural data, and psychometric evaluation of autistic patterns in daily conducts\EEG\Part26\Part26_restEO.gdf",ok,,256.0,32.0,41728.0,163.0,True,10,M,C:\Users\Орина\Desktop\neuro-atypicality\data\raw\mexico_duville\converted\td\Part26_restEO_data.npy,C:\Users\Орина\Desktop\neuro-atypicality\data\raw\mexico_duville\converted\td\Part26_restEO_metadata.json
Part27_restEO,td,27,"C:\Users\Орина\Desktop\neuro-atypicality\data\raw\mexico_duville\td\Task-irrelevant affective prosody perception by typically developed children under attentional loads electroencephalographic, behavioural data, and psychometric evaluation of autistic patterns in daily conducts\EEG\Part27\Part27_restEO.gdf",ok,,256.0,32.0,30976.0,121.0,True,12,M,C:\Users\Орина\Desktop\neuro-atypicality\data\raw\mexico_duville\converted\td\Part27_restEO_data.npy,C:\Users\Орина\Desktop\neuro-atypicality\data\raw\mexico_duville\converted\td\Part27_restEO_metadata.json
Part28_restEO,td,28,"C:\Users\Орина\Desktop\neuro-atypicality\data\raw\mexico_duville\td\Task-irrelevant affective prosody perception by typically developed children under attentional loads electroencephalographic, behavioural data, and psychometric evaluation of autistic patterns in daily conducts\EEG\Part28\Part28_restEO.gdf",ok,,256.0,32.0,32256.0,126.0,True,10,M,C:\Users\Орина\Desktop\neuro-atypicality\data\raw\mexico_duville\converted\td\Part28_restEO_data.npy,C:\Users\Орина\Desktop\neuro-atypicality\data\raw\mexico_duville\converted\td\Part28_restEO_metadata.json
Part29_restEO,td,29,"C:\Users\Орина\Desktop\neuro-atypicality\data\raw\mexico_duville\td\Task-irrelevant affective prosody perception by typically developed children under attentional loads electroencephalographic, behavioural data, and psychometric evaluation of autistic patterns in daily conducts\EEG\Part29\Part29_restEO.gdf",ok,,256.0,32.0,35840.0,140.0,True,11,M,C:\Users\Орина\Desktop\neuro-atypicality\data\raw\mexico_duville\converted\td\Part29_restEO_data.npy,C:\Users\Орина\Desktop\neuro-atypicality\data\raw\mexico_duville\converted\td\Part29_restEO_metadata.json
Part30_restEO,td,30,"C:\Users\Орина\Desktop\neuro-atypicality\data\raw\mexico_duville\td\Task-irrelevant affective prosody perception by typically developed children under attentional loads electroencephalographic, behavioural data, and psychometric evaluation of autistic patterns in daily conducts\EEG\Part30\Part30_restEO.gdf",ok,,256.0,32.0,32000.0,125.0,True,10,F,C:\Users\Орина\Desktop\neuro-atypicality\data\raw\mexico_duville\converted\td\Part30_restEO_data.npy,C:\Users\Орина\Desktop\neuro-atypicality\data\raw\mexico_duville\converted\td\Part30_restEO_metadata.json
Part31_restEO,td,31,"C:\Users\Орина\Desktop\neuro-atypicality\data\raw\mexico_duville\td\Task-irrelevant affective prosody perception by typically developed children under attentional loads electroencephalographic, behavioural data, and psychometric evaluation of autistic patterns in daily conducts\EEG\Part31\Part31_restEO.gdf",ok,,256.0,32.0,32000.0,125.0,True,8,M,C:\Users\Орина\Desktop\neuro-atypicality\data\raw\mexico_duville\converted\td\Part31_restEO_data.npy,C:\Users\Орина\Desktop\neuro-atypicality\data\raw\mexico_duville\converted\td\Part31_restEO_metadata.json
Part01_restEO,asd,1,C:\Users\Орина\Desktop\neuro-atypicality\data\raw\mexico_duville\asd\Task-irrelevant affective prosody perception by children with high autistic traits under attentional loads electroencephalographic and behavioural data\EEG\Part01\Part01_restEO.gdf,fail,"ValueError: n_channels=24, expected 32",256.0,,,,False,9,F,C:\Users\Орина\Desktop\neuro-atypicality\data\raw\mexico_duville\converted\asd\Part01_restEO_data.npy,C:\Users\Орина\Desktop\neuro-atypicality\data\raw\mexico_duville\converted\asd\Part01_restEO_metadata.json
Part02_restEO,asd,2,C:\Users\Орина\Desktop\neuro-atypicality\data\raw\mexico_duville\asd\Task-irrelevant affective prosody perception by children with high autistic traits under attentional loads electroencephalographic and behavioural data\EEG\Part02\Part02_restEO.gdf,fail,"ValueError: n_channels=24, expected 32",256.0,,,,False,9,M,C:\Users\Орина\Desktop\neuro-atypicality\data\raw\mexico_duville\converted\asd\Part02_restEO_data.npy,C:\Users\Орина\Desktop\neuro-atypicality\data\raw\mexico_duville\converted\asd\Part02_restEO_metadata.json
Part03_restEO,asd,3,C:\Users\Орина\Desktop\neuro-atypicality\data\raw\mexico_duville\asd\Task-irrelevant affective prosody perception by children with high autistic traits under attentional loads electroencephalographic and behavioural data\EEG\Part03\Part03_restEO.gdf,fail,"ValueError: n_channels=24, expected 32",256.0,,,,False,9,M,C:\Users\Орина\Desktop\neuro-atypicality\data\raw\mexico_duville\converted\asd\Part03_restEO_data.npy,C:\Users\Орина\Desktop\neuro-atypicality\data\raw\mexico_duville\converted\asd\Part03_restEO_metadata.json
Part04_restEO,asd,4,C:\Users\Орина\Desktop\neuro-atypicality\data\raw\mexico_duville\asd\Task-irrelevant affective prosody perception by children with high autistic traits under attentional loads electroencephalographic and behavioural data\EEG\Part04\Part04_restEO.gdf,fail,"ValueError: n_channels=24, expected 32",256.0,,,,False,11,F,C:\Users\Орина\Desktop\neuro-atypicality\data\raw\mexico_duville\converted\asd\Part04_restEO_data.npy,C:\Users\Орина\Desktop\neuro-atypicality\data\raw\mexico_duville\converted\asd\Part04_restEO_metadata.json
Part05_restEO,asd,5,C:\Users\Орина\Desktop\neuro-atypicality\data\raw\mexico_duville\asd\Task-irrelevant affective prosody perception by children with high autistic traits under attentional loads electroencephalographic and behavioural data\EEG\Part05\Part05_restEO.gdf,fail,"ValueError: n_channels=24, expected 32",256.0,,,,False,12,M,C:\Users\Орина\Desktop\neuro-atypicality\data\raw\mexico_duville\converted\asd\Part05_restEO_data.npy,C:\Users\Орина\Desktop\neuro-atypicality\data\raw\mexico_duville\converted\asd\Part05_restEO_metadata.json
Part06_restEO,asd,6,C:\Users\Орина\Desktop\neuro-atypicality\data\raw\mexico_duville\asd\Task-irrelevant affective prosody perception by children with high autistic traits under attentional loads electroencephalographic and behavioural data\EEG\Part06\Part06_restEO.gdf,fail,"ValueError: n_channels=24, expected 32",256.0,,,,False,11,M,C:\Users\Орина\Desktop\neuro-atypicality\data\raw\mexico_duville\converted\asd\Part06_restEO_data.npy,C:\Users\Орина\Desktop\neuro-atypicality\data\raw\mexico_duville\converted\asd\Part06_restEO_metadata.json
Part07_restEO,asd,7,C:\Users\Орина\Desktop\neuro-atypicality\data\raw\mexico_duville\asd\Task-irrelevant affective prosody perception by children with high autistic traits under attentional loads electroencephalographic and behavioural data\EEG\Part07\Part07_restEO.gdf,fail,"ValueError: n_channels=24, expected 32",256.0,,,,False,9,M,C:\Users\Орина\Desktop\neuro-atypicality\data\raw\mexico_duville\converted\asd\Part07_restEO_data.npy,C:\Users\Орина\Desktop\neuro-atypicality\data\raw\mexico_duville\converted\asd\Part07_restEO_metadata.json
Part08_restEO,asd,8,C:\Users\Орина\Desktop\neuro-atypicality\data\raw\mexico_duville\asd\Task-irrelevant affective prosody perception by children with high autistic traits under attentional loads electroencephalographic and behavioural data\EEG\Part08\Part08_restEO.gdf,fail,"ValueError: n_channels=24, expected 32",256.0,,,,False,7,M,C:\Users\Орина\Desktop\neuro-atypicality\data\raw\mexico_duville\converted\asd\Part08_restEO_data.npy,C:\Users\Орина\Desktop\neuro-atypicality\data\raw\mexico_duville\converted\asd\Part08_restEO_metadata.json
Part09_restEO,asd,9,C:\Users\Орина\Desktop\neuro-atypicality\data\raw\mexico_duville\asd\Task-irrelevant affective prosody perception by children with high autistic traits under attentional loads electroencephalographic and behavioural data\EEG\Part09\Part09_restEO.gdf,fail,"ValueError: n_channels=24, expected 32",256.0,,,,False,9,M,C:\Users\Орина\Desktop\neuro-atypicality\data\raw\mexico_duville\converted\asd\Part09_restEO_data.npy,C:\Users\Орина\Desktop\neuro-atypicality\data\raw\mexico_duville\converted\asd\Part09_restEO_metadata.json
Part10_restEO,asd,10,C:\Users\Орина\Desktop\neuro-atypicality\data\raw\mexico_duville\asd\Task-irrelevant affective prosody perception by children with high autistic traits under attentional loads electroencephalographic and behavioural data\EEG\Part10\Part10_restEO.gdf,fail,"ValueError: n_channels=24, expected 32",256.0,,,,False,9,M,C:\Users\Орина\Desktop\neuro-atypicality\data\raw\mexico_duville\converted\asd\Part10_restEO_data.npy,C:\Users\Орина\Desktop\neuro-atypicality\data\raw\mexico_duville\converted\asd\Part10_restEO_metadata.json
Part11_restEO,asd,11,C:\Users\Орина\Desktop\neuro-atypicality\data\raw\mexico_duville\asd\Task-irrelevant affective prosody perception by children with high autistic traits under attentional loads electroencephalographic and behavioural data\EEG\Part11\Part11_restEO.gdf,fail,"ValueError: n_channels=24, expected 32",256.0,,,,False,9,M,C:\Users\Орина\Desktop\neuro-atypicality\data\raw\mexico_duville\converted\asd\Part11_restEO_data.npy,C:\Users\Орина\Desktop\neuro-atypicality\data\raw\mexico_duville\converted\asd\Part11_restEO_metadata.json
Part12_restEO,asd,12,C:\Users\Орина\Desktop\neuro-atypicality\data\raw\mexico_duville\asd\Task-irrelevant affective prosody perception by children with high autistic traits under attentional loads electroencephalographic and behavioural data\EEG\Part12\Part12_restEO.gdf,fail,"ValueError: n_channels=24, expected 32",256.0,,,,False,9,M,C:\Users\Орина\Desktop\neuro-atypicality\data\raw\mexico_duville\converted\asd\Part12_restEO_data.npy,C:\Users\Орина\Desktop\neuro-atypicality\data\raw\mexico_duville\converted\asd\Part12_restEO_metadata.json
Part13_restEO,asd,13,C:\Users\Орина\Desktop\neuro-atypicality\data\raw\mexico_duville\asd\Task-irrelevant affective prosody perception by children with high autistic traits under attentional loads electroencephalographic and behavioural data\EEG\Part13\Part13_restEO.gdf,fail,"ValueError: n_channels=24, expected 32",256.0,,,,False,10,M,C:\Users\Орина\Desktop\neuro-atypicality\data\raw\mexico_duville\converted\asd\Part13_restEO_data.npy,C:\Users\Орина\Desktop\neuro-atypicality\data\raw\mexico_duville\converted\asd\Part13_restEO_metadata.json
Part14_restEO,asd,14,C:\Users\Орина\Desktop\neuro-atypicality\data\raw\mexico_duville\asd\Task-irrelevant affective prosody perception by children with high autistic traits under attentional loads electroencephalographic and behavioural data\EEG\Part14\Part14_restEO.gdf,fail,"ValueError: n_channels=24, expected 32",256.0,,,,False,12,M,C:\Users\Орина\Desktop\neuro-atypicality\data\raw\mexico_duville\converted\asd\Part14_restEO_data.npy,C:\Users\Орина\Desktop\neuro-atypicality\data\raw\mexico_duville\converted\asd\Part14_restEO_metadata.json
Part15_restEO,asd,15,C:\Users\Орина\Desktop\neuro-atypicality\data\raw\mexico_duville\asd\Task-irrelevant affective prosody perception by children with high autistic traits under attentional loads electroencephalographic and behavioural data\EEG\Part15\Part15_restEO.gdf,fail,"ValueError: n_channels=24, expected 32",256.0,,,,False,12,M,C:\Users\Орина\Desktop\neuro-atypicality\data\raw\mexico_duville\converted\asd\Part15_restEO_data.npy,C:\Users\Орина\Desktop\neuro-atypicality\data\raw\mexico_duville\converted\asd\Part15_restEO_metadata.json
Part16_restEO,asd,16,C:\Users\Орина\Desktop\neuro-atypicality\data\raw\mexico_duville\asd\Task-irrelevant affective prosody perception by children with high autistic traits under attentional loads electroencephalographic and behavioural data\EEG\Part16\Part16_restEO.gdf,fail,"ValueError: n_channels=24, expected 32",256.0,,,,False,9,M,C:\Users\Орина\Desktop\neuro-atypicality\data\raw\mexico_duville\converted\asd\Part16_restEO_data.npy,C:\Users\Орина\Desktop\neuro-atypicality\data\raw\mexico_duville\converted\asd\Part16_restEO_metadata.json
Part17_restEO,asd,17,C:\Users\Орина\Desktop\neuro-atypicality\data\raw\mexico_duville\asd\Task-irrelevant affective prosody perception by children with high autistic traits under attentional loads electroencephalographic and behavioural data\EEG\Part17\Part17_restEO.gdf,fail,"ValueError: n_channels=24, expected 32",256.0,,,,False,11,M,C:\Users\Орина\Desktop\neuro-atypicality\data\raw\mexico_duville\converted\asd\Part17_restEO_data.npy,C:\Users\Орина\Desktop\neuro-atypicality\data\raw\mexico_duville\converted\asd\Part17_restEO_metadata.json
Part18_restEO,asd,18,C:\Users\Орина\Desktop\neuro-atypicality\data\raw\mexico_duville\asd\Task-irrelevant affective prosody perception by children with high autistic traits under attentional loads electroencephalographic and behavioural data\EEG\Part18\Part18_restEO.gdf,fail,"ValueError: n_channels=24, expected 32",256.0,,,,False,12,M,C:\Users\Орина\Desktop\neuro-atypicality\data\raw\mexico_duville\converted\asd\Part18_restEO_data.npy,C:\Users\Орина\Desktop\neuro-atypicality\data\raw\mexico_duville\converted\asd\Part18_restEO_metadata.json
Part19_restEO,asd,19,C:\Users\Орина\Desktop\neuro-atypicality\data\raw\mexico_duville\asd\Task-irrelevant affective prosody perception by children with high autistic traits under attentional loads electroencephalographic and behavioural data\EEG\Part19\Part19_restEO.gdf,fail,"ValueError: n_channels=24, expected 32",256.0,,,,False,12,M,C:\Users\Орина\Desktop\neuro-atypicality\data\raw\mexico_duville\converted\asd\Part19_restEO_data.npy,C:\Users\Орина\Desktop\neuro-atypicality\data\raw\mexico_duville\converted\asd\Part19_restEO_metadata.json
Part20_restEO,asd,20,C:\Users\Орина\Desktop\neuro-atypicality\data\raw\mexico_duville\asd\Task-irrelevant affective prosody perception by children with high autistic traits under attentional loads electroencephalographic and behavioural data\EEG\Part20\Part20_restEO.gdf,fail,"ValueError: n_channels=24, expected 32",256.0,,,,False,8,M,C:\Users\Орина\Desktop\neuro-atypicality\data\raw\mexico_duville\converted\asd\Part20_restEO_data.npy,C:\Users\Орина\Desktop\neuro-atypicality\data\raw\mexico_duville\converted\asd\Part20_restEO_metadata.json
Part21_restEO,asd,21,C:\Users\Орина\Desktop\neuro-atypicality\data\raw\mexico_duville\asd\Task-irrelevant affective prosody perception by children with high autistic traits under attentional loads electroencephalographic and behavioural data\EEG\Part21\Part21_restEO.gdf,fail,"ValueError: n_channels=24, expected 32",256.0,,,,False,11,M,C:\Users\Орина\Desktop\neuro-atypicality\data\raw\mexico_duville\converted\asd\Part21_restEO_data.npy,C:\Users\Орина\Desktop\neuro-atypicality\data\raw\mexico_duville\converted\asd\Part21_restEO_metadata.json
Part22_restEO,asd,22,C:\Users\Орина\Desktop\neuro-atypicality\data\raw\mexico_duville\asd\Task-irrelevant affective prosody perception by children with high autistic traits under attentional loads electroencephalographic and behavioural data\EEG\Part22\Part22_restEO.gdf,fail,"ValueError: n_channels=24, expected 32",256.0,,,,False,9,M,C:\Users\Орина\Desktop\neuro-atypicality\data\raw\mexico_duville\converted\asd\Part22_restEO_data.npy,C:\Users\Орина\Desktop\neuro-atypicality\data\raw\mexico_duville\converted\asd\Part22_restEO_metadata.json
Part23_restEO,asd,23,C:\Users\Орина\Desktop\neuro-atypicality\data\raw\mexico_duville\asd\Task-irrelevant affective prosody perception by children with high autistic traits under attentional loads electroencephalographic and behavioural data\EEG\Part23\Part23_restEO.gdf,fail,"ValueError: n_channels=24, expected 32",256.0,,,,False,9,M,C:\Users\Орина\Desktop\neuro-atypicality\data\raw\mexico_duville\converted\asd\Part23_restEO_data.npy,C:\Users\Орина\Desktop\neuro-atypicality\data\raw\mexico_duville\converted\asd\Part23_restEO_metadata.json
Part24_restEO,asd,24,C:\Users\Орина\Desktop\neuro-atypicality\data\raw\mexico_duville\asd\Task-irrelevant affective prosody perception by children with high autistic traits under attentional loads electroencephalographic and behavioural data\EEG\Part24\Part24_restEO.gdf,fail,"ValueError: n_channels=24, expected 32",256.0,,,,False,11,M,C:\Users\Орина\Desktop\neuro-atypicality\data\raw\mexico_duville\converted\asd\Part24_restEO_data.npy,C:\Users\Орина\Desktop\neuro-atypicality\data\raw\mexico_duville\converted\asd\Part24_restEO_metadata.json
Part25_restEO,asd,25,C:\Users\Орина\Desktop\neuro-atypicality\data\raw\mexico_duville\asd\Task-irrelevant affective prosody perception by children with high autistic traits under attentional loads electroencephalographic and behavioural data\EEG\Part25\Part25_restEO.gdf,fail,"ValueError: n_channels=24, expected 32",256.0,,,,False,9,M,C:\Users\Орина\Desktop\neuro-atypicality\data\raw\mexico_duville\converted\asd\Part25_restEO_data.npy,C:\Users\Орина\Desktop\neuro-atypicality\data\raw\mexico_duville\converted\asd\Part25_restEO_metadata.json
Part26_restEO,asd,26,C:\Users\Орина\Desktop\neuro-atypicality\data\raw\mexico_duville\asd\Task-irrelevant affective prosody perception by children with high autistic traits under attentional loads electroencephalographic and behavioural data\EEG\Part26\Part26_restEO.gdf,fail,"ValueError: n_channels=24, expected 32",256.0,,,,False,9,M,C:\Users\Орина\Desktop\neuro-atypicality\data\raw\mexico_duville\converted\asd\Part26_restEO_data.npy,C:\Users\Орина\Desktop\neuro-atypicality\data\raw\mexico_duville\converted\asd\Part26_restEO_metadata.json
Part27_restEO,asd,27,C:\Users\Орина\Desktop\neuro-atypicality\data\raw\mexico_duville\asd\Task-irrelevant affective prosody perception by children with high autistic traits under attentional loads electroencephalographic and behavioural data\EEG\Part27\Part27_restEO.gdf,fail,"ValueError: n_channels=24, expected 32",256.0,,,,False,9,M,C:\Users\Орина\Desktop\neuro-atypicality\data\raw\mexico_duville\converted\asd\Part27_restEO_data.npy,C:\Users\Орина\Desktop\neuro-atypicality\data\raw\mexico_duville\converted\asd\Part27_restEO_metadata.json
Part28_restEO,asd,28,C:\Users\Орина\Desktop\neuro-atypicality\data\raw\mexico_duville\asd\Task-irrelevant affective prosody perception by children with high autistic traits under attentional loads electroencephalographic and behavioural data\EEG\Part28\Part28_restEO.gdf,fail,"ValueError: n_channels=24, expected 32",256.0,,,,False,8,M,C:\Users\Орина\Desktop\neuro-atypicality\data\raw\mexico_duville\converted\asd\Part28_restEO_data.npy,C:\Users\Орина\Desktop\neuro-atypicality\data\raw\mexico_duville\converted\asd\Part28_restEO_metadata.json
Part29_restEO,asd,29,C:\Users\Орина\Desktop\neuro-atypicality\data\raw\mexico_duville\asd\Task-irrelevant affective prosody perception by children with high autistic traits under attentional loads electroencephalographic and behavioural data\EEG\Part29\Part29_restEO.gdf,fail,"ValueError: n_channels=24, expected 32",256.0,,,,False,8,M,C:\Users\Орина\Desktop\neuro-atypicality\data\raw\mexico_duville\converted\asd\Part29_restEO_data.npy,C:\Users\Орина\Desktop\neuro-atypicality\data\raw\mexico_duville\converted\asd\Part29_restEO_metadata.json
Part30_restEO,asd,30,C:\Users\Орина\Desktop\neuro-atypicality\data\raw\mexico_duville\asd\Task-irrelevant affective prosody perception by children with high autistic traits under attentional loads electroencephalographic and behavioural data\EEG\Part30\Part30_restEO.gdf,fail,"ValueError: n_channels=24, expected 32",256.0,,,,False,9,M,C:\Users\Орина\Desktop\neuro-atypicality\data\raw\mexico_duville\converted\asd\Part30_restEO_data.npy,C:\Users\Орина\Desktop\neuro-atypicality\data\raw\mexico_duville\converted\asd\Part30_restEO_metadata.json
Part31_restEO,asd,31,C:\Users\Орина\Desktop\neuro-atypicality\data\raw\mexico_duville\asd\Task-irrelevant affective prosody perception by children with high autistic traits under attentional loads electroencephalographic and behavioural data\EEG\Part31\Part31_restEO.gdf,fail,"ValueError: n_channels=24, expected 32",256.0,,,,False,7,M,C:\Users\Орина\Desktop\neuro-atypicality\data\raw\mexico_duville\converted\asd\Part31_restEO_data.npy,C:\Users\Орина\Desktop\neuro-atypicality\data\raw\mexico_duville\converted\asd\Part31_restEO_metadata.json
