stem,group,participant,status,error,sfreq,n_channels,n_times,pmax_min,pmax_median,pmax_max,pmin_min,pmin_median,pmin_max,scaling_min,scaling_median,scaling_max,data_min,data_p01,data_p50,data_p99,data_max,mean_abs,frac_at_pmax,frac_at_pmin,n_ch_high_sat
Part01_restEO,td,1,ok,,256.0,32,30976,539.297,1038.76,3960.33,-3960.33,-1038.76,-539.297,0.000999996,0.000999999,0.001,-3960.330039063427,-1358.4901142265664,-9.540119655657488,1436.616821910259,3552.8285853088514,322.866087531179,0.0,0.0,0
Part02_restEO,td,2,ok,,256.0,32,31488,331.098,1204.54,2078.16,-2078.16,-1204.54,-331.098,0.000999997,0.000999998,0.001,-2078.1563593774704,-1004.8355025074293,-10.510244049766197,1207.9885816981757,1767.313499356592,265.0219306091659,0.0,0.0,0
Part03_restEO,td,3,ok,,256.0,32,30720,147.824,597.296,2276.14,-2276.14,-597.296,-147.824,0.000999982,0.000999999,0.001,-1944.838364622534,-553.0272550998816,-3.1160487085551347,623.3085273668588,2276.143109375283,128.4118554283553,0.0,0.0,0
Part04_restEO,td,4,ok,,256.0,32,30464,95.8842,217.71550000000002,109125.0,-109125.0,-217.71550000000002,-95.8842,0.000999979,0.0009999905,0.001,-106525.062072923,-155.17260984760398,-0.42255077026089305,151.50733940379246,109124.85112500003,93.74102419253505,0.0,0.0,0
Part05_restEO,td,5,ok,,256.0,32,30720,386.892,649.0635,5135.75,-5135.75,-649.0635,-386.892,0.000999993,0.000999999,0.001,-5135.745117188186,-2059.6315283257463,0.48161321587576533,2028.1168483317003,4810.040031250406,311.79271461962406,0.0,0.0,0
Part06_restEO,td,6,ok,,256.0,32,31744,116.043,317.9055,486828.0,-486828.0,-317.9055,-116.043,0.000999981,0.000999997,0.001,-273301.5623596521,-273.07894937005995,-0.2464443612705255,275.73953389983706,486828.4684999999,85.80661134868492,0.0,0.0,0
Part07_restEO,td,7,ok,,256.0,32,30976,197.296,1001.0275,10113.0,-10113.0,-1001.0275,-197.296,0.000999993,0.000999999,0.001,-9921.897292311209,-547.7091547712146,-0.32671716243894766,526.7710089196206,10113.048656250021,86.60493049723793,0.0,0.0,0
Part08_restEO,td,8,ok,,256.0,32,30976,1602.42,15970.75,660951.0,-660951.0,-15970.75,-1602.42,0.001,0.001,0.001,-660950.748,-718.6279130985288,-8.371141600662579,803.7053076394338,629008.1855966564,856.7918125666731,0.0,0.0,0
Part09_restEO,td,9,ok,,256.0,32,30720,451.984,706.529,1443.28,-1443.28,-706.529,-451.984,0.000999995,0.000999999,0.001,-1098.1128326872124,-573.4928442992209,-13.42608957686625,717.8696862076976,1443.2805000009093,172.38928908945556,0.0,0.0,0
Part10_restEO,td,10,ok,,256.0,32,32512,81.4904,103.146,221.827,-221.827,-103.146,-81.4904,0.000999967,0.0009999765,0.001,-157.64130165118195,-56.269215777583476,0.16784606188210804,49.72887021542323,221.8258859865998,14.149931816765509,0.0,0.0,0
Part11_restEO,td,11,ok,,256.0,32,30720,7308.42,34491.05,616623.0,-616623.0,-34491.05,-7308.42,0.001,0.001,0.001,-466366.59375,-26566.780654500853,-2.486888521218357,22679.841044732682,616622.625,2789.0837855427917,0.0,0.0,0
Part12_restEO,td,12,ok,,256.0,32,30464,52.6237,87.9675,853.09,-853.09,-87.9675,-52.6237,0.000999948,0.000999991,0.001,-816.9978612285189,-127.43844755682686,-0.09157213620110394,136.84489448675893,853.0886123049588,20.346573120113444,0.0,0.0,0
Part13_restEO,td,13,ok,,256.0,32,30464,1005.12,3314.455,8439.17,-8439.17,-3314.455,-1005.12,0.000999999,0.001,0.001,-8439.168796875274,-618.4578026851008,0.7380831714230802,538.4737329691764,3376.041496093844,101.23650388131595,0.0,0.0,0
Part14_restEO,td,14,ok,,256.0,32,32256,109.505,206.8425,943.118,-943.118,-206.8425,-109.505,0.000999979,0.0009999955,0.001,-611.02208004206,-106.18064286330781,0.3359070446363541,106.74090142354595,943.1163984379148,27.089459335973537,0.0,0.0,0
Part15_restEO,td,15,ok,,256.0,32,31488,8133.55,29823.800000000003,510787.0,-510787.0,-29823.800000000003,-8133.55,0.001,0.001,0.001,-210203.093441354,-25181.27641536078,-1.476249188527138,26922.88297678001,510786.9055000001,2718.0499297540287,0.0,0.0,0
Part16_restEO,td,16,ok,,256.0,32,30720,331.734,1562.345,3744.0,-3744.0,-1562.345,-331.734,0.000999994,0.000999999,0.001,-3319.1835937431692,-1429.2867580321617,-2.5376058666407215,1426.4564899735665,3744.0023476566535,252.22117271078645,0.0,0.0,0
Part17_restEO,td,17,ok,,256.0,32,30720,114.845,193.7765,16065.1,-16065.1,-193.7765,-114.845,0.000999977,0.0009999915,0.001,-8976.113167757163,-373.9580069537293,0.9011855389795576,359.4576167052845,16065.091593750012,49.96459893914237,0.0,0.0,0
Part18_restEO,td,18,ok,,256.0,32,30720,3454.1,11754.55,53420.0,-53420.0,-11754.55,-3454.1,0.001,0.001,0.001,-53420.01325000007,-1397.9826169278865,0.31434309882877365,1032.7070487472417,34459.63433349794,144.47540324885816,0.0,0.0,0
Part19_restEO,td,19,ok,,256.0,32,30720,329.927,2283.35,32557.7,-32557.7,-2283.35,-329.927,0.000999991,0.000999999,0.001,-12021.876785809278,-1659.3999938982029,0.8263187830811822,1791.3061074815412,32557.685093750013,183.76059550514665,0.0,0.0,0
Part20_restEO,td,20,ok,,256.0,32,32768,91.8402,262.5025,5005.44,-5005.44,-262.5025,-91.8402,0.00099997,0.000999997,0.000999999,-5005.439765625845,-193.38829334390897,-0.22645140144118517,195.98329958303128,4100.676566822999,50.345898817821585,0.0,0.0,0
Part21_restEO,td,21,ok,,256.0,32,35584,108.381,212.084,1455.37,-1455.37,-212.084,-108.381,0.000999974,0.000999996,0.001,-1119.553244044064,-151.83715662677537,0.15255826108486412,155.06996891082176,1455.3644687509288,39.3358645572299,0.0,0.0,0
Part22_restEO,td,22,ok,,256.0,32,31488,8442.92,34276.55,632197.0,-632197.0,-34276.55,-8442.92,0.001,0.001,0.001,-417339.09375,-57276.055462028955,-1.9568910987004828,55450.13261718718,632196.875,5068.646962004007,0.0,0.0,0
Part23_restEO,td,23,ok,,256.0,32,30976,67.5423,175.963,743.367,-743.367,-175.963,-67.5423,0.000999965,0.000999997,0.001,-725.5257830982637,-194.66248889125924,0.12740912673236798,199.2630883529033,743.3651777367174,56.904127713118044,0.0,0.0,0
Part24_restEO,td,24,ok,,256.0,32,32000,150.448,689.1379999999999,3402.25,-3402.25,-689.1379999999999,-150.448,0.000999996,0.000999999,0.001,-3402.2513242196687,-226.44925235192107,-0.11371840930486074,221.40730320677818,1569.5355332033084,55.187656359862615,0.0,0.0,0
Part25_restEO,td,25,ok,,256.0,32,33280,1661.84,11798.6,149432.0,-149432.0,-11798.6,-1661.84,0.000999998,0.001,0.001,-67494.90350000007,-802.2582233661441,-0.7776774029369853,905.7539011182188,149432.06199999995,120.1738277402399,9.390024038461539e-07,0.0,0
Part26_restEO,td,26,ok,,256.0,32,41728,8977.38,33456.45,620582.0,-620582.0,-33456.45,-8977.38,0.001,0.001,0.001,-594221.5625,-69290.56328125,-5.101579594304047,74300.14989725754,620582.375,8050.1926488751615,7.488976226993865e-07,0.0,0
Part27_restEO,td,27,ok,,256.0,32,30976,139.05,357.17,126276.0,-126276.0,-357.17,-139.05,0.000999982,0.000999995,0.001,-83438.91364952068,-4757.984888559819,0.574085467955135,4803.521608926054,126275.85875000001,404.59143150841646,0.0,0.0,0
Part28_restEO,td,28,ok,,256.0,32,32256,137.274,329.8385,172129.0,-172129.0,-329.8385,-137.274,0.00099998,0.000999999,0.001,-172129.18500000003,-10856.244549355426,0.5478222403479293,10192.811805084848,128118.48251421038,698.597722015742,0.0,0.0,0
Part29_restEO,td,29,ok,,256.0,32,35840,192.671,682.5495000000001,366076.0,-366076.0,-682.5495000000001,-192.671,0.000999987,0.000999996,0.001,-366075.998,-22168.829566384004,-0.2226504222418615,23418.350067369935,350021.4355877117,1504.6842064847272,0.0,0.0,0
Part30_restEO,td,30,ok,,256.0,32,32000,96.5,171.86700000000002,488.254,-488.254,-171.86700000000002,-96.5,0.000999969,0.000999985,0.001,-393.1937401402023,-72.3966401033567,-0.02626605009139816,68.23156592640628,488.25265283434,20.23440426579734,0.0,0.0,0
Part31_restEO,td,31,ok,,256.0,32,32000,286.002,1029.145,2504.67,-2504.67,-1029.145,-286.002,0.000999997,0.000999999,0.001,-2504.6707031259853,-283.4904273287938,-0.8917414997343616,280.7552897584632,2035.6349526080521,52.49699973749323,0.0,0.0,0
Part01_restEO,asd,1,ok,,500.0,24,68352,651.621,7223.09,17007.7,-17007.7,-7223.09,-651.621,0.000999997,0.001,0.001,-17007.70887500013,-16892.037014027486,6197.198891192689,16508.49481540822,16627.372093750113,7086.521617747953,0.0,0.0,0
Part02_restEO,asd,2,ok,,500.0,24,61696,1228.7,3489.98,14572.7,-14572.7,-3489.98,-1228.7,0.000999998,0.001,0.001,-7239.8834609381765,-6502.924255697049,255.67016005674876,14471.50143332208,14572.687953125054,3692.4429724679785,0.0,0.0,0
Part03_restEO,asd,3,ok,,500.0,24,64512,1124.7,5667.6849999999995,11614.1,-11614.1,-5667.6849999999995,-1124.7,0.000999999,0.001,0.001,-11614.098171875294,-10641.014389761782,-4060.907624798791,6020.042325207565,6556.212757812654,4272.280932765653,0.0,0.0,0
Part04_restEO,asd,4,ok,,500.0,24,64768,3043.1,6600.155000000001,15701.3,-15701.3,-6600.155000000001,-3043.1,0.000999999,0.001,0.001,-15701.31476562527,-15280.565812320674,-5986.822517670819,4469.767427760331,4644.714687500039,6585.216379745889,0.0,0.0,0
Part05_restEO,asd,5,ok,,500.0,24,62464,719.749,3364.1800000000003,9540.8,-9540.8,-3364.1800000000003,-719.749,0.000999998,0.001,0.001,-8185.7871015629335,-7858.915617332862,-599.5954589665088,9463.862180695483,9540.796750000016,3294.2054232737714,0.0,0.0,0
Part06_restEO,asd,6,ok,,500.0,24,64512,1593.61,8799.175,16951.5,-16951.5,-8799.175,-1593.61,0.000999999,0.001,0.001,-16951.470312500183,-16862.4879029281,-8166.966872286668,7547.74541208432,8205.212781250015,8664.565770099673,0.0,0.0,0
Part07_restEO,asd,7,ok,,500.0,24,62976,1421.75,6027.25,19542.7,-19542.7,-6027.25,-1421.75,0.001,0.001,0.001,-330.7610516007113,104.62849155485775,5167.409793401104,17812.61322305646,19542.73184375004,6029.223313735521,0.0,0.0,0
Part08_restEO,asd,8,ok,,500.0,24,65024,617.2,10115.965,22896.3,-22896.3,-10115.965,-617.2,0.000999999,0.001,0.001,-8524.102937500455,-8074.699262358032,9037.703373631422,22522.42715387441,22896.253812500006,10076.07352360347,0.0,0.0,0
Part09_restEO,asd,9,ok,,500.0,24,62464,355.126,3285.21,22709.5,-22709.5,-3285.21,-355.126,0.000999994,0.000999999,0.001,-10102.650640625447,-9100.93508601393,-1539.295672082112,21969.574158286287,22709.460875000004,3865.836851528522,0.0,0.0,0
Part10_restEO,asd,10,ok,,500.0,24,71936,963.272,7564.225,12492.7,-12492.7,-7564.225,-963.272,0.001,0.001,0.001,180.80320661617677,299.13331530578967,6114.810713605275,11375.525042126072,12492.746140625144,5985.8335007630785,0.0,0.0,0
Part11_restEO,asd,11,ok,,500.0,24,63232,335.365,5271.66,9842.77,-9842.77,-5271.66,-335.365,0.000999993,0.001,0.001,-9842.767062500368,-9749.067867251875,-4159.902984769756,8056.909592265686,8314.669843750009,4889.0685699224,0.0,0.0,0
Part12_restEO,asd,12,ok,,500.0,24,63744,903.883,4913.585,187500.0,-187500.0,-4913.585,-903.883,0.000999998,0.001,0.001,-35230.993187500164,-34324.60400445687,1947.9090699317119,187500.00000000003,187500.00000000003,12650.25032573916,0.041666666666666664,0.0,1
Part13_restEO,asd,13,ok,,500.0,24,62976,630.901,3054.51,9492.34,-9492.34,-3054.51,-630.901,0.000999998,0.001,0.001,-4787.0256406259405,-4480.985772878779,1500.5169370648182,9338.357291216955,9492.338734375016,3849.0252480172435,0.0,0.0,0
Part14_restEO,asd,14,ok,,500.0,24,62464,1219.49,2987.2200000000003,21525.6,-21525.6,-2987.2200000000003,-1219.49,0.000999998,0.001,0.001,-2911.289472657924,-2664.0123636466487,1501.0644450148793,21196.946306327445,21525.57725000008,3707.8872894489714,0.0,0.0,0
Part15_restEO,asd,15,ok,,500.0,24,61184,1569.83,2945.145,12329.1,-12329.1,-2945.145,-1569.83,0.000999998,0.001,0.001,-6532.8758359381245,-4985.346760078017,777.4936354358849,11779.611686091444,12329.132625000018,2428.881942186744,0.0,0.0,0
Part16_restEO,asd,16,ok,,500.0,24,62208,583.625,2914.87,19377.2,-19377.2,-2914.87,-583.625,0.000999996,0.000999999,0.001,-19377.216500000144,-18976.386605136555,-256.08278418462675,5577.655542168762,5921.177445312734,2930.4914008996407,0.0,0.0,0
Part17_restEO,asd,17,ok,,500.0,24,61440,372.537,1675.99,6714.78,-6714.78,-1675.99,-372.537,0.000999996,0.000999999,0.001,-3215.4073125016307,-3070.2104194312906,491.91655544830974,6560.223423248559,6714.776710937526,2044.3639416315493,0.0,0.0,0
Part18_restEO,asd,18,ok,,500.0,24,61184,743.664,8905.615,14837.4,-14837.4,-8905.615,-743.664,0.000999997,0.001,0.001,-11463.670703125215,-11091.715694709303,4892.1483469671075,14147.78164551032,14837.399781250067,6795.772748314311,0.0,0.0,0
Part19_restEO,asd,19,ok,,500.0,24,61696,7431.44,13630.1,20291.3,-20291.3,-13630.1,-7431.44,0.001,0.001,0.001,-20291.335781250116,-9441.241206040855,-203.98197414455916,12484.253670526748,15309.178421875022,3476.732236624534,0.0,0.0,0
Part20_restEO,asd,20,ok,,500.0,24,63744,612.079,2792.6800000000003,6804.86,-6804.86,-2792.6800000000003,-612.079,0.000999995,0.001,0.001,-5262.693601563001,-3998.1318619421904,942.0359261258409,5364.418843663341,6804.853007812794,2021.3609928122573,0.0,0.0,0
Part21_restEO,asd,21,ok,,500.0,24,62720,1053.79,3093.3100000000004,10730.5,-10730.5,-3093.3100000000004,-1053.79,0.000999997,0.001,0.001,-9022.636343750342,-8477.661600754964,-809.4891879782066,8092.0916751398145,10730.535265625149,3412.964518056307,0.0,0.0,0
Part22_restEO,asd,22,ok,,500.0,24,70912,831.061,3097.67,10025.4,-10025.4,-3097.67,-831.061,0.000999999,0.001,0.001,-5659.414984375358,-5478.030283100897,1345.1722570965073,9848.110614411493,10025.404546875125,2929.2042047315285,0.0,0.0,0
Part23_restEO,asd,23,ok,,500.0,24,61696,315.786,2025.015,10660.5,-10660.5,-2025.015,-315.786,0.000999994,0.000999999,0.001,-5534.758460938386,-5400.893781829003,1007.2584109103041,10573.648251527726,10660.507625000018,2323.4071971944554,0.0,0.0,0
Part24_restEO,asd,24,ok,,500.0,24,63744,1403.46,8728.325,16603.3,-16603.3,-8728.325,-1403.46,0.000999999,0.001,0.001,-3266.0347304694915,-3184.5401548302066,8576.341149456237,16324.114384537692,16603.300562500015,8622.90882292415,0.0,0.0,0
Part25_restEO,asd,25,ok,,500.0,24,63232,683.294,4825.34,15216.2,-15216.2,-4825.34,-683.294,0.000999997,0.001,0.001,-7605.155406250661,-6981.020557657688,635.6499603136347,10978.222606685546,15216.19462500008,3760.6815960532645,0.0,0.0,0
Part26_restEO,asd,26,ok,,500.0,24,52736,6022.05,9148.86,19239.4,-19239.4,-9148.86,-6022.05,0.001,0.001,0.001,-19239.43881250021,-10563.633493292318,572.8974222839913,8593.605193964178,10420.293890625006,3413.7151851844656,0.0,0.0,0
Part27_restEO,asd,27,ok,,500.0,24,60416,450.791,3560.665,19130.2,-19130.2,-3560.665,-450.791,0.000999998,0.001,0.001,-9223.712687500269,-7813.545158684402,-1122.6486854928532,7721.655559864596,19130.23184375005,2681.7124826614445,0.0,0.0,0
Part28_restEO,asd,28,ok,,500.0,24,61952,740.827,1749.0,10318.3,-10318.3,-1749.0,-740.827,0.000999996,0.001,0.001,-10318.322390625492,-9816.6594410481,645.5626556998842,3377.225707976774,3669.9098007815114,2062.5442152048354,0.0,0.0,0
Part29_restEO,asd,29,ok,,500.0,24,64512,1010.77,3067.735,17315.3,-17315.3,-3067.735,-1010.77,0.000999998,0.001,0.001,-4980.837664063393,-4097.500173352769,1176.550361974839,7294.606141682492,17315.31390625005,2135.2799326557256,0.0,0.0,0
Part30_restEO,asd,30,ok,,500.0,24,63232,344.866,3665.125,11912.9,-11912.9,-3665.125,-344.866,0.000999996,0.001,0.001,-11912.918796875194,-10730.09438639705,-2052.9278494145683,4023.0678555902064,5312.830132812617,3526.3275813501014,0.0,0.0,0
Part31_restEO,asd,31,ok,,500.0,24,60928,291.376,3345.375,11594.4,-11594.4,-3345.375,-291.376,0.000999991,0.000999999,0.001,-11594.428328125268,-10966.826940896664,-2195.4081468390523,6658.069604747743,7018.759507812686,3310.2726619824107,0.0,0.0,0
