participant_id,age,group,qc_flag,D_SE,D_C,D_G,D_D,NAI
sub-10003,12.9,TD,ok,1.8508672400049895,2.421416633576034,2.3685377465376187,3.8987607046525645,2.6348955811928017
sub-10025,8.3,TD,ok,1.34192373860412,0.57524836800839,0.7559582012086793,2.9612680521229215,1.4085995899860277
sub-10036,11.0,TD,ok,0.8867625472157179,1.8560314137537735,1.8976448532978427,3.3056699361831767,1.9865271876126278
sub-10124,12.0,TD,ok,1.742546802394203,3.032598733935292,3.1113400940476557,4.550421113797915,3.1092266860437663
sub-10129,12.7,TD,ok,2.803725520182284,1.9956099221616304,2.0104375795537948,3.0289232251579414,2.459674061763913
sub-10170,8.3,TD,ok,0.9177052971464971,1.7222672704461535,1.862700640363939,3.618426244799157,2.0302748631889367
sub-10177,8.1,TD,ok,0.6089475269946137,1.2932593707427393,1.3093454954096884,2.5345335666607145,1.436521489951939
sub-10182,10.6,TD,ok,0.8219314256024925,2.6397875428891804,2.589002282458916,3.683035762490165,2.4334392533601887
sub-10212,9.5,TD,ok,1.2388932374428225,3.1368823378406163,2.6402500847214196,5.257070078443447,3.068273934612076
sub-10213,8.2,TD,ok,1.30295972283326,1.2199879500077269,1.379012254606397,3.7093710275064757,1.9028327387384647
sub-10214,12.6,TD,ok,1.989981872251121,2.219549993556546,2.3402785863908218,2.822298465745471,2.34302722948599
sub-10258,12.7,TD,ok,2.430666087289932,3.037869212746332,3.115062916144423,3.781187918967305,3.0911965337869978
sub-10260,8.3,TD,ok,0.7320622236832144,1.2457817288792754,1.300308372353849,2.6294553260233893,1.4769019127349319
sub-10310,11.8,TD,ok,1.804830862606598,2.3446341176433068,2.5834506412213947,3.6263093504971957,2.5898062429921236
sub-10314,9.0,TD,ok,2.200596436837027,1.241799363526685,1.1823797432096175,2.266554936945024,1.7228326201295885
sub-10354,12.5,TD,ok,0.9685716477605146,1.823644555197002,1.8943336653148188,3.3261960268645843,2.00318647378423
sub-10400,12.6,TD,ok,1.0112051674311762,1.4069720737370064,1.4351493350114735,2.974818065570592,1.707036160437562
sub-10434,8.7,TD,ok,0.832906949600267,1.1478552942109288,1.3990185500277528,2.8257964481663156,1.551394310501316
sub-10520,11.0,TD,ok,2.6277310088809287,2.508667720066899,2.7062466138843053,3.2791525211475165,2.7804494659949124
sub-10593,9.4,TD,ok,1.4446210205987877,1.5918907969443994,1.6135733445985652,3.0777980561767015,1.9319708045796133
sub-10741,11.7,TD,ok,0.8811582774661197,2.0912739367599342,2.06040722414491,3.8465039225529662,2.2198358402309823
sub-10747,9.2,TD,ok,1.075593617698223,2.300929907819994,2.5622090107091555,3.162444355837955,2.2752942230163318
sub-10752,11.9,TD,ok,1.5008479656114686,1.4554622332886131,1.623930227566076,3.4516652277879682,2.007976413563531
sub-10764,12.9,TD,ok,0.44036478974217674,1.293644208699695,1.500056514775099,3.1237486711653224,1.5894535460955734
sub-10769,12.0,TD,ok,2.343729258438006,2.904392210285807,3.763908630032364,4.26774374114262,3.3199434599746995
sub-10787,12.9,TD,ok,1.1057032811322411,1.7242818753664961,1.8080585764755783,3.145232820633041,1.945819138401839
sub-10788,8.6,TD,ok,1.1084692743600562,0.6866504691962548,0.8275058909301334,2.8786268866711935,1.3753131302894093
sub-10790,11.1,TD,ok,0.9670173870244011,1.314815096274495,2.504630886797323,4.280174978179432,2.266659587068913
sub-10809,11.6,TD,ok,2.736139942116856,1.8183888152122114,2.048998877585394,3.6849503604399243,2.5721194988385965
sub-10825,8.5,TD,ok,1.229491647401695,1.8573418488697968,2.384490802672399,3.5521657252283347,2.2558725060430564
sub-10842,8.2,TD,ok,0.742088433715642,1.8357638140999166,1.9553787239922753,3.1562757768908707,1.9223766871746761
sub-10846,8.3,TD,ok,1.4997187848967755,2.528994253742405,2.851122737091902,2.9082332867907965,2.44701726563047
sub-10862,12.6,TD,ok,0.9573901081172222,1.1030088464460146,1.1991372729412866,2.301989998076734,1.3903815563953144
sub-10876,11.5,TD,ok,2.15538459683508,2.4898729973230784,2.716731670727642,4.225327518950664,2.896829195959116
sub-10883,10.7,TD,ok,1.6493318875668486,2.5364188245771695,2.421114131173651,3.9485817698928414,2.6388616533026275
sub-10918,12.4,TD,ok,1.2254728127019805,1.9782018751815231,2.261589838023466,3.260746052790554,2.1815026446743806
sub-10959,8.0,TD,ok,0.47040478498513455,1.8676820275563517,1.8862798934746097,2.234807123511192,1.614793457381822
sub-10970,9.0,TD,ok,1.7298969471270824,2.6349940924400617,2.9606889196118167,3.0307205056612734,2.5890751162100587
sub-10990,10.1,TD,ok,1.7446721351421275,1.476990009257575,1.8989644353458706,3.8637132565338166,2.2460849590698473
sub-11025,9.3,ASD,very_low_alpha,3.291024350278535,2.9708252450895216,3.504920940638904,5.990748421138503,3.939379739286366
sub-11038,10.7,ASD,ok,0.8325944599944244,0.9257932093569253,1.1748984564560505,2.774760772437697,1.4270117245612743
